location_id,location_name,district,state,timestamp,rainfall_24h,rainfall_cumulative_3d,rainfall_intensity_trend,soil_moisture_pct,temperature_c,humidity_pct,seismic_activity,slope_angle,elevation,latitude,longitude,risk_score,risk_category
1,Shillong Peak,East Khasi Hills,Meghalaya,2026-06-12 19:57:09,27.88,69.69,0.394,40.73,21.8,76.0,0.03,34.5,1525,25.5788,91.8933,29.85,Moderate
1,Shillong Peak,East Khasi Hills,Meghalaya,2026-06-13 19:57:09,11.94,29.84,0.387,38.68,20.4,68.8,0.26,34.5,1525,25.5788,91.8933,24.43,Low
1,Shillong Peak,East Khasi Hills,Meghalaya,2026-06-14 19:57:09,1.76,41.58,0.041,35.71,22.2,67.6,0.28,34.5,1525,25.5788,91.8933,24.62,Low
1,Shillong Peak,East Khasi Hills,Meghalaya,2026-06-15 19:57:09,127.64,141.34,0.897,67.62,18.3,88.2,0.04,34.5,1525,25.5788,91.8933,58.12,High
1,Shillong Peak,East Khasi Hills,Meghalaya,2026-06-16 19:57:09,93.54,222.94,0.418,91.0,22.5,92.9,0.29,34.5,1525,25.5788,91.8933,59.57,High
1,Shillong Peak,East Khasi Hills,Meghalaya,2026-06-17 19:57:09,155.07,376.25,0.411,98.0,23.2,93.1,0.33,34.5,1525,25.5788,91.8933,72.65,High
1,Shillong Peak,East Khasi Hills,Meghalaya,2026-06-18 19:57:09,6.89,255.5,0.027,95.06,21.6,88.7,0.12,34.5,1525,25.5788,91.8933,57.76,High
1,Shillong Peak,East Khasi Hills,Meghalaya,2026-06-19 19:57:09,25.13,187.09,0.134,93.3,19.0,94.0,0.15,34.5,1525,25.5788,91.8933,53.26,High
1,Shillong Peak,East Khasi Hills,Meghalaya,2026-06-20 19:57:09,27.35,59.37,0.453,89.46,21.3,92.4,0.29,34.5,1525,25.5788,91.8933,43.79,Moderate
1,Shillong Peak,East Khasi Hills,Meghalaya,2026-06-21 19:57:09,34.66,87.14,0.393,98.0,23.3,95.7,0.27,34.5,1525,25.5788,91.8933,52.16,High
1,Shillong Peak,East Khasi Hills,Meghalaya,2026-06-22 19:57:09,6.21,68.22,0.09,95.93,17.6,91.7,0.08,34.5,1525,25.5788,91.8933,43.65,Moderate
1,Shillong Peak,East Khasi Hills,Meghalaya,2026-06-23 19:57:09,7.01,47.88,0.143,93.64,21.3,91.7,0.18,34.5,1525,25.5788,91.8933,41.61,Moderate
1,Shillong Peak,East Khasi Hills,Meghalaya,2026-06-24 19:57:09,26.03,39.25,0.647,90.74,19.0,92.6,0.16,34.5,1525,25.5788,91.8933,46.85,Moderate
1,Shillong Peak,East Khasi Hills,Meghalaya,2026-06-25 19:57:09,74.84,107.88,0.687,98.0,20.4,90.2,0.04,34.5,1525,25.5788,91.8933,53.81,High
1,Shillong Peak,East Khasi Hills,Meghalaya,2026-06-26 19:57:09,6.34,107.21,0.059,95.44,17.8,92.2,0.21,34.5,1525,25.5788,91.8933,42.31,Moderate
1,Shillong Peak,East Khasi Hills,Meghalaya,2026-06-27 19:57:09,6.89,88.07,0.077,93.92,21.7,94.7,0.11,34.5,1525,25.5788,91.8933,43.44,Moderate
1,Shillong Peak,East Khasi Hills,Meghalaya,2026-06-28 19:57:09,0.89,14.12,0.059,91.33,20.1,96.5,0.11,34.5,1525,25.5788,91.8933,36.72,Moderate
1,Shillong Peak,East Khasi Hills,Meghalaya,2026-06-29 19:57:09,150.08,157.86,0.945,98.0,18.4,98.4,0.12,34.5,1525,25.5788,91.8933,72.03,High
1,Shillong Peak,East Khasi Hills,Meghalaya,2026-06-30 19:57:09,169.45,320.42,0.527,98.0,21.0,90.8,0.22,34.5,1525,25.5788,91.8933,71.99,High
1,Shillong Peak,East Khasi Hills,Meghalaya,2026-07-01 19:57:09,189.01,508.54,0.371,98.0,20.6,89.3,0.01,34.5,1525,25.5788,91.8933,69.02,High
1,Shillong Peak,East Khasi Hills,Meghalaya,2026-07-02 19:57:09,7.03,365.49,0.019,94.42,19.2,88.6,0.38,34.5,1525,25.5788,91.8933,59.68,High
1,Shillong Peak,East Khasi Hills,Meghalaya,2026-07-03 19:57:09,41.59,237.63,0.174,98.0,17.8,96.9,0.05,34.5,1525,25.5788,91.8933,57.33,High
1,Shillong Peak,East Khasi Hills,Meghalaya,2026-07-04 19:57:09,4.4,53.02,0.081,95.84,22.6,92.8,0.22,34.5,1525,25.5788,91.8933,44.11,Moderate
1,Shillong Peak,East Khasi Hills,Meghalaya,2026-07-05 19:57:09,1.61,47.6,0.033,93.56,23.3,94.2,0.21,34.5,1525,25.5788,91.8933,38.64,Moderate
1,Shillong Peak,East Khasi Hills,Meghalaya,2026-07-06 19:57:09,24.61,30.62,0.778,91.21,20.9,89.2,0.03,34.5,1525,25.5788,91.8933,45.76,Moderate
1,Shillong Peak,East Khasi Hills,Meghalaya,2026-07-07 19:57:09,1.83,28.05,0.063,87.45,22.5,86.3,0.27,34.5,1525,25.5788,91.8933,38.61,Moderate
1,Shillong Peak,East Khasi Hills,Meghalaya,2026-07-08 19:57:09,18.6,45.04,0.404,83.61,20.8,89.0,0.32,34.5,1525,25.5788,91.8933,37.33,Moderate
1,Shillong Peak,East Khasi Hills,Meghalaya,2026-07-09 19:57:09,16.3,36.73,0.432,81.03,19.9,88.0,0.27,34.5,1525,25.5788,91.8933,39.6,Moderate
1,Shillong Peak,East Khasi Hills,Meghalaya,2026-07-10 19:57:09,0.79,35.69,0.021,78.53,19.4,91.1,0.08,34.5,1525,25.5788,91.8933,33.01,Moderate
1,Shillong Peak,East Khasi Hills,Meghalaya,2026-07-11 19:57:09,37.42,54.51,0.674,87.88,19.0,88.3,0.18,34.5,1525,25.5788,91.8933,46.33,Moderate
1,Shillong Peak,East Khasi Hills,Meghalaya,2026-07-12 19:57:09,4.4,42.61,0.101,86.26,23.4,93.5,0.37,34.5,1525,25.5788,91.8933,37.39,Moderate
1,Shillong Peak,East Khasi Hills,Meghalaya,2026-07-13 19:57:09,198.82,240.64,0.823,98.0,18.4,94.2,0.16,34.5,1525,25.5788,91.8933,78.83,Critical
1,Shillong Peak,East Khasi Hills,Meghalaya,2026-07-14 19:57:09,88.21,291.43,0.302,98.0,19.6,99.2,0.31,34.5,1525,25.5788,91.8933,65.48,High
1,Shillong Peak,East Khasi Hills,Meghalaya,2026-07-15 19:57:09,143.7,430.73,0.333,98.0,19.9,98.9,0.22,34.5,1525,25.5788,91.8933,69.05,High
1,Shillong Peak,East Khasi Hills,Meghalaya,2026-07-16 19:57:09,1.24,233.15,0.005,95.76,23.2,94.3,0.3,34.5,1525,25.5788,91.8933,54.74,High
1,Shillong Peak,East Khasi Hills,Meghalaya,2026-07-17 19:57:09,47.97,192.91,0.247,98.0,20.4,97.8,0.38,34.5,1525,25.5788,91.8933,53.58,High
1,Shillong Peak,East Khasi Hills,Meghalaya,2026-07-18 19:57:09,22.08,71.29,0.305,95.01,21.4,90.6,0.36,34.5,1525,25.5788,91.8933,46.93,Moderate
1,Shillong Peak,East Khasi Hills,Meghalaya,2026-07-19 19:57:09,48.64,118.69,0.406,98.0,21.1,93.5,0.21,34.5,1525,25.5788,91.8933,48.94,Moderate
1,Shillong Peak,East Khasi Hills,Meghalaya,2026-07-20 19:57:09,1.63,72.35,0.022,94.71,18.8,92.1,0.12,34.5,1525,25.5788,91.8933,40.63,Moderate
1,Shillong Peak,East Khasi Hills,Meghalaya,2026-07-21 19:57:09,58.87,109.14,0.535,98.0,17.8,93.9,0.4,34.5,1525,25.5788,91.8933,56.4,High
1,Shillong Peak,East Khasi Hills,Meghalaya,2026-07-22 19:57:09,23.86,84.36,0.279,95.84,23.0,97.4,0.15,34.5,1525,25.5788,91.8933,49.23,Moderate
1,Shillong Peak,East Khasi Hills,Meghalaya,2026-07-23 19:57:09,64.19,146.92,0.434,98.0,21.6,95.4,0.26,34.5,1525,25.5788,91.8933,57.57,High
1,Shillong Peak,East Khasi Hills,Meghalaya,2026-07-24 19:57:09,63.11,151.16,0.415,98.0,19.2,95.9,0.05,34.5,1525,25.5788,91.8933,56.59,High
1,Shillong Peak,East Khasi Hills,Meghalaya,2026-07-25 19:57:09,16.96,144.26,0.117,95.12,19.0,94.3,0.08,34.5,1525,25.5788,91.8933,48.51,Moderate
1,Shillong Peak,East Khasi Hills,Meghalaya,2026-07-26 19:57:09,2.11,82.18,0.025,92.4,22.8,95.8,0.17,34.5,1525,25.5788,91.8933,39.66,Moderate
1,Shillong Peak,East Khasi Hills,Meghalaya,2026-07-27 19:57:09,118.74,137.81,0.855,98.0,17.4,97.0,0.1,34.5,1525,25.5788,91.8933,64.4,High
1,Shillong Peak,East Khasi Hills,Meghalaya,2026-07-28 19:57:09,183.77,304.62,0.601,98.0,20.7,93.6,1.98,34.5,1525,25.5788,91.8933,77.88,Critical
1,Shillong Peak,East Khasi Hills,Meghalaya,2026-07-29 19:57:09,203.63,506.14,0.402,98.0,22.8,94.8,0.23,34.5,1525,25.5788,91.8933,75.67,Critical
1,Shillong Peak,East Khasi Hills,Meghalaya,2026-07-30 19:57:09,18.28,405.68,0.045,95.73,22.8,96.5,0.36,34.5,1525,25.5788,91.8933,58.65,High
1,Shillong Peak,East Khasi Hills,Meghalaya,2026-07-31 19:57:09,26.22,248.13,0.105,93.97,22.1,96.7,0.25,34.5,1525,25.5788,91.8933,50.54,High
1,Shillong Peak,East Khasi Hills,Meghalaya,2026-08-01 19:57:09,70.44,114.94,0.608,98.0,22.6,99.1,0.35,34.5,1525,25.5788,91.8933,58.83,High
1,Shillong Peak,East Khasi Hills,Meghalaya,2026-08-02 19:57:09,57.88,154.54,0.372,98.0,19.4,98.6,0.35,34.5,1525,25.5788,91.8933,55.42,High
1,Shillong Peak,East Khasi Hills,Meghalaya,2026-08-03 19:57:09,2.13,130.45,0.016,94.53,18.0,96.8,0.09,34.5,1525,25.5788,91.8933,45.1,Moderate
1,Shillong Peak,East Khasi Hills,Meghalaya,2026-08-04 19:57:09,3.68,63.69,0.057,92.27,22.1,89.6,2.26,34.5,1525,25.5788,91.8933,49.05,Moderate
1,Shillong Peak,East Khasi Hills,Meghalaya,2026-08-05 19:57:09,66.18,71.99,0.907,98.0,23.2,92.1,0.16,34.5,1525,25.5788,91.8933,60.8,High
1,Shillong Peak,East Khasi Hills,Meghalaya,2026-08-06 19:57:09,4.29,74.15,0.057,94.15,18.1,97.7,0.39,34.5,1525,25.5788,91.8933,46.65,Moderate
1,Shillong Peak,East Khasi Hills,Meghalaya,2026-08-07 19:57:09,17.05,87.52,0.193,91.57,21.7,90.2,0.2,34.5,1525,25.5788,91.8933,42.64,Moderate
1,Shillong Peak,East Khasi Hills,Meghalaya,2026-08-08 19:57:09,47.48,68.82,0.68,98.0,18.9,96.4,4.02,34.5,1525,25.5788,91.8933,65.05,High
1,Shillong Peak,East Khasi Hills,Meghalaya,2026-08-09 19:57:09,5.76,70.29,0.081,94.65,21.4,91.8,0.27,34.5,1525,25.5788,91.8933,45.2,Moderate
1,Shillong Peak,East Khasi Hills,Meghalaya,2026-08-10 19:57:09,126.23,179.47,0.699,98.0,19.3,97.8,0.12,34.5,1525,25.5788,91.8933,69.93,High
1,Shillong Peak,East Khasi Hills,Meghalaya,2026-08-11 19:57:09,123.3,255.29,0.481,98.0,19.8,93.3,0.05,34.5,1525,25.5788,91.8933,67.56,High
1,Shillong Peak,East Khasi Hills,Meghalaya,2026-08-12 19:57:09,138.86,388.39,0.357,98.0,23.0,96.1,0.25,34.5,1525,25.5788,91.8933,71.02,High
1,Shillong Peak,East Khasi Hills,Meghalaya,2026-08-13 19:57:09,45.62,307.78,0.148,98.0,17.4,92.2,0.23,34.5,1525,25.5788,91.8933,58.8,High
1,Shillong Peak,East Khasi Hills,Meghalaya,2026-08-14 19:57:09,3.72,188.2,0.02,95.39,18.7,93.1,0.32,34.5,1525,25.5788,91.8933,47.52,Moderate
1,Shillong Peak,East Khasi Hills,Meghalaya,2026-08-15 19:57:09,15.51,64.85,0.236,92.61,21.2,90.8,0.3,34.5,1525,25.5788,91.8933,46.11,Moderate
1,Shillong Peak,East Khasi Hills,Meghalaya,2026-08-16 19:57:09,1.8,21.03,0.082,90.61,17.5,89.2,0.34,34.5,1525,25.5788,91.8933,42.97,Moderate
1,Shillong Peak,East Khasi Hills,Meghalaya,2026-08-17 19:57:09,36.94,54.25,0.669,98.0,21.2,91.2,0.2,34.5,1525,25.5788,91.8933,51.89,High
1,Shillong Peak,East Khasi Hills,Meghalaya,2026-08-18 19:57:09,52.64,91.38,0.57,98.0,17.4,96.8,0.04,34.5,1525,25.5788,91.8933,56.89,High
1,Shillong Peak,East Khasi Hills,Meghalaya,2026-08-19 19:57:09,21.43,111.01,0.191,94.11,20.5,88.4,0.34,34.5,1525,25.5788,91.8933,48.69,Moderate
1,Shillong Peak,East Khasi Hills,Meghalaya,2026-08-20 19:57:09,6.41,80.48,0.079,90.94,23.3,92.8,0.36,34.5,1525,25.5788,91.8933,41.59,Moderate
1,Shillong Peak,East Khasi Hills,Meghalaya,2026-08-21 19:57:09,5.75,33.59,0.166,88.17,22.4,91.3,0.3,34.5,1525,25.5788,91.8933,40.28,Moderate
1,Shillong Peak,East Khasi Hills,Meghalaya,2026-08-22 19:57:09,2.07,14.23,0.136,86.06,21.2,92.8,0.25,34.5,1525,25.5788,91.8933,40.84,Moderate
1,Shillong Peak,East Khasi Hills,Meghalaya,2026-08-23 19:57:09,15.04,22.86,0.63,83.84,19.0,87.5,0.06,34.5,1525,25.5788,91.8933,40.77,Moderate
1,Shillong Peak,East Khasi Hills,Meghalaya,2026-08-24 19:57:09,112.38,129.49,0.861,98.0,21.5,96.4,0.16,34.5,1525,25.5788,91.8933,69.17,High
1,Shillong Peak,East Khasi Hills,Meghalaya,2026-08-25 19:57:09,155.97,283.39,0.548,98.0,19.9,91.4,0.36,34.5,1525,25.5788,91.8933,67.26,High
1,Shillong Peak,East Khasi Hills,Meghalaya,2026-08-26 19:57:09,161.77,430.12,0.375,98.0,21.5,97.9,0.15,34.5,1525,25.5788,91.8933,74.73,High
1,Shillong Peak,East Khasi Hills,Meghalaya,2026-08-27 19:57:09,32.86,350.6,0.093,98.0,21.9,97.8,0.17,34.5,1525,25.5788,91.8933,60.45,High
1,Shillong Peak,East Khasi Hills,Meghalaya,2026-08-28 19:57:09,4.37,199.0,0.022,94.99,18.7,90.4,0.01,34.5,1525,25.5788,91.8933,49.89,Moderate
1,Shillong Peak,East Khasi Hills,Meghalaya,2026-08-29 19:57:09,54.14,91.37,0.586,98.0,19.8,91.0,0.05,34.5,1525,25.5788,91.8933,54.93,High
1,Shillong Peak,East Khasi Hills,Meghalaya,2026-08-30 19:57:09,0.22,58.73,0.004,95.51,20.8,88.7,0.05,34.5,1525,25.5788,91.8933,38.53,Moderate
1,Shillong Peak,East Khasi Hills,Meghalaya,2026-08-31 19:57:09,0.4,54.76,0.007,93.07,18.6,90.8,0.15,34.5,1525,25.5788,91.8933,41.59,Moderate
1,Shillong Peak,East Khasi Hills,Meghalaya,2026-09-01 19:57:09,6.66,7.28,0.804,90.94,17.9,87.0,0.4,34.5,1525,25.5788,91.8933,45.55,Moderate
1,Shillong Peak,East Khasi Hills,Meghalaya,2026-09-02 19:57:09,52.26,59.32,0.866,98.0,22.1,95.8,0.38,34.5,1525,25.5788,91.8933,59.74,High
1,Shillong Peak,East Khasi Hills,Meghalaya,2026-09-03 19:57:09,11.32,70.24,0.159,96.12,18.1,95.3,0.09,34.5,1525,25.5788,91.8933,44.23,Moderate
1,Shillong Peak,East Khasi Hills,Meghalaya,2026-09-04 19:57:09,6.14,69.72,0.087,94.2,21.0,95.4,0.33,34.5,1525,25.5788,91.8933,42.21,Moderate
1,Shillong Peak,East Khasi Hills,Meghalaya,2026-09-05 19:57:09,0.86,18.32,0.045,92.64,19.2,94.2,0.16,34.5,1525,25.5788,91.8933,38.9,Moderate
1,Shillong Peak,East Khasi Hills,Meghalaya,2026-09-06 19:57:09,0.61,7.61,0.071,89.41,21.1,87.3,0.34,34.5,1525,25.5788,91.8933,40.49,Moderate
1,Shillong Peak,East Khasi Hills,Meghalaya,2026-09-07 19:57:09,164.06,165.53,0.985,98.0,18.1,99.1,0.14,34.5,1525,25.5788,91.8933,72.86,High
1,Shillong Peak,East Khasi Hills,Meghalaya,2026-09-08 19:57:09,139.97,304.64,0.458,98.0,19.6,94.4,0.34,34.5,1525,25.5788,91.8933,71.39,High
1,Shillong Peak,East Khasi Hills,Meghalaya,2026-09-09 19:57:09,195.13,499.16,0.39,98.0,18.0,98.9,0.33,34.5,1525,25.5788,91.8933,74.31,High
2,Cherrapunji (Sohra),East Khasi Hills,Meghalaya,2026-06-12 19:57:09,57.7,144.24,0.397,58.57,23.6,78.2,0.22,42.0,1430,25.2702,91.7323,46.36,Moderate
2,Cherrapunji (Sohra),East Khasi Hills,Meghalaya,2026-06-13 19:57:09,3.48,8.71,0.359,55.24,19.5,82.9,0.03,42.0,1430,25.2702,91.7323,34.88,Moderate
2,Cherrapunji (Sohra),East Khasi Hills,Meghalaya,2026-06-14 19:57:09,1.95,63.13,0.03,52.58,21.5,77.2,3.84,42.0,1430,25.2702,91.7323,43.26,Moderate
2,Cherrapunji (Sohra),East Khasi Hills,Meghalaya,2026-06-15 19:57:09,105.46,110.89,0.943,78.95,19.1,90.6,0.35,42.0,1430,25.2702,91.7323,61.18,High
2,Cherrapunji (Sohra),East Khasi Hills,Meghalaya,2026-06-16 19:57:09,178.17,285.58,0.622,98.0,19.5,89.4,0.03,42.0,1430,25.2702,91.7323,79.74,Critical
2,Cherrapunji (Sohra),East Khasi Hills,Meghalaya,2026-06-17 19:57:09,180.81,464.44,0.388,98.0,20.8,96.9,0.26,42.0,1430,25.2702,91.7323,75.64,Critical
2,Cherrapunji (Sohra),East Khasi Hills,Meghalaya,2026-06-18 19:57:09,6.34,365.32,0.017,96.27,19.2,95.6,0.23,42.0,1430,25.2702,91.7323,63.84,High
2,Cherrapunji (Sohra),East Khasi Hills,Meghalaya,2026-06-19 19:57:09,4.25,191.4,0.022,93.7,22.3,91.1,0.11,42.0,1430,25.2702,91.7323,56.67,High
2,Cherrapunji (Sohra),East Khasi Hills,Meghalaya,2026-06-20 19:57:09,17.84,28.43,0.606,91.72,18.6,92.5,0.07,42.0,1430,25.2702,91.7323,51.28,High
2,Cherrapunji (Sohra),East Khasi Hills,Meghalaya,2026-06-21 19:57:09,41.47,63.56,0.642,98.0,22.2,99.1,0.11,42.0,1430,25.2702,91.7323,58.43,High
2,Cherrapunji (Sohra),East Khasi Hills,Meghalaya,2026-06-22 19:57:09,22.62,81.93,0.273,95.93,18.9,88.7,0.11,42.0,1430,25.2702,91.7323,49.99,Moderate
2,Cherrapunji (Sohra),East Khasi Hills,Meghalaya,2026-06-23 19:57:09,4.43,68.52,0.064,92.69,18.6,96.1,0.35,42.0,1430,25.2702,91.7323,48.58,Moderate
2,Cherrapunji (Sohra),East Khasi Hills,Meghalaya,2026-06-24 19:57:09,3.76,30.81,0.118,90.09,19.0,87.0,0.19,42.0,1430,25.2702,91.7323,45.36,Moderate
2,Cherrapunji (Sohra),East Khasi Hills,Meghalaya,2026-06-25 19:57:09,3.21,11.4,0.259,88.4,21.6,86.5,0.23,42.0,1430,25.2702,91.7323,42.41,Moderate
2,Cherrapunji (Sohra),East Khasi Hills,Meghalaya,2026-06-26 19:57:09,74.6,81.57,0.903,98.0,18.6,96.9,0.32,42.0,1430,25.2702,91.7323,65.65,High
2,Cherrapunji (Sohra),East Khasi Hills,Meghalaya,2026-06-27 19:57:09,43.97,121.78,0.358,98.0,20.6,93.7,0.4,42.0,1430,25.2702,91.7323,60.67,High
2,Cherrapunji (Sohra),East Khasi Hills,Meghalaya,2026-06-28 19:57:09,50.37,168.94,0.296,98.0,21.5,96.7,0.08,42.0,1430,25.2702,91.7323,66.45,High
2,Cherrapunji (Sohra),East Khasi Hills,Meghalaya,2026-06-29 19:57:09,109.54,203.88,0.535,98.0,21.8,90.9,0.03,42.0,1430,25.2702,91.7323,72.16,High
2,Cherrapunji (Sohra),East Khasi Hills,Meghalaya,2026-06-30 19:57:09,80.37,240.28,0.333,98.0,20.6,95.2,0.09,42.0,1430,25.2702,91.7323,69.28,High
2,Cherrapunji (Sohra),East Khasi Hills,Meghalaya,2026-07-01 19:57:09,178.97,368.88,0.484,98.0,22.1,93.8,0.37,42.0,1430,25.2702,91.7323,80.21,Critical
2,Cherrapunji (Sohra),East Khasi Hills,Meghalaya,2026-07-02 19:57:09,5.0,264.34,0.019,94.85,23.5,92.4,0.26,42.0,1430,25.2702,91.7323,55.67,High
2,Cherrapunji (Sohra),East Khasi Hills,Meghalaya,2026-07-03 19:57:09,6.61,190.58,0.035,93.17,18.8,90.7,0.23,42.0,1430,25.2702,91.7323,55.99,High
2,Cherrapunji (Sohra),East Khasi Hills,Meghalaya,2026-07-04 19:57:09,18.08,29.69,0.589,89.95,22.0,95.9,0.2,42.0,1430,25.2702,91.7323,50.57,High
2,Cherrapunji (Sohra),East Khasi Hills,Meghalaya,2026-07-05 19:57:09,12.59,37.28,0.329,87.37,19.8,88.1,0.38,42.0,1430,25.2702,91.7323,52.8,High
2,Cherrapunji (Sohra),East Khasi Hills,Meghalaya,2026-07-06 19:57:09,4.6,35.27,0.127,83.49,23.8,90.9,0.02,42.0,1430,25.2702,91.7323,42.86,Moderate
2,Cherrapunji (Sohra),East Khasi Hills,Meghalaya,2026-07-07 19:57:09,3.76,20.95,0.171,80.36,23.3,84.9,0.25,42.0,1430,25.2702,91.7323,42.12,Moderate
2,Cherrapunji (Sohra),East Khasi Hills,Meghalaya,2026-07-08 19:57:09,0.73,9.09,0.072,77.99,19.8,89.0,0.13,42.0,1430,25.2702,91.7323,39.28,Moderate
2,Cherrapunji (Sohra),East Khasi Hills,Meghalaya,2026-07-09 19:57:09,2.31,6.8,0.296,74.13,22.7,86.4,0.13,42.0,1430,25.2702,91.7323,34.96,Moderate
2,Cherrapunji (Sohra),East Khasi Hills,Meghalaya,2026-07-10 19:57:09,73.06,76.1,0.948,92.39,20.3,92.5,0.26,42.0,1430,25.2702,91.7323,65.96,High
2,Cherrapunji (Sohra),East Khasi Hills,Meghalaya,2026-07-11 19:57:09,3.31,78.68,0.041,90.42,20.0,94.2,0.3,42.0,1430,25.2702,91.7323,50.73,High
2,Cherrapunji (Sohra),East Khasi Hills,Meghalaya,2026-07-12 19:57:09,45.7,122.07,0.371,98.0,23.4,93.7,0.05,42.0,1430,25.2702,91.7323,61.59,High
2,Cherrapunji (Sohra),East Khasi Hills,Meghalaya,2026-07-13 19:57:09,216.24,265.25,0.812,98.0,21.5,91.7,0.22,42.0,1430,25.2702,91.7323,79.48,Critical
2,Cherrapunji (Sohra),East Khasi Hills,Meghalaya,2026-07-14 19:57:09,157.32,419.26,0.374,98.0,18.4,99.2,0.18,42.0,1430,25.2702,91.7323,82.58,Critical
2,Cherrapunji (Sohra),East Khasi Hills,Meghalaya,2026-07-15 19:57:09,96.45,470.01,0.205,98.0,22.8,94.3,0.2,42.0,1430,25.2702,91.7323,69.49,High
2,Cherrapunji (Sohra),East Khasi Hills,Meghalaya,2026-07-16 19:57:09,64.26,318.03,0.201,98.0,23.7,91.7,0.15,42.0,1430,25.2702,91.7323,71.2,High
2,Cherrapunji (Sohra),East Khasi Hills,Meghalaya,2026-07-17 19:57:09,4.07,164.78,0.025,94.3,23.0,90.8,0.17,42.0,1430,25.2702,91.7323,60.5,High
2,Cherrapunji (Sohra),East Khasi Hills,Meghalaya,2026-07-18 19:57:09,4.06,72.39,0.055,90.75,19.5,89.7,0.4,42.0,1430,25.2702,91.7323,46.42,Moderate
2,Cherrapunji (Sohra),East Khasi Hills,Meghalaya,2026-07-19 19:57:09,1.19,9.32,0.115,87.9,19.9,91.3,0.18,42.0,1430,25.2702,91.7323,42.41,Moderate
2,Cherrapunji (Sohra),East Khasi Hills,Meghalaya,2026-07-20 19:57:09,22.26,27.51,0.781,84.66,21.3,87.0,0.02,42.0,1430,25.2702,91.7323,50.3,High
2,Cherrapunji (Sohra),East Khasi Hills,Meghalaya,2026-07-21 19:57:09,5.64,29.09,0.187,81.13,20.2,90.0,0.39,42.0,1430,25.2702,91.7323,41.21,Moderate
2,Cherrapunji (Sohra),East Khasi Hills,Meghalaya,2026-07-22 19:57:09,0.3,28.2,0.01,78.38,21.4,91.1,0.18,42.0,1430,25.2702,91.7323,36.61,Moderate
2,Cherrapunji (Sohra),East Khasi Hills,Meghalaya,2026-07-23 19:57:09,3.66,9.6,0.345,75.07,20.3,87.8,0.19,42.0,1430,25.2702,91.7323,39.2,Moderate
2,Cherrapunji (Sohra),East Khasi Hills,Meghalaya,2026-07-24 19:57:09,2.71,6.67,0.353,71.84,21.7,88.7,0.34,42.0,1430,25.2702,91.7323,35.15,Moderate
2,Cherrapunji (Sohra),East Khasi Hills,Meghalaya,2026-07-25 19:57:09,30.58,36.95,0.806,79.48,22.2,90.4,0.01,42.0,1430,25.2702,91.7323,50.54,High
2,Cherrapunji (Sohra),East Khasi Hills,Meghalaya,2026-07-26 19:57:09,51.03,84.32,0.598,92.24,23.4,97.3,0.17,42.0,1430,25.2702,91.7323,55.34,High
2,Cherrapunji (Sohra),East Khasi Hills,Meghalaya,2026-07-27 19:57:09,93.78,175.39,0.532,98.0,21.7,98.0,0.28,42.0,1430,25.2702,91.7323,72.78,High
2,Cherrapunji (Sohra),East Khasi Hills,Meghalaya,2026-07-28 19:57:09,206.48,351.29,0.586,98.0,18.1,97.3,0.15,42.0,1430,25.2702,91.7323,79.2,Critical
2,Cherrapunji (Sohra),East Khasi Hills,Meghalaya,2026-07-29 19:57:09,100.38,400.64,0.25,98.0,21.0,95.0,0.07,42.0,1430,25.2702,91.7323,72.48,High
2,Cherrapunji (Sohra),East Khasi Hills,Meghalaya,2026-07-30 19:57:09,66.6,373.46,0.178,98.0,21.6,91.7,0.06,42.0,1430,25.2702,91.7323,71.93,High
2,Cherrapunji (Sohra),East Khasi Hills,Meghalaya,2026-07-31 19:57:09,2.03,169.01,0.012,95.86,17.9,96.6,0.27,42.0,1430,25.2702,91.7323,52.87,High
2,Cherrapunji (Sohra),East Khasi Hills,Meghalaya,2026-08-01 19:57:09,38.71,107.34,0.357,98.0,19.9,95.2,0.17,42.0,1430,25.2702,91.7323,58.7,High
2,Cherrapunji (Sohra),East Khasi Hills,Meghalaya,2026-08-02 19:57:09,64.94,105.68,0.609,98.0,19.0,93.1,0.09,42.0,1430,25.2702,91.7323,66.39,High
2,Cherrapunji (Sohra),East Khasi Hills,Meghalaya,2026-08-03 19:57:09,4.6,108.25,0.042,94.02,19.6,97.7,0.11,42.0,1430,25.2702,91.7323,48.04,Moderate
2,Cherrapunji (Sohra),East Khasi Hills,Meghalaya,2026-08-04 19:57:09,5.49,75.03,0.072,90.66,18.1,92.8,0.36,42.0,1430,25.2702,91.7323,49.54,Moderate
2,Cherrapunji (Sohra),East Khasi Hills,Meghalaya,2026-08-05 19:57:09,61.93,72.02,0.848,98.0,21.5,92.8,0.25,42.0,1430,25.2702,91.7323,64.33,High
2,Cherrapunji (Sohra),East Khasi Hills,Meghalaya,2026-08-06 19:57:09,5.77,73.19,0.078,94.85,22.9,94.5,0.26,42.0,1430,25.2702,91.7323,52.95,High
2,Cherrapunji (Sohra),East Khasi Hills,Meghalaya,2026-08-07 19:57:09,38.65,106.35,0.36,98.0,21.3,96.6,0.12,42.0,1430,25.2702,91.7323,54.97,High
2,Cherrapunji (Sohra),East Khasi Hills,Meghalaya,2026-08-08 19:57:09,1.41,45.83,0.03,96.17,21.1,98.4,0.37,42.0,1430,25.2702,91.7323,46.71,Moderate
2,Cherrapunji (Sohra),East Khasi Hills,Meghalaya,2026-08-09 19:57:09,2.06,42.12,0.048,92.61,20.7,95.5,0.14,42.0,1430,25.2702,91.7323,49.11,Moderate
2,Cherrapunji (Sohra),East Khasi Hills,Meghalaya,2026-08-10 19:57:09,96.12,99.59,0.956,98.0,23.6,90.7,0.34,42.0,1430,25.2702,91.7323,70.41,High
2,Cherrapunji (Sohra),East Khasi Hills,Meghalaya,2026-08-11 19:57:09,181.39,279.57,0.647,98.0,23.7,99.0,0.15,42.0,1430,25.2702,91.7323,81.38,Critical
2,Cherrapunji (Sohra),East Khasi Hills,Meghalaya,2026-08-12 19:57:09,190.7,468.21,0.406,98.0,17.9,94.7,0.27,42.0,1430,25.2702,91.7323,80.35,Critical
2,Cherrapunji (Sohra),East Khasi Hills,Meghalaya,2026-08-13 19:57:09,4.68,376.77,0.012,94.44,23.5,89.1,0.01,42.0,1430,25.2702,91.7323,60.12,High
2,Cherrapunji (Sohra),East Khasi Hills,Meghalaya,2026-08-14 19:57:09,4.49,199.87,0.022,90.66,19.2,87.4,0.36,42.0,1430,25.2702,91.7323,55.8,High
2,Cherrapunji (Sohra),East Khasi Hills,Meghalaya,2026-08-15 19:57:09,36.54,45.71,0.782,98.0,18.7,98.8,0.2,42.0,1430,25.2702,91.7323,59.84,High
2,Cherrapunji (Sohra),East Khasi Hills,Meghalaya,2026-08-16 19:57:09,67.67,108.7,0.617,98.0,18.7,93.8,0.3,42.0,1430,25.2702,91.7323,62.05,High
2,Cherrapunji (Sohra),East Khasi Hills,Meghalaya,2026-08-17 19:57:09,3.35,107.56,0.031,94.64,18.8,92.3,0.2,42.0,1430,25.2702,91.7323,56.96,High
2,Cherrapunji (Sohra),East Khasi Hills,Meghalaya,2026-08-18 19:57:09,71.85,142.87,0.499,98.0,18.0,93.0,0.38,42.0,1430,25.2702,91.7323,66.07,High
2,Cherrapunji (Sohra),East Khasi Hills,Meghalaya,2026-08-19 19:57:09,0.79,75.99,0.01,94.79,21.1,98.0,0.16,42.0,1430,25.2702,91.7323,47.52,Moderate
2,Cherrapunji (Sohra),East Khasi Hills,Meghalaya,2026-08-20 19:57:09,17.94,90.58,0.196,91.17,20.6,93.5,0.24,42.0,1430,25.2702,91.7323,52.84,High
2,Cherrapunji (Sohra),East Khasi Hills,Meghalaya,2026-08-21 19:57:09,61.14,79.87,0.756,98.0,19.3,90.6,0.03,42.0,1430,25.2702,91.7323,60.45,High
2,Cherrapunji (Sohra),East Khasi Hills,Meghalaya,2026-08-22 19:57:09,1.66,80.74,0.02,95.96,23.1,91.9,0.36,42.0,1430,25.2702,91.7323,53.63,High
2,Cherrapunji (Sohra),East Khasi Hills,Meghalaya,2026-08-23 19:57:09,65.8,128.6,0.508,98.0,18.7,90.6,0.07,42.0,1430,25.2702,91.7323,66.23,High
2,Cherrapunji (Sohra),East Khasi Hills,Meghalaya,2026-08-24 19:57:09,172.55,240.01,0.716,98.0,18.0,89.4,0.1,42.0,1430,25.2702,91.7323,77.37,Critical
2,Cherrapunji (Sohra),East Khasi Hills,Meghalaya,2026-08-25 19:57:09,125.33,363.68,0.344,98.0,18.9,89.8,0.21,42.0,1430,25.2702,91.7323,78.74,Critical
2,Cherrapunji (Sohra),East Khasi Hills,Meghalaya,2026-08-26 19:57:09,184.39,482.27,0.382,98.0,20.7,97.1,0.04,42.0,1430,25.2702,91.7323,80.08,Critical
2,Cherrapunji (Sohra),East Khasi Hills,Meghalaya,2026-08-27 19:57:09,7.56,317.28,0.024,96.39,22.5,97.4,0.18,42.0,1430,25.2702,91.7323,65.29,High
2,Cherrapunji (Sohra),East Khasi Hills,Meghalaya,2026-08-28 19:57:09,0.49,192.44,0.003,93.69,20.3,94.7,0.36,42.0,1430,25.2702,91.7323,60.7,High
2,Cherrapunji (Sohra),East Khasi Hills,Meghalaya,2026-08-29 19:57:09,15.25,23.3,0.628,90.67,18.2,89.5,0.22,42.0,1430,25.2702,91.7323,49.97,Moderate
2,Cherrapunji (Sohra),East Khasi Hills,Meghalaya,2026-08-30 19:57:09,74.65,90.39,0.817,98.0,21.0,93.8,0.04,42.0,1430,25.2702,91.7323,63.5,High
2,Cherrapunji (Sohra),East Khasi Hills,Meghalaya,2026-08-31 19:57:09,6.82,96.72,0.07,94.87,22.5,95.4,0.18,42.0,1430,25.2702,91.7323,49.98,Moderate
2,Cherrapunji (Sohra),East Khasi Hills,Meghalaya,2026-09-01 19:57:09,32.03,113.5,0.28,98.0,20.6,93.5,0.17,42.0,1430,25.2702,91.7323,55.16,High
2,Cherrapunji (Sohra),East Khasi Hills,Meghalaya,2026-09-02 19:57:09,2.99,41.84,0.07,96.12,23.4,89.3,0.04,42.0,1430,25.2702,91.7323,49.43,Moderate
2,Cherrapunji (Sohra),East Khasi Hills,Meghalaya,2026-09-03 19:57:09,58.02,93.04,0.617,98.0,22.7,94.9,0.22,42.0,1430,25.2702,91.7323,62.85,High
2,Cherrapunji (Sohra),East Khasi Hills,Meghalaya,2026-09-04 19:57:09,17.95,78.96,0.224,95.62,21.8,96.0,0.29,42.0,1430,25.2702,91.7323,53.62,High
2,Cherrapunji (Sohra),East Khasi Hills,Meghalaya,2026-09-05 19:57:09,4.8,80.77,0.059,93.24,21.3,89.8,0.09,42.0,1430,25.2702,91.7323,52.36,High
2,Cherrapunji (Sohra),East Khasi Hills,Meghalaya,2026-09-06 19:57:09,64.95,87.7,0.732,98.0,20.1,96.9,0.32,42.0,1430,25.2702,91.7323,63.72,High
2,Cherrapunji (Sohra),East Khasi Hills,Meghalaya,2026-09-07 19:57:09,198.32,268.07,0.737,98.0,23.7,97.5,0.26,42.0,1430,25.2702,91.7323,84.82,Critical
2,Cherrapunji (Sohra),East Khasi Hills,Meghalaya,2026-09-08 19:57:09,83.68,346.95,0.24,98.0,23.4,97.6,0.07,42.0,1430,25.2702,91.7323,70.95,High
2,Cherrapunji (Sohra),East Khasi Hills,Meghalaya,2026-09-09 19:57:09,178.38,460.38,0.387,98.0,19.7,92.7,3.89,42.0,1430,25.2702,91.7323,97.39,Critical
3,Gangtok Ridge,East Sikkim,Sikkim,2026-06-12 19:57:09,19.22,48.05,0.392,38.24,16.9,75.8,0.17,38.0,1650,27.3389,88.6065,30.99,Moderate
3,Gangtok Ridge,East Sikkim,Sikkim,2026-06-13 19:57:09,34.05,85.13,0.395,46.76,21.1,79.1,0.03,38.0,1650,27.3389,88.6065,32.23,Moderate
3,Gangtok Ridge,East Sikkim,Sikkim,2026-06-14 19:57:09,20.23,73.5,0.272,43.71,20.8,73.0,0.19,38.0,1650,27.3389,88.6065,28.25,Moderate
3,Gangtok Ridge,East Sikkim,Sikkim,2026-06-15 19:57:09,141.89,196.17,0.72,79.18,18.4,90.3,0.17,38.0,1650,27.3389,88.6065,65.52,High
3,Gangtok Ridge,East Sikkim,Sikkim,2026-06-16 19:57:09,119.65,281.77,0.423,98.0,20.8,94.2,0.02,38.0,1650,27.3389,88.6065,71.7,High
3,Gangtok Ridge,East Sikkim,Sikkim,2026-06-17 19:57:09,135.34,396.88,0.34,98.0,20.3,89.4,0.08,38.0,1650,27.3389,88.6065,75.72,Critical
3,Gangtok Ridge,East Sikkim,Sikkim,2026-06-18 19:57:09,26.61,281.6,0.094,95.68,16.8,96.0,0.15,38.0,1650,27.3389,88.6065,61.75,High
3,Gangtok Ridge,East Sikkim,Sikkim,2026-06-19 19:57:09,4.0,165.95,0.024,92.1,21.6,88.0,0.02,38.0,1650,27.3389,88.6065,50.43,High
3,Gangtok Ridge,East Sikkim,Sikkim,2026-06-20 19:57:09,69.88,100.49,0.689,98.0,21.9,95.1,0.28,38.0,1650,27.3389,88.6065,58.98,High
3,Gangtok Ridge,East Sikkim,Sikkim,2026-06-21 19:57:09,17.49,91.37,0.189,96.45,18.7,96.8,0.33,38.0,1650,27.3389,88.6065,46.96,Moderate
3,Gangtok Ridge,East Sikkim,Sikkim,2026-06-22 19:57:09,0.71,88.08,0.008,92.84,18.2,93.4,0.16,38.0,1650,27.3389,88.6065,45.74,Moderate
3,Gangtok Ridge,East Sikkim,Sikkim,2026-06-23 19:57:09,32.07,50.27,0.626,98.0,18.7,91.0,0.05,38.0,1650,27.3389,88.6065,56.11,High
3,Gangtok Ridge,East Sikkim,Sikkim,2026-06-24 19:57:09,7.25,40.03,0.177,95.63,21.1,96.7,0.09,38.0,1650,27.3389,88.6065,47.02,Moderate
3,Gangtok Ridge,East Sikkim,Sikkim,2026-06-25 19:57:09,22.82,62.14,0.361,92.62,21.3,94.0,0.31,38.0,1650,27.3389,88.6065,45.32,Moderate
3,Gangtok Ridge,East Sikkim,Sikkim,2026-06-26 19:57:09,6.04,36.11,0.163,89.22,19.4,95.5,0.25,38.0,1650,27.3389,88.6065,43.54,Moderate
3,Gangtok Ridge,East Sikkim,Sikkim,2026-06-27 19:57:09,6.91,35.77,0.188,86.15,17.7,85.8,0.12,38.0,1650,27.3389,88.6065,42.57,Moderate
3,Gangtok Ridge,East Sikkim,Sikkim,2026-06-28 19:57:09,13.65,26.6,0.495,83.38,18.6,88.7,0.33,38.0,1650,27.3389,88.6065,40.54,Moderate
3,Gangtok Ridge,East Sikkim,Sikkim,2026-06-29 19:57:09,90.74,111.3,0.808,98.0,21.9,97.9,0.2,38.0,1650,27.3389,88.6065,65.21,High
3,Gangtok Ridge,East Sikkim,Sikkim,2026-06-30 19:57:09,144.78,249.17,0.579,98.0,20.1,97.2,0.18,38.0,1650,27.3389,88.6065,74.96,High
3,Gangtok Ridge,East Sikkim,Sikkim,2026-07-01 19:57:09,193.37,428.89,0.45,98.0,20.7,92.5,0.06,38.0,1650,27.3389,88.6065,73.63,High
3,Gangtok Ridge,East Sikkim,Sikkim,2026-07-02 19:57:09,16.73,354.88,0.047,94.25,18.8,95.1,0.07,38.0,1650,27.3389,88.6065,60.6,High
3,Gangtok Ridge,East Sikkim,Sikkim,2026-07-03 19:57:09,38.45,248.55,0.154,98.0,19.4,94.5,0.15,38.0,1650,27.3389,88.6065,62.73,High
3,Gangtok Ridge,East Sikkim,Sikkim,2026-07-04 19:57:09,36.57,91.75,0.394,98.0,18.8,95.3,0.26,38.0,1650,27.3389,88.6065,57.06,High
3,Gangtok Ridge,East Sikkim,Sikkim,2026-07-05 19:57:09,16.14,91.16,0.175,94.8,18.5,95.4,0.36,38.0,1650,27.3389,88.6065,52.42,High
3,Gangtok Ridge,East Sikkim,Sikkim,2026-07-06 19:57:09,2.67,55.38,0.047,91.85,17.6,90.6,0.28,38.0,1650,27.3389,88.6065,41.6,Moderate
3,Gangtok Ridge,East Sikkim,Sikkim,2026-07-07 19:57:09,48.68,67.49,0.711,98.0,22.4,92.4,0.32,38.0,1650,27.3389,88.6065,55.25,High
3,Gangtok Ridge,East Sikkim,Sikkim,2026-07-08 19:57:09,5.36,56.71,0.093,94.43,21.2,94.9,0.26,38.0,1650,27.3389,88.6065,47.95,Moderate
3,Gangtok Ridge,East Sikkim,Sikkim,2026-07-09 19:57:09,33.52,87.56,0.378,98.0,18.9,91.1,0.38,38.0,1650,27.3389,88.6065,55.11,High
3,Gangtok Ridge,East Sikkim,Sikkim,2026-07-10 19:57:09,1.81,40.69,0.043,96.16,17.2,97.1,0.31,38.0,1650,27.3389,88.6065,47.75,Moderate
3,Gangtok Ridge,East Sikkim,Sikkim,2026-07-11 19:57:09,7.07,42.4,0.163,94.56,18.8,95.8,0.15,38.0,1650,27.3389,88.6065,55.71,High
3,Gangtok Ridge,East Sikkim,Sikkim,2026-07-12 19:57:09,64.04,72.92,0.866,98.0,21.4,97.4,0.18,38.0,1650,27.3389,88.6065,62.22,High
3,Gangtok Ridge,East Sikkim,Sikkim,2026-07-13 19:57:09,137.52,208.63,0.656,98.0,20.8,91.7,0.11,38.0,1650,27.3389,88.6065,75.61,Critical
3,Gangtok Ridge,East Sikkim,Sikkim,2026-07-14 19:57:09,184.8,386.36,0.477,98.0,19.4,94.6,0.32,38.0,1650,27.3389,88.6065,79.4,Critical
3,Gangtok Ridge,East Sikkim,Sikkim,2026-07-15 19:57:09,145.66,467.98,0.311,98.0,21.8,93.0,0.39,38.0,1650,27.3389,88.6065,76.64,Critical
3,Gangtok Ridge,East Sikkim,Sikkim,2026-07-16 19:57:09,2.25,332.71,0.007,95.55,19.9,98.1,0.32,38.0,1650,27.3389,88.6065,58.38,High
3,Gangtok Ridge,East Sikkim,Sikkim,2026-07-17 19:57:09,26.25,174.16,0.15,92.44,22.0,92.9,0.34,38.0,1650,27.3389,88.6065,55.61,High
3,Gangtok Ridge,East Sikkim,Sikkim,2026-07-18 19:57:09,2.28,30.78,0.072,89.03,18.4,95.2,0.17,38.0,1650,27.3389,88.6065,40.36,Moderate
3,Gangtok Ridge,East Sikkim,Sikkim,2026-07-19 19:57:09,1.78,30.31,0.057,86.41,18.8,85.5,0.2,38.0,1650,27.3389,88.6065,40.42,Moderate
3,Gangtok Ridge,East Sikkim,Sikkim,2026-07-20 19:57:09,74.64,78.7,0.937,98.0,19.0,89.6,0.34,38.0,1650,27.3389,88.6065,61.82,High
3,Gangtok Ridge,East Sikkim,Sikkim,2026-07-21 19:57:09,6.33,82.75,0.076,96.16,18.5,97.0,0.06,38.0,1650,27.3389,88.6065,48.99,Moderate
3,Gangtok Ridge,East Sikkim,Sikkim,2026-07-22 19:57:09,3.59,84.56,0.042,94.64,17.2,90.7,0.22,38.0,1650,27.3389,88.6065,53.73,High
3,Gangtok Ridge,East Sikkim,Sikkim,2026-07-23 19:57:09,4.22,14.14,0.279,92.86,18.5,90.5,0.17,38.0,1650,27.3389,88.6065,38.86,Moderate
3,Gangtok Ridge,East Sikkim,Sikkim,2026-07-24 19:57:09,3.66,11.47,0.293,91.09,22.2,92.8,3.04,38.0,1650,27.3389,88.6065,52.02,High
3,Gangtok Ridge,East Sikkim,Sikkim,2026-07-25 19:57:09,19.33,27.21,0.685,88.51,20.4,88.4,0.27,38.0,1650,27.3389,88.6065,43.49,Moderate
3,Gangtok Ridge,East Sikkim,Sikkim,2026-07-26 19:57:09,73.35,96.34,0.754,98.0,17.2,94.6,0.4,38.0,1650,27.3389,88.6065,60.86,High
3,Gangtok Ridge,East Sikkim,Sikkim,2026-07-27 19:57:09,157.58,250.26,0.627,98.0,19.1,94.0,0.39,38.0,1650,27.3389,88.6065,78.84,Critical
3,Gangtok Ridge,East Sikkim,Sikkim,2026-07-28 19:57:09,115.51,346.44,0.332,98.0,16.8,97.2,0.29,38.0,1650,27.3389,88.6065,72.23,High
3,Gangtok Ridge,East Sikkim,Sikkim,2026-07-29 19:57:09,167.96,441.05,0.38,98.0,21.4,96.7,0.02,38.0,1650,27.3389,88.6065,73.08,High
3,Gangtok Ridge,East Sikkim,Sikkim,2026-07-30 19:57:09,6.51,289.98,0.022,96.06,21.4,93.3,0.25,38.0,1650,27.3389,88.6065,57.49,High
3,Gangtok Ridge,East Sikkim,Sikkim,2026-07-31 19:57:09,0.5,174.97,0.003,92.62,19.5,90.4,0.08,38.0,1650,27.3389,88.6065,52.71,High
3,Gangtok Ridge,East Sikkim,Sikkim,2026-08-01 19:57:09,70.67,77.68,0.898,98.0,19.8,99.2,0.1,38.0,1650,27.3389,88.6065,60.12,High
3,Gangtok Ridge,East Sikkim,Sikkim,2026-08-02 19:57:09,1.53,72.7,0.021,95.61,21.4,97.1,0.05,38.0,1650,27.3389,88.6065,48.05,Moderate
3,Gangtok Ridge,East Sikkim,Sikkim,2026-08-03 19:57:09,67.82,140.02,0.481,98.0,21.2,98.2,0.39,38.0,1650,27.3389,88.6065,61.04,High
3,Gangtok Ridge,East Sikkim,Sikkim,2026-08-04 19:57:09,3.98,73.33,0.054,94.19,19.9,96.0,0.03,38.0,1650,27.3389,88.6065,45.41,Moderate
3,Gangtok Ridge,East Sikkim,Sikkim,2026-08-05 19:57:09,6.58,78.38,0.083,91.33,18.7,87.8,0.12,38.0,1650,27.3389,88.6065,51.53,High
3,Gangtok Ridge,East Sikkim,Sikkim,2026-08-06 19:57:09,3.41,13.97,0.228,88.1,18.9,86.3,0.14,38.0,1650,27.3389,88.6065,42.68,Moderate
3,Gangtok Ridge,East Sikkim,Sikkim,2026-08-07 19:57:09,2.2,12.19,0.167,84.15,22.4,85.2,0.15,38.0,1650,27.3389,88.6065,34.01,Moderate
3,Gangtok Ridge,East Sikkim,Sikkim,2026-08-08 19:57:09,5.44,11.05,0.451,80.27,17.6,89.2,0.01,38.0,1650,27.3389,88.6065,39.54,Moderate
3,Gangtok Ridge,East Sikkim,Sikkim,2026-08-09 19:57:09,60.6,68.24,0.875,95.42,18.9,92.2,0.24,38.0,1650,27.3389,88.6065,57.35,High
3,Gangtok Ridge,East Sikkim,Sikkim,2026-08-10 19:57:09,175.07,241.11,0.723,98.0,22.4,93.0,0.23,38.0,1650,27.3389,88.6065,78.55,Critical
3,Gangtok Ridge,East Sikkim,Sikkim,2026-08-11 19:57:09,154.12,389.79,0.394,98.0,19.1,95.8,0.05,38.0,1650,27.3389,88.6065,73.94,High
3,Gangtok Ridge,East Sikkim,Sikkim,2026-08-12 19:57:09,182.99,512.18,0.357,98.0,19.7,93.2,0.1,38.0,1650,27.3389,88.6065,75.3,Critical
3,Gangtok Ridge,East Sikkim,Sikkim,2026-08-13 19:57:09,39.01,376.12,0.103,98.0,22.7,92.2,0.2,38.0,1650,27.3389,88.6065,65.27,High
3,Gangtok Ridge,East Sikkim,Sikkim,2026-08-14 19:57:09,65.43,287.43,0.227,98.0,19.5,98.3,0.04,38.0,1650,27.3389,88.6065,68.06,High
3,Gangtok Ridge,East Sikkim,Sikkim,2026-08-15 19:57:09,6.76,111.2,0.06,95.7,18.8,89.1,0.36,38.0,1650,27.3389,88.6065,47.31,Moderate
3,Gangtok Ridge,East Sikkim,Sikkim,2026-08-16 19:57:09,5.69,77.88,0.072,91.88,20.6,95.1,0.05,38.0,1650,27.3389,88.6065,45.45,Moderate
3,Gangtok Ridge,East Sikkim,Sikkim,2026-08-17 19:57:09,19.03,31.48,0.586,88.41,16.9,91.5,0.32,38.0,1650,27.3389,88.6065,45.54,Moderate
3,Gangtok Ridge,East Sikkim,Sikkim,2026-08-18 19:57:09,4.9,29.62,0.16,86.69,18.6,95.3,0.21,38.0,1650,27.3389,88.6065,39.8,Moderate
3,Gangtok Ridge,East Sikkim,Sikkim,2026-08-19 19:57:09,6.59,30.52,0.209,85.01,22.6,91.2,0.27,38.0,1650,27.3389,88.6065,45.35,Moderate
3,Gangtok Ridge,East Sikkim,Sikkim,2026-08-20 19:57:09,67.07,78.56,0.843,98.0,21.4,95.7,0.39,38.0,1650,27.3389,88.6065,62.41,High
3,Gangtok Ridge,East Sikkim,Sikkim,2026-08-21 19:57:09,69.2,142.86,0.481,98.0,17.1,90.5,0.07,38.0,1650,27.3389,88.6065,57.72,High
3,Gangtok Ridge,East Sikkim,Sikkim,2026-08-22 19:57:09,56.11,192.38,0.29,98.0,18.8,98.7,0.34,38.0,1650,27.3389,88.6065,62.79,High
3,Gangtok Ridge,East Sikkim,Sikkim,2026-08-23 19:57:09,51.28,176.59,0.289,98.0,20.1,90.6,0.21,38.0,1650,27.3389,88.6065,64.38,High
3,Gangtok Ridge,East Sikkim,Sikkim,2026-08-24 19:57:09,150.36,257.75,0.581,98.0,17.8,98.7,0.26,38.0,1650,27.3389,88.6065,78.45,Critical
3,Gangtok Ridge,East Sikkim,Sikkim,2026-08-25 19:57:09,180.89,382.53,0.472,98.0,20.4,97.7,0.33,38.0,1650,27.3389,88.6065,73.17,High
3,Gangtok Ridge,East Sikkim,Sikkim,2026-08-26 19:57:09,83.97,415.22,0.202,98.0,17.0,95.7,0.26,38.0,1650,27.3389,88.6065,67.35,High
3,Gangtok Ridge,East Sikkim,Sikkim,2026-08-27 19:57:09,3.33,268.19,0.012,94.9,19.7,94.5,0.38,38.0,1650,27.3389,88.6065,60.6,High
3,Gangtok Ridge,East Sikkim,Sikkim,2026-08-28 19:57:09,6.44,93.74,0.068,91.69,18.5,87.8,0.18,38.0,1650,27.3389,88.6065,45.39,Moderate
3,Gangtok Ridge,East Sikkim,Sikkim,2026-08-29 19:57:09,1.63,11.4,0.132,88.67,18.6,93.2,0.34,38.0,1650,27.3389,88.6065,42.39,Moderate
3,Gangtok Ridge,East Sikkim,Sikkim,2026-08-30 19:57:09,1.05,9.12,0.103,86.25,20.1,88.4,0.11,38.0,1650,27.3389,88.6065,41.66,Moderate
3,Gangtok Ridge,East Sikkim,Sikkim,2026-08-31 19:57:09,16.29,18.97,0.816,84.02,19.1,90.6,0.35,38.0,1650,27.3389,88.6065,43.83,Moderate
3,Gangtok Ridge,East Sikkim,Sikkim,2026-09-01 19:57:09,31.28,48.62,0.63,91.84,20.2,90.3,0.2,38.0,1650,27.3389,88.6065,50.63,High
3,Gangtok Ridge,East Sikkim,Sikkim,2026-09-02 19:57:09,3.99,51.56,0.076,89.57,16.9,95.8,0.39,38.0,1650,27.3389,88.6065,35.92,Moderate
3,Gangtok Ridge,East Sikkim,Sikkim,2026-09-03 19:57:09,32.94,68.21,0.476,97.81,17.1,94.2,0.26,38.0,1650,27.3389,88.6065,50.97,High
3,Gangtok Ridge,East Sikkim,Sikkim,2026-09-04 19:57:09,4.29,41.22,0.102,94.19,19.3,96.8,0.31,38.0,1650,27.3389,88.6065,45.09,Moderate
3,Gangtok Ridge,East Sikkim,Sikkim,2026-09-05 19:57:09,36.04,73.27,0.485,98.0,20.2,91.2,0.03,38.0,1650,27.3389,88.6065,50.97,High
3,Gangtok Ridge,East Sikkim,Sikkim,2026-09-06 19:57:09,6.12,46.45,0.129,95.8,22.7,95.3,0.39,38.0,1650,27.3389,88.6065,51.18,High
3,Gangtok Ridge,East Sikkim,Sikkim,2026-09-07 19:57:09,135.15,177.31,0.758,98.0,21.5,92.7,0.3,38.0,1650,27.3389,88.6065,68.6,High
3,Gangtok Ridge,East Sikkim,Sikkim,2026-09-08 19:57:09,107.87,249.14,0.431,98.0,19.8,94.3,0.05,38.0,1650,27.3389,88.6065,68.44,High
3,Gangtok Ridge,East Sikkim,Sikkim,2026-09-09 19:57:09,126.63,369.65,0.342,98.0,19.6,93.9,0.21,38.0,1650,27.3389,88.6065,73.52,High
4,Mangan North Slope,North Sikkim,Sikkim,2026-06-12 19:57:09,1.3,3.25,0.306,32.58,22.9,69.4,0.33,48.5,1310,27.5042,88.5364,36.94,Moderate
4,Mangan North Slope,North Sikkim,Sikkim,2026-06-13 19:57:09,5.67,14.17,0.374,30.33,23.3,69.3,0.39,48.5,1310,27.5042,88.5364,31.19,Moderate
4,Mangan North Slope,North Sikkim,Sikkim,2026-06-14 19:57:09,6.37,13.34,0.444,27.02,22.6,64.7,0.39,48.5,1310,27.5042,88.5364,38.01,Moderate
4,Mangan North Slope,North Sikkim,Sikkim,2026-06-15 19:57:09,189.61,201.65,0.936,74.42,23.1,86.8,0.23,48.5,1310,27.5042,88.5364,75.27,Critical
4,Mangan North Slope,North Sikkim,Sikkim,2026-06-16 19:57:09,103.87,299.85,0.345,98.0,22.2,95.5,0.06,48.5,1310,27.5042,88.5364,77.89,Critical
4,Mangan North Slope,North Sikkim,Sikkim,2026-06-17 19:57:09,175.3,468.78,0.373,98.0,18.6,98.8,0.01,48.5,1310,27.5042,88.5364,86.38,Critical
4,Mangan North Slope,North Sikkim,Sikkim,2026-06-18 19:57:09,19.84,299.01,0.066,94.77,20.9,95.9,0.35,48.5,1310,27.5042,88.5364,70.54,High
4,Mangan North Slope,North Sikkim,Sikkim,2026-06-19 19:57:09,0.5,195.64,0.003,92.93,19.7,90.8,0.21,48.5,1310,27.5042,88.5364,60.33,High
4,Mangan North Slope,North Sikkim,Sikkim,2026-06-20 19:57:09,21.26,41.6,0.499,89.15,20.5,89.7,0.29,48.5,1310,27.5042,88.5364,56.6,High
4,Mangan North Slope,North Sikkim,Sikkim,2026-06-21 19:57:09,5.55,27.31,0.196,86.12,19.6,87.6,0.09,48.5,1310,27.5042,88.5364,49.58,Moderate
4,Mangan North Slope,North Sikkim,Sikkim,2026-06-22 19:57:09,2.38,29.19,0.079,83.9,19.7,91.4,0.14,48.5,1310,27.5042,88.5364,49.63,Moderate
4,Mangan North Slope,North Sikkim,Sikkim,2026-06-23 19:57:09,6.36,14.29,0.416,81.72,19.2,90.4,0.39,48.5,1310,27.5042,88.5364,51.15,High
4,Mangan North Slope,North Sikkim,Sikkim,2026-06-24 19:57:09,7.64,16.38,0.439,78.21,20.2,85.2,0.14,48.5,1310,27.5042,88.5364,52.16,High
4,Mangan North Slope,North Sikkim,Sikkim,2026-06-25 19:57:09,26.67,40.67,0.64,75.51,19.7,86.8,0.28,48.5,1310,27.5042,88.5364,49.29,Moderate
4,Mangan North Slope,North Sikkim,Sikkim,2026-06-26 19:57:09,50.02,84.33,0.586,88.01,22.0,88.2,0.21,48.5,1310,27.5042,88.5364,67.02,High
4,Mangan North Slope,North Sikkim,Sikkim,2026-06-27 19:57:09,0.42,77.11,0.005,85.48,22.8,85.9,0.0,48.5,1310,27.5042,88.5364,47.3,Moderate
4,Mangan North Slope,North Sikkim,Sikkim,2026-06-28 19:57:09,7.43,57.87,0.126,82.96,24.1,92.8,0.08,48.5,1310,27.5042,88.5364,50.45,High
4,Mangan North Slope,North Sikkim,Sikkim,2026-06-29 19:57:09,214.95,222.8,0.96,98.0,20.4,95.8,0.04,48.5,1310,27.5042,88.5364,88.72,Critical
4,Mangan North Slope,North Sikkim,Sikkim,2026-06-30 19:57:09,160.38,382.76,0.418,98.0,21.7,96.5,0.37,48.5,1310,27.5042,88.5364,86.72,Critical
4,Mangan North Slope,North Sikkim,Sikkim,2026-07-01 19:57:09,104.51,479.84,0.217,98.0,23.7,91.1,0.4,48.5,1310,27.5042,88.5364,78.77,Critical
4,Mangan North Slope,North Sikkim,Sikkim,2026-07-02 19:57:09,42.2,307.09,0.137,98.0,24.1,98.9,0.35,48.5,1310,27.5042,88.5364,73.51,High
4,Mangan North Slope,North Sikkim,Sikkim,2026-07-03 19:57:09,46.92,193.63,0.241,98.0,19.1,99.1,0.4,48.5,1310,27.5042,88.5364,68.02,High
4,Mangan North Slope,North Sikkim,Sikkim,2026-07-04 19:57:09,3.95,93.07,0.042,94.15,23.6,92.6,0.05,48.5,1310,27.5042,88.5364,56.07,High
4,Mangan North Slope,North Sikkim,Sikkim,2026-07-05 19:57:09,39.83,90.7,0.434,98.0,20.0,91.2,0.32,48.5,1310,27.5042,88.5364,66.75,High
4,Mangan North Slope,North Sikkim,Sikkim,2026-07-06 19:57:09,6.06,49.84,0.119,96.06,23.6,97.6,0.21,48.5,1310,27.5042,88.5364,57.6,High
4,Mangan North Slope,North Sikkim,Sikkim,2026-07-07 19:57:09,53.5,99.39,0.533,98.0,19.6,90.7,0.1,48.5,1310,27.5042,88.5364,65.46,High
4,Mangan North Slope,North Sikkim,Sikkim,2026-07-08 19:57:09,25.31,84.87,0.295,94.62,24.2,91.1,0.0,48.5,1310,27.5042,88.5364,61.74,High
4,Mangan North Slope,North Sikkim,Sikkim,2026-07-09 19:57:09,5.54,84.35,0.065,92.96,19.2,90.6,0.2,48.5,1310,27.5042,88.5364,57.55,High
4,Mangan North Slope,North Sikkim,Sikkim,2026-07-10 19:57:09,5.63,36.48,0.15,90.68,19.2,95.9,0.25,48.5,1310,27.5042,88.5364,55.35,High
4,Mangan North Slope,North Sikkim,Sikkim,2026-07-11 19:57:09,18.68,29.85,0.606,88.8,22.9,92.1,0.22,48.5,1310,27.5042,88.5364,57.98,High
4,Mangan North Slope,North Sikkim,Sikkim,2026-07-12 19:57:09,4.3,28.61,0.145,85.64,19.8,87.4,0.35,48.5,1310,27.5042,88.5364,48.46,Moderate
4,Mangan North Slope,North Sikkim,Sikkim,2026-07-13 19:57:09,91.46,114.44,0.792,98.0,21.1,96.3,0.23,48.5,1310,27.5042,88.5364,73.05,High
4,Mangan North Slope,North Sikkim,Sikkim,2026-07-14 19:57:09,88.65,184.41,0.478,98.0,21.7,94.4,0.06,48.5,1310,27.5042,88.5364,76.25,Critical
4,Mangan North Slope,North Sikkim,Sikkim,2026-07-15 19:57:09,125.94,306.05,0.41,98.0,21.6,90.5,0.23,48.5,1310,27.5042,88.5364,84.88,Critical
4,Mangan North Slope,North Sikkim,Sikkim,2026-07-16 19:57:09,43.17,257.76,0.167,98.0,23.3,93.8,0.18,48.5,1310,27.5042,88.5364,71.76,High
4,Mangan North Slope,North Sikkim,Sikkim,2026-07-17 19:57:09,40.05,209.16,0.191,98.0,23.3,96.5,0.33,48.5,1310,27.5042,88.5364,69.54,High
4,Mangan North Slope,North Sikkim,Sikkim,2026-07-18 19:57:09,4.63,87.85,0.052,96.39,20.5,89.4,0.37,48.5,1310,27.5042,88.5364,62.03,High
4,Mangan North Slope,North Sikkim,Sikkim,2026-07-19 19:57:09,70.7,115.38,0.607,98.0,18.6,93.4,0.31,48.5,1310,27.5042,88.5364,69.18,High
4,Mangan North Slope,North Sikkim,Sikkim,2026-07-20 19:57:09,5.17,80.5,0.063,95.45,24.4,92.2,0.36,48.5,1310,27.5042,88.5364,59.38,High
4,Mangan North Slope,North Sikkim,Sikkim,2026-07-21 19:57:09,54.38,130.25,0.414,98.0,22.4,94.7,0.14,48.5,1310,27.5042,88.5364,67.16,High
4,Mangan North Slope,North Sikkim,Sikkim,2026-07-22 19:57:09,44.92,104.47,0.426,98.0,21.6,96.6,0.0,48.5,1310,27.5042,88.5364,64.93,High
4,Mangan North Slope,North Sikkim,Sikkim,2026-07-23 19:57:09,29.39,128.69,0.227,94.82,21.7,93.5,0.1,48.5,1310,27.5042,88.5364,64.99,High
4,Mangan North Slope,North Sikkim,Sikkim,2026-07-24 19:57:09,27.92,102.23,0.27,90.97,22.8,88.0,0.17,48.5,1310,27.5042,88.5364,60.96,High
4,Mangan North Slope,North Sikkim,Sikkim,2026-07-25 19:57:09,7.07,64.38,0.108,89.43,19.7,87.3,3.23,48.5,1310,27.5042,88.5364,64.8,High
4,Mangan North Slope,North Sikkim,Sikkim,2026-07-26 19:57:09,0.39,35.38,0.011,86.08,20.9,87.5,0.35,48.5,1310,27.5042,88.5364,53.94,High
4,Mangan North Slope,North Sikkim,Sikkim,2026-07-27 19:57:09,87.9,95.36,0.912,98.0,21.5,92.2,0.29,48.5,1310,27.5042,88.5364,74.46,High
4,Mangan North Slope,North Sikkim,Sikkim,2026-07-28 19:57:09,124.65,212.94,0.583,98.0,22.0,96.0,0.12,48.5,1310,27.5042,88.5364,82.2,Critical
4,Mangan North Slope,North Sikkim,Sikkim,2026-07-29 19:57:09,100.06,312.61,0.319,98.0,22.4,91.5,0.02,48.5,1310,27.5042,88.5364,78.92,Critical
4,Mangan North Slope,North Sikkim,Sikkim,2026-07-30 19:57:09,7.04,231.75,0.03,94.22,22.2,92.2,0.39,48.5,1310,27.5042,88.5364,65.98,High
4,Mangan North Slope,North Sikkim,Sikkim,2026-07-31 19:57:09,5.37,112.47,0.047,90.76,20.4,90.9,0.15,48.5,1310,27.5042,88.5364,56.7,High
4,Mangan North Slope,North Sikkim,Sikkim,2026-08-01 19:57:09,3.79,16.2,0.22,87.13,20.3,92.6,0.37,48.5,1310,27.5042,88.5364,50.82,High
4,Mangan North Slope,North Sikkim,Sikkim,2026-08-02 19:57:09,7.74,16.9,0.432,84.24,19.3,86.9,0.26,48.5,1310,27.5042,88.5364,52.35,High
4,Mangan North Slope,North Sikkim,Sikkim,2026-08-03 19:57:09,6.78,18.31,0.351,82.51,22.8,85.8,0.27,48.5,1310,27.5042,88.5364,47.23,Moderate
4,Mangan North Slope,North Sikkim,Sikkim,2026-08-04 19:57:09,6.99,21.51,0.31,80.54,23.0,90.4,0.19,48.5,1310,27.5042,88.5364,53.34,High
4,Mangan North Slope,North Sikkim,Sikkim,2026-08-05 19:57:09,2.66,16.43,0.153,76.65,18.5,91.2,0.05,48.5,1310,27.5042,88.5364,43.1,Moderate
4,Mangan North Slope,North Sikkim,Sikkim,2026-08-06 19:57:09,3.83,13.48,0.265,74.54,22.1,83.1,0.22,48.5,1310,27.5042,88.5364,41.86,Moderate
4,Mangan North Slope,North Sikkim,Sikkim,2026-08-07 19:57:09,3.05,9.54,0.289,71.71,20.6,82.7,0.2,48.5,1310,27.5042,88.5364,46.42,Moderate
4,Mangan North Slope,North Sikkim,Sikkim,2026-08-08 19:57:09,73.79,80.67,0.904,90.15,21.3,95.0,0.15,48.5,1310,27.5042,88.5364,70.0,High
4,Mangan North Slope,North Sikkim,Sikkim,2026-08-09 19:57:09,46.56,123.4,0.374,98.0,19.8,90.8,0.37,48.5,1310,27.5042,88.5364,67.96,High
4,Mangan North Slope,North Sikkim,Sikkim,2026-08-10 19:57:09,161.08,281.43,0.57,98.0,21.0,90.8,0.15,48.5,1310,27.5042,88.5364,87.93,Critical
4,Mangan North Slope,North Sikkim,Sikkim,2026-08-11 19:57:09,196.67,404.31,0.485,98.0,21.4,95.8,0.1,48.5,1310,27.5042,88.5364,86.36,Critical
4,Mangan North Slope,North Sikkim,Sikkim,2026-08-12 19:57:09,195.02,552.77,0.352,98.0,24.2,95.7,0.07,48.5,1310,27.5042,88.5364,82.8,Critical
4,Mangan North Slope,North Sikkim,Sikkim,2026-08-13 19:57:09,1.35,393.04,0.003,94.7,21.4,97.3,0.26,48.5,1310,27.5042,88.5364,68.28,High
4,Mangan North Slope,North Sikkim,Sikkim,2026-08-14 19:57:09,12.2,208.57,0.058,91.08,24.1,93.6,0.16,48.5,1310,27.5042,88.5364,60.99,High
4,Mangan North Slope,North Sikkim,Sikkim,2026-08-15 19:57:09,1.85,15.4,0.113,87.81,18.5,90.8,0.25,48.5,1310,27.5042,88.5364,52.95,High
4,Mangan North Slope,North Sikkim,Sikkim,2026-08-16 19:57:09,4.93,18.98,0.247,85.11,21.4,84.9,0.0,48.5,1310,27.5042,88.5364,49.19,Moderate
4,Mangan North Slope,North Sikkim,Sikkim,2026-08-17 19:57:09,2.2,8.98,0.22,81.16,18.6,91.5,0.32,48.5,1310,27.5042,88.5364,45.25,Moderate
4,Mangan North Slope,North Sikkim,Sikkim,2026-08-18 19:57:09,0.86,7.99,0.095,79.42,19.3,84.7,0.33,48.5,1310,27.5042,88.5364,45.61,Moderate
4,Mangan North Slope,North Sikkim,Sikkim,2026-08-19 19:57:09,35.8,38.86,0.898,88.37,20.7,90.0,0.4,48.5,1310,27.5042,88.5364,62.54,High
4,Mangan North Slope,North Sikkim,Sikkim,2026-08-20 19:57:09,54.46,91.12,0.591,98.0,23.5,95.8,0.3,48.5,1310,27.5042,88.5364,66.25,High
4,Mangan North Slope,North Sikkim,Sikkim,2026-08-21 19:57:09,34.65,124.91,0.275,98.0,21.8,89.9,2.21,48.5,1310,27.5042,88.5364,67.08,High
4,Mangan North Slope,North Sikkim,Sikkim,2026-08-22 19:57:09,3.47,92.58,0.037,94.54,21.8,96.7,0.21,48.5,1310,27.5042,88.5364,58.41,High
4,Mangan North Slope,North Sikkim,Sikkim,2026-08-23 19:57:09,23.74,61.86,0.378,90.87,23.8,91.6,0.03,48.5,1310,27.5042,88.5364,57.7,High
4,Mangan North Slope,North Sikkim,Sikkim,2026-08-24 19:57:09,209.58,236.79,0.881,98.0,23.8,94.9,4.03,48.5,1310,27.5042,88.5364,97.88,Critical
4,Mangan North Slope,North Sikkim,Sikkim,2026-08-25 19:57:09,124.03,357.35,0.346,98.0,24.2,95.2,0.29,48.5,1310,27.5042,88.5364,81.42,Critical
4,Mangan North Slope,North Sikkim,Sikkim,2026-08-26 19:57:09,135.76,469.37,0.289,98.0,18.9,90.9,0.33,48.5,1310,27.5042,88.5364,83.94,Critical
4,Mangan North Slope,North Sikkim,Sikkim,2026-08-27 19:57:09,68.27,328.06,0.207,98.0,20.4,96.9,0.4,48.5,1310,27.5042,88.5364,73.08,High
4,Mangan North Slope,North Sikkim,Sikkim,2026-08-28 19:57:09,4.01,208.04,0.019,94.06,18.8,92.3,0.14,48.5,1310,27.5042,88.5364,59.8,High
4,Mangan North Slope,North Sikkim,Sikkim,2026-08-29 19:57:09,7.64,79.92,0.094,91.57,23.1,87.3,0.4,48.5,1310,27.5042,88.5364,54.52,High
4,Mangan North Slope,North Sikkim,Sikkim,2026-08-30 19:57:09,2.85,14.5,0.184,87.72,21.0,92.5,0.03,48.5,1310,27.5042,88.5364,49.81,Moderate
4,Mangan North Slope,North Sikkim,Sikkim,2026-08-31 19:57:09,6.38,16.87,0.357,84.44,18.9,86.1,0.25,48.5,1310,27.5042,88.5364,50.83,High
4,Mangan North Slope,North Sikkim,Sikkim,2026-09-01 19:57:09,2.53,11.76,0.198,82.67,18.5,87.0,0.11,48.5,1310,27.5042,88.5364,51.62,High
4,Mangan North Slope,North Sikkim,Sikkim,2026-09-02 19:57:09,22.18,31.09,0.691,80.05,21.8,87.1,2.65,48.5,1310,27.5042,88.5364,62.2,High
4,Mangan North Slope,North Sikkim,Sikkim,2026-09-03 19:57:09,48.87,73.58,0.655,92.27,20.4,91.1,0.16,48.5,1310,27.5042,88.5364,63.34,High
4,Mangan North Slope,North Sikkim,Sikkim,2026-09-04 19:57:09,68.57,139.62,0.488,98.0,23.9,99.1,0.07,48.5,1310,27.5042,88.5364,70.19,High
4,Mangan North Slope,North Sikkim,Sikkim,2026-09-05 19:57:09,19.02,136.46,0.138,95.75,21.4,89.1,0.17,48.5,1310,27.5042,88.5364,59.63,High
4,Mangan North Slope,North Sikkim,Sikkim,2026-09-06 19:57:09,0.62,88.21,0.007,93.62,19.9,94.0,0.08,48.5,1310,27.5042,88.5364,56.67,High
4,Mangan North Slope,North Sikkim,Sikkim,2026-09-07 19:57:09,94.98,114.62,0.821,98.0,20.3,98.8,0.25,48.5,1310,27.5042,88.5364,74.4,High
4,Mangan North Slope,North Sikkim,Sikkim,2026-09-08 19:57:09,192.57,288.17,0.666,98.0,20.4,92.6,0.34,48.5,1310,27.5042,88.5364,88.67,Critical
4,Mangan North Slope,North Sikkim,Sikkim,2026-09-09 19:57:09,216.39,503.94,0.429,98.0,19.3,92.5,0.08,48.5,1310,27.5042,88.5364,83.75,Critical
5,Itanagar Hills,Papum Pare,Arunachal Pradesh,2026-06-12 19:57:09,7.75,19.37,0.38,34.06,27.6,71.8,0.1,28.0,320,27.0844,93.6053,17.33,Low
5,Itanagar Hills,Papum Pare,Arunachal Pradesh,2026-06-13 19:57:09,6.53,16.33,0.377,31.57,24.1,71.7,0.22,28.0,320,27.0844,93.6053,19.3,Low
5,Itanagar Hills,Papum Pare,Arunachal Pradesh,2026-06-14 19:57:09,4.4,18.68,0.224,27.69,26.2,71.8,0.12,28.0,320,27.0844,93.6053,13.75,Low
5,Itanagar Hills,Papum Pare,Arunachal Pradesh,2026-06-15 19:57:09,6.55,17.48,0.354,24.2,25.9,68.5,0.1,28.0,320,27.0844,93.6053,15.32,Low
5,Itanagar Hills,Papum Pare,Arunachal Pradesh,2026-06-16 19:57:09,5.72,16.67,0.324,20.73,23.8,72.2,0.16,28.0,320,27.0844,93.6053,15.35,Low
5,Itanagar Hills,Papum Pare,Arunachal Pradesh,2026-06-17 19:57:09,7.36,19.63,0.357,20.0,26.7,69.9,0.36,28.0,320,27.0844,93.6053,13.43,Low
5,Itanagar Hills,Papum Pare,Arunachal Pradesh,2026-06-18 19:57:09,5.11,18.19,0.266,20.0,28.0,68.6,0.26,28.0,320,27.0844,93.6053,14.0,Low
5,Itanagar Hills,Papum Pare,Arunachal Pradesh,2026-06-19 19:57:09,86.2,98.67,0.865,41.55,29.3,76.3,0.3,28.0,320,27.0844,93.6053,34.2,Moderate
5,Itanagar Hills,Papum Pare,Arunachal Pradesh,2026-06-20 19:57:09,215.2,306.51,0.7,95.35,26.0,88.5,0.2,28.0,320,27.0844,93.6053,67.99,High
5,Itanagar Hills,Papum Pare,Arunachal Pradesh,2026-06-21 19:57:09,4.64,306.04,0.015,92.41,26.1,91.3,0.24,28.0,320,27.0844,93.6053,45.82,Moderate
5,Itanagar Hills,Papum Pare,Arunachal Pradesh,2026-06-22 19:57:09,2.76,222.6,0.012,90.85,24.0,91.0,0.05,28.0,320,27.0844,93.6053,42.82,Moderate
5,Itanagar Hills,Papum Pare,Arunachal Pradesh,2026-06-23 19:57:09,1.13,8.53,0.119,88.57,26.1,88.1,0.19,28.0,320,27.0844,93.6053,32.15,Moderate
5,Itanagar Hills,Papum Pare,Arunachal Pradesh,2026-06-24 19:57:09,5.57,9.46,0.533,86.27,25.2,93.3,0.34,28.0,320,27.0844,93.6053,36.45,Moderate
5,Itanagar Hills,Papum Pare,Arunachal Pradesh,2026-06-25 19:57:09,5.42,12.12,0.413,84.36,29.3,87.0,0.06,28.0,320,27.0844,93.6053,32.99,Moderate
5,Itanagar Hills,Papum Pare,Arunachal Pradesh,2026-06-26 19:57:09,7.67,18.66,0.39,82.28,25.8,85.6,0.17,28.0,320,27.0844,93.6053,35.46,Moderate
5,Itanagar Hills,Papum Pare,Arunachal Pradesh,2026-06-27 19:57:09,49.92,63.01,0.78,94.76,24.6,94.1,0.28,28.0,320,27.0844,93.6053,44.55,Moderate
5,Itanagar Hills,Papum Pare,Arunachal Pradesh,2026-06-28 19:57:09,58.9,116.49,0.501,98.0,28.3,89.9,0.35,28.0,320,27.0844,93.6053,51.23,High
5,Itanagar Hills,Papum Pare,Arunachal Pradesh,2026-06-29 19:57:09,31.19,140.01,0.221,98.0,26.1,91.9,0.21,28.0,320,27.0844,93.6053,45.73,Moderate
5,Itanagar Hills,Papum Pare,Arunachal Pradesh,2026-06-30 19:57:09,4.78,94.87,0.05,94.97,26.9,91.7,0.25,28.0,320,27.0844,93.6053,44.3,Moderate
5,Itanagar Hills,Papum Pare,Arunachal Pradesh,2026-07-01 19:57:09,5.65,41.62,0.133,92.73,27.1,88.3,0.05,28.0,320,27.0844,93.6053,32.91,Moderate
5,Itanagar Hills,Papum Pare,Arunachal Pradesh,2026-07-02 19:57:09,1.46,11.89,0.114,89.49,26.5,90.5,0.15,28.0,320,27.0844,93.6053,29.41,Moderate
5,Itanagar Hills,Papum Pare,Arunachal Pradesh,2026-07-03 19:57:09,51.31,58.42,0.864,98.0,27.6,95.8,0.22,28.0,320,27.0844,93.6053,47.36,Moderate
5,Itanagar Hills,Papum Pare,Arunachal Pradesh,2026-07-04 19:57:09,1.12,53.89,0.02,95.71,26.1,89.0,0.0,28.0,320,27.0844,93.6053,31.3,Moderate
5,Itanagar Hills,Papum Pare,Arunachal Pradesh,2026-07-05 19:57:09,62.99,115.42,0.541,98.0,29.2,94.4,0.27,28.0,320,27.0844,93.6053,48.39,Moderate
5,Itanagar Hills,Papum Pare,Arunachal Pradesh,2026-07-06 19:57:09,6.72,70.83,0.094,95.28,23.9,88.7,0.12,28.0,320,27.0844,93.6053,35.95,Moderate
5,Itanagar Hills,Papum Pare,Arunachal Pradesh,2026-07-07 19:57:09,4.3,74.01,0.057,93.36,26.1,95.1,0.22,28.0,320,27.0844,93.6053,37.25,Moderate
5,Itanagar Hills,Papum Pare,Arunachal Pradesh,2026-07-08 19:57:09,17.42,28.44,0.592,89.92,28.3,90.1,0.02,28.0,320,27.0844,93.6053,37.83,Moderate
5,Itanagar Hills,Papum Pare,Arunachal Pradesh,2026-07-09 19:57:09,180.66,202.38,0.888,98.0,26.7,99.2,0.33,28.0,320,27.0844,93.6053,70.98,High
5,Itanagar Hills,Papum Pare,Arunachal Pradesh,2026-07-10 19:57:09,185.19,383.27,0.482,98.0,25.2,99.3,0.14,28.0,320,27.0844,93.6053,69.29,High
5,Itanagar Hills,Papum Pare,Arunachal Pradesh,2026-07-11 19:57:09,3.51,369.36,0.009,94.02,28.1,90.3,0.24,28.0,320,27.0844,93.6053,47.01,Moderate
5,Itanagar Hills,Papum Pare,Arunachal Pradesh,2026-07-12 19:57:09,5.69,194.39,0.029,90.93,24.4,88.2,0.08,28.0,320,27.0844,93.6053,39.46,Moderate
5,Itanagar Hills,Papum Pare,Arunachal Pradesh,2026-07-13 19:57:09,32.8,42.0,0.763,98.0,25.1,94.7,0.28,28.0,320,27.0844,93.6053,46.47,Moderate
5,Itanagar Hills,Papum Pare,Arunachal Pradesh,2026-07-14 19:57:09,2.14,40.63,0.051,94.35,29.3,94.8,0.39,28.0,320,27.0844,93.6053,32.41,Moderate
5,Itanagar Hills,Papum Pare,Arunachal Pradesh,2026-07-15 19:57:09,7.35,42.29,0.17,90.37,28.6,87.9,0.1,28.0,320,27.0844,93.6053,38.58,Moderate
5,Itanagar Hills,Papum Pare,Arunachal Pradesh,2026-07-16 19:57:09,6.63,16.12,0.387,86.97,27.5,90.3,0.11,28.0,320,27.0844,93.6053,34.83,Moderate
5,Itanagar Hills,Papum Pare,Arunachal Pradesh,2026-07-17 19:57:09,3.62,17.6,0.194,83.89,28.7,85.3,0.11,28.0,320,27.0844,93.6053,28.21,Moderate
5,Itanagar Hills,Papum Pare,Arunachal Pradesh,2026-07-18 19:57:09,2.95,13.2,0.208,80.01,25.4,83.0,0.29,28.0,320,27.0844,93.6053,23.31,Low
5,Itanagar Hills,Papum Pare,Arunachal Pradesh,2026-07-19 19:57:09,3.67,10.24,0.326,76.85,25.5,82.5,0.09,28.0,320,27.0844,93.6053,29.67,Moderate
5,Itanagar Hills,Papum Pare,Arunachal Pradesh,2026-07-20 19:57:09,1.69,8.31,0.182,74.68,28.4,84.5,0.23,28.0,320,27.0844,93.6053,24.71,Low
5,Itanagar Hills,Papum Pare,Arunachal Pradesh,2026-07-21 19:57:09,2.75,8.11,0.302,71.47,23.7,81.0,0.18,28.0,320,27.0844,93.6053,26.95,Moderate
5,Itanagar Hills,Papum Pare,Arunachal Pradesh,2026-07-22 19:57:09,65.75,70.19,0.924,87.91,26.0,85.8,0.08,28.0,320,27.0844,93.6053,42.3,Moderate
5,Itanagar Hills,Papum Pare,Arunachal Pradesh,2026-07-23 19:57:09,1.06,69.56,0.015,84.78,24.4,94.0,0.26,28.0,320,27.0844,93.6053,30.77,Moderate
5,Itanagar Hills,Papum Pare,Arunachal Pradesh,2026-07-24 19:57:09,2.97,69.78,0.042,81.02,24.4,87.3,0.28,28.0,320,27.0844,93.6053,30.86,Moderate
5,Itanagar Hills,Papum Pare,Arunachal Pradesh,2026-07-25 19:57:09,52.61,56.64,0.913,94.18,27.6,88.0,0.05,28.0,320,27.0844,93.6053,47.36,Moderate
5,Itanagar Hills,Papum Pare,Arunachal Pradesh,2026-07-26 19:57:09,54.2,109.78,0.489,98.0,23.5,96.3,0.4,28.0,320,27.0844,93.6053,47.06,Moderate
5,Itanagar Hills,Papum Pare,Arunachal Pradesh,2026-07-27 19:57:09,1.06,107.87,0.01,96.32,25.7,96.0,0.13,28.0,320,27.0844,93.6053,41.25,Moderate
5,Itanagar Hills,Papum Pare,Arunachal Pradesh,2026-07-28 19:57:09,1.1,56.36,0.019,92.89,27.9,88.8,0.06,28.0,320,27.0844,93.6053,32.63,Moderate
5,Itanagar Hills,Papum Pare,Arunachal Pradesh,2026-07-29 19:57:09,154.27,156.43,0.98,98.0,23.5,95.8,0.29,28.0,320,27.0844,93.6053,64.51,High
5,Itanagar Hills,Papum Pare,Arunachal Pradesh,2026-07-30 19:57:09,167.93,323.3,0.518,98.0,24.3,93.4,0.34,28.0,320,27.0844,93.6053,67.79,High
5,Itanagar Hills,Papum Pare,Arunachal Pradesh,2026-07-31 19:57:09,16.53,338.73,0.049,94.62,26.9,92.0,0.13,28.0,320,27.0844,93.6053,51.24,High
5,Itanagar Hills,Papum Pare,Arunachal Pradesh,2026-08-01 19:57:09,28.0,212.46,0.131,92.91,26.7,93.5,0.31,28.0,320,27.0844,93.6053,47.82,Moderate
5,Itanagar Hills,Papum Pare,Arunachal Pradesh,2026-08-02 19:57:09,6.78,51.31,0.13,89.76,25.2,91.6,0.3,28.0,320,27.0844,93.6053,31.49,Moderate
5,Itanagar Hills,Papum Pare,Arunachal Pradesh,2026-08-03 19:57:09,0.44,35.22,0.012,86.02,29.1,90.1,0.2,28.0,320,27.0844,93.6053,27.15,Moderate
5,Itanagar Hills,Papum Pare,Arunachal Pradesh,2026-08-04 19:57:09,4.23,11.45,0.34,82.07,29.3,93.1,0.34,28.0,320,27.0844,93.6053,32.17,Moderate
5,Itanagar Hills,Papum Pare,Arunachal Pradesh,2026-08-05 19:57:09,2.92,7.59,0.34,78.87,28.0,92.1,0.01,28.0,320,27.0844,93.6053,27.83,Moderate
5,Itanagar Hills,Papum Pare,Arunachal Pradesh,2026-08-06 19:57:09,27.04,34.19,0.768,77.27,23.8,89.9,0.25,28.0,320,27.0844,93.6053,32.68,Moderate
5,Itanagar Hills,Papum Pare,Arunachal Pradesh,2026-08-07 19:57:09,3.32,33.28,0.097,74.01,23.9,86.3,0.11,28.0,320,27.0844,93.6053,29.92,Moderate
5,Itanagar Hills,Papum Pare,Arunachal Pradesh,2026-08-08 19:57:09,4.09,34.45,0.115,72.0,28.2,85.6,0.25,28.0,320,27.0844,93.6053,25.84,Moderate
5,Itanagar Hills,Papum Pare,Arunachal Pradesh,2026-08-09 19:57:09,5.45,12.86,0.393,70.34,27.6,86.9,0.02,28.0,320,27.0844,93.6053,27.7,Moderate
5,Itanagar Hills,Papum Pare,Arunachal Pradesh,2026-08-10 19:57:09,38.24,47.78,0.784,79.9,26.1,89.1,0.3,28.0,320,27.0844,93.6053,37.83,Moderate
5,Itanagar Hills,Papum Pare,Arunachal Pradesh,2026-08-11 19:57:09,0.96,44.65,0.021,76.63,27.6,83.5,0.21,28.0,320,27.0844,93.6053,32.64,Moderate
5,Itanagar Hills,Papum Pare,Arunachal Pradesh,2026-08-12 19:57:09,5.77,44.97,0.125,74.71,24.2,89.0,0.35,28.0,320,27.0844,93.6053,31.79,Moderate
5,Itanagar Hills,Papum Pare,Arunachal Pradesh,2026-08-13 19:57:09,0.23,6.96,0.029,71.19,25.0,80.6,0.23,28.0,320,27.0844,93.6053,22.85,Low
5,Itanagar Hills,Papum Pare,Arunachal Pradesh,2026-08-14 19:57:09,39.59,45.59,0.85,81.09,25.6,88.4,0.15,28.0,320,27.0844,93.6053,41.12,Moderate
5,Itanagar Hills,Papum Pare,Arunachal Pradesh,2026-08-15 19:57:09,0.82,40.64,0.02,78.16,27.7,84.6,0.02,28.0,320,27.0844,93.6053,29.37,Moderate
5,Itanagar Hills,Papum Pare,Arunachal Pradesh,2026-08-16 19:57:09,1.96,42.37,0.045,75.48,25.7,82.9,0.34,28.0,320,27.0844,93.6053,30.59,Moderate
5,Itanagar Hills,Papum Pare,Arunachal Pradesh,2026-08-17 19:57:09,7.31,10.09,0.659,72.13,25.9,83.5,0.29,28.0,320,27.0844,93.6053,25.93,Moderate
5,Itanagar Hills,Papum Pare,Arunachal Pradesh,2026-08-18 19:57:09,117.98,127.25,0.92,98.0,23.9,93.0,0.36,28.0,320,27.0844,93.6053,61.41,High
5,Itanagar Hills,Papum Pare,Arunachal Pradesh,2026-08-19 19:57:09,105.11,230.4,0.454,98.0,28.2,99.1,0.03,28.0,320,27.0844,93.6053,61.24,High
5,Itanagar Hills,Papum Pare,Arunachal Pradesh,2026-08-20 19:57:09,2.26,225.35,0.01,94.39,25.4,93.6,2.28,28.0,320,27.0844,93.6053,45.38,Moderate
5,Itanagar Hills,Papum Pare,Arunachal Pradesh,2026-08-21 19:57:09,2.43,109.8,0.022,91.33,26.2,92.9,0.31,28.0,320,27.0844,93.6053,34.61,Moderate
5,Itanagar Hills,Papum Pare,Arunachal Pradesh,2026-08-22 19:57:09,68.53,73.22,0.923,98.0,28.0,91.8,2.78,28.0,320,27.0844,93.6053,53.61,High
5,Itanagar Hills,Papum Pare,Arunachal Pradesh,2026-08-23 19:57:09,32.52,103.48,0.311,98.0,28.4,98.1,0.0,28.0,320,27.0844,93.6053,42.87,Moderate
5,Itanagar Hills,Papum Pare,Arunachal Pradesh,2026-08-24 19:57:09,6.79,107.84,0.062,94.68,24.0,93.4,0.2,28.0,320,27.0844,93.6053,41.27,Moderate
5,Itanagar Hills,Papum Pare,Arunachal Pradesh,2026-08-25 19:57:09,74.8,114.11,0.65,98.0,27.7,90.2,0.36,28.0,320,27.0844,93.6053,55.78,High
5,Itanagar Hills,Papum Pare,Arunachal Pradesh,2026-08-26 19:57:09,5.61,87.2,0.064,95.57,29.2,89.3,0.05,28.0,320,27.0844,93.6053,38.85,Moderate
5,Itanagar Hills,Papum Pare,Arunachal Pradesh,2026-08-27 19:57:09,0.6,81.01,0.007,92.65,26.0,97.1,0.1,28.0,320,27.0844,93.6053,40.46,Moderate
5,Itanagar Hills,Papum Pare,Arunachal Pradesh,2026-08-28 19:57:09,6.41,12.62,0.47,89.4,27.8,89.5,0.03,28.0,320,27.0844,93.6053,30.16,Moderate
5,Itanagar Hills,Papum Pare,Arunachal Pradesh,2026-08-29 19:57:09,60.7,67.71,0.883,98.0,26.9,90.9,0.19,28.0,320,27.0844,93.6053,46.16,Moderate
5,Itanagar Hills,Papum Pare,Arunachal Pradesh,2026-08-30 19:57:09,4.29,71.4,0.059,94.09,24.6,91.0,0.05,28.0,320,27.0844,93.6053,36.84,Moderate
5,Itanagar Hills,Papum Pare,Arunachal Pradesh,2026-08-31 19:57:09,54.59,119.58,0.453,98.0,28.4,96.3,0.33,28.0,320,27.0844,93.6053,49.22,Moderate
5,Itanagar Hills,Papum Pare,Arunachal Pradesh,2026-09-01 19:57:09,0.73,59.61,0.012,95.88,25.5,93.7,0.1,28.0,320,27.0844,93.6053,36.91,Moderate
5,Itanagar Hills,Papum Pare,Arunachal Pradesh,2026-09-02 19:57:09,0.25,55.57,0.004,93.37,26.1,95.2,0.18,28.0,320,27.0844,93.6053,30.34,Moderate
5,Itanagar Hills,Papum Pare,Arunachal Pradesh,2026-09-03 19:57:09,1.12,2.1,0.361,91.84,28.4,97.0,0.33,28.0,320,27.0844,93.6053,32.72,Moderate
5,Itanagar Hills,Papum Pare,Arunachal Pradesh,2026-09-04 19:57:09,5.04,6.41,0.68,88.73,26.9,88.6,0.01,28.0,320,27.0844,93.6053,31.68,Moderate
5,Itanagar Hills,Papum Pare,Arunachal Pradesh,2026-09-05 19:57:09,68.66,74.82,0.906,98.0,26.1,90.6,0.33,28.0,320,27.0844,93.6053,53.64,High
5,Itanagar Hills,Papum Pare,Arunachal Pradesh,2026-09-06 19:57:09,0.34,74.04,0.005,95.35,24.4,94.1,0.16,28.0,320,27.0844,93.6053,38.36,Moderate
5,Itanagar Hills,Papum Pare,Arunachal Pradesh,2026-09-07 19:57:09,84.13,153.13,0.546,98.0,27.5,91.0,0.07,28.0,320,27.0844,93.6053,51.22,High
5,Itanagar Hills,Papum Pare,Arunachal Pradesh,2026-09-08 19:57:09,119.18,203.65,0.582,98.0,28.7,89.6,0.1,28.0,320,27.0844,93.6053,58.69,High
5,Itanagar Hills,Papum Pare,Arunachal Pradesh,2026-09-09 19:57:09,3.3,206.61,0.016,95.12,23.8,91.1,0.08,28.0,320,27.0844,93.6053,41.54,Moderate
6,Tawang Pass,Tawang,Arunachal Pradesh,2026-06-12 19:57:09,5.05,12.62,0.371,44.19,14.5,80.4,0.14,44.0,3048,27.5861,91.8594,34.75,Moderate
6,Tawang Pass,Tawang,Arunachal Pradesh,2026-06-13 19:57:09,3.88,9.69,0.363,40.41,12.8,73.0,0.13,44.0,3048,27.5861,91.8594,36.2,Moderate
6,Tawang Pass,Tawang,Arunachal Pradesh,2026-06-14 19:57:09,68.22,77.15,0.873,57.46,14.4,75.7,0.21,44.0,3048,27.5861,91.8594,50.31,High
6,Tawang Pass,Tawang,Arunachal Pradesh,2026-06-15 19:57:09,8.0,80.1,0.099,53.53,10.4,80.3,0.33,44.0,3048,27.5861,91.8594,41.5,Moderate
6,Tawang Pass,Tawang,Arunachal Pradesh,2026-06-16 19:57:09,0.45,76.67,0.006,49.54,11.1,80.8,0.14,44.0,3048,27.5861,91.8594,36.8,Moderate
6,Tawang Pass,Tawang,Arunachal Pradesh,2026-06-17 19:57:09,6.76,15.21,0.417,47.6,13.3,79.7,0.37,44.0,3048,27.5861,91.8594,34.68,Moderate
6,Tawang Pass,Tawang,Arunachal Pradesh,2026-06-18 19:57:09,55.54,62.75,0.871,61.48,15.4,82.2,0.08,44.0,3048,27.5861,91.8594,51.57,High
6,Tawang Pass,Tawang,Arunachal Pradesh,2026-06-19 19:57:09,218.32,280.62,0.775,98.0,15.0,94.2,0.2,44.0,3048,27.5861,91.8594,84.07,Critical
6,Tawang Pass,Tawang,Arunachal Pradesh,2026-06-20 19:57:09,92.64,366.5,0.252,98.0,11.2,91.5,0.0,44.0,3048,27.5861,91.8594,75.63,Critical
6,Tawang Pass,Tawang,Arunachal Pradesh,2026-06-21 19:57:09,1.61,312.57,0.005,96.17,14.1,97.8,0.13,44.0,3048,27.5861,91.8594,64.01,High
6,Tawang Pass,Tawang,Arunachal Pradesh,2026-06-22 19:57:09,48.13,142.38,0.336,98.0,15.3,97.0,0.34,44.0,3048,27.5861,91.8594,70.25,High
6,Tawang Pass,Tawang,Arunachal Pradesh,2026-06-23 19:57:09,2.99,52.73,0.056,94.15,12.1,89.0,0.05,44.0,3048,27.5861,91.8594,53.77,High
6,Tawang Pass,Tawang,Arunachal Pradesh,2026-06-24 19:57:09,71.67,122.79,0.579,98.0,14.5,98.9,0.07,44.0,3048,27.5861,91.8594,67.12,High
6,Tawang Pass,Tawang,Arunachal Pradesh,2026-06-25 19:57:09,5.55,80.21,0.068,94.18,14.5,90.2,0.07,44.0,3048,27.5861,91.8594,55.87,High
6,Tawang Pass,Tawang,Arunachal Pradesh,2026-06-26 19:57:09,5.51,82.73,0.066,92.36,14.1,96.8,0.16,44.0,3048,27.5861,91.8594,54.33,High
6,Tawang Pass,Tawang,Arunachal Pradesh,2026-06-27 19:57:09,7.72,18.78,0.39,90.78,13.4,96.0,0.09,44.0,3048,27.5861,91.8594,51.14,High
6,Tawang Pass,Tawang,Arunachal Pradesh,2026-06-28 19:57:09,7.49,20.72,0.345,88.93,14.2,88.5,0.07,44.0,3048,27.5861,91.8594,51.94,High
6,Tawang Pass,Tawang,Arunachal Pradesh,2026-06-29 19:57:09,0.71,15.92,0.042,85.65,13.6,93.8,0.11,44.0,3048,27.5861,91.8594,49.43,Moderate
6,Tawang Pass,Tawang,Arunachal Pradesh,2026-06-30 19:57:09,14.41,22.61,0.61,83.51,10.4,84.2,0.29,44.0,3048,27.5861,91.8594,50.23,High
6,Tawang Pass,Tawang,Arunachal Pradesh,2026-07-01 19:57:09,7.08,22.2,0.305,80.78,12.0,88.7,0.19,44.0,3048,27.5861,91.8594,45.02,Moderate
6,Tawang Pass,Tawang,Arunachal Pradesh,2026-07-02 19:57:09,5.21,26.7,0.188,77.56,10.7,82.9,0.12,44.0,3048,27.5861,91.8594,44.36,Moderate
6,Tawang Pass,Tawang,Arunachal Pradesh,2026-07-03 19:57:09,7.61,19.9,0.364,75.88,10.8,85.3,0.22,44.0,3048,27.5861,91.8594,39.25,Moderate
6,Tawang Pass,Tawang,Arunachal Pradesh,2026-07-04 19:57:09,0.74,13.56,0.051,72.89,13.4,85.3,4.06,44.0,3048,27.5861,91.8594,50.27,High
6,Tawang Pass,Tawang,Arunachal Pradesh,2026-07-05 19:57:09,67.83,76.18,0.879,89.85,10.7,87.5,0.08,44.0,3048,27.5861,91.8594,68.42,High
6,Tawang Pass,Tawang,Arunachal Pradesh,2026-07-06 19:57:09,5.78,74.35,0.077,86.53,11.4,88.1,0.02,44.0,3048,27.5861,91.8594,55.43,High
6,Tawang Pass,Tawang,Arunachal Pradesh,2026-07-07 19:57:09,6.72,80.33,0.083,84.64,11.9,88.9,0.26,44.0,3048,27.5861,91.8594,50.42,High
6,Tawang Pass,Tawang,Arunachal Pradesh,2026-07-08 19:57:09,1.6,14.1,0.106,83.08,10.8,87.0,0.34,44.0,3048,27.5861,91.8594,48.06,Moderate
6,Tawang Pass,Tawang,Arunachal Pradesh,2026-07-09 19:57:09,123.17,131.49,0.93,98.0,12.1,94.2,0.04,44.0,3048,27.5861,91.8594,78.73,Critical
6,Tawang Pass,Tawang,Arunachal Pradesh,2026-07-10 19:57:09,156.18,280.95,0.554,98.0,10.9,98.2,0.18,44.0,3048,27.5861,91.8594,92.15,Critical
6,Tawang Pass,Tawang,Arunachal Pradesh,2026-07-11 19:57:09,3.72,283.07,0.013,95.93,11.4,89.2,0.27,44.0,3048,27.5861,91.8594,69.19,High
6,Tawang Pass,Tawang,Arunachal Pradesh,2026-07-12 19:57:09,32.35,192.25,0.167,98.0,13.0,99.0,0.22,44.0,3048,27.5861,91.8594,65.43,High
6,Tawang Pass,Tawang,Arunachal Pradesh,2026-07-13 19:57:09,6.55,42.62,0.15,95.45,13.0,97.1,0.35,44.0,3048,27.5861,91.8594,52.11,High
6,Tawang Pass,Tawang,Arunachal Pradesh,2026-07-14 19:57:09,0.63,39.53,0.016,91.7,14.0,92.1,0.32,44.0,3048,27.5861,91.8594,47.79,Moderate
6,Tawang Pass,Tawang,Arunachal Pradesh,2026-07-15 19:57:09,4.96,12.14,0.378,89.9,14.3,88.2,0.39,44.0,3048,27.5861,91.8594,51.37,High
6,Tawang Pass,Tawang,Arunachal Pradesh,2026-07-16 19:57:09,1.01,6.6,0.133,87.34,15.7,89.9,0.25,44.0,3048,27.5861,91.8594,46.12,Moderate
6,Tawang Pass,Tawang,Arunachal Pradesh,2026-07-17 19:57:09,2.06,8.03,0.228,83.56,15.2,84.9,0.16,44.0,3048,27.5861,91.8594,42.82,Moderate
6,Tawang Pass,Tawang,Arunachal Pradesh,2026-07-18 19:57:09,2.21,5.28,0.352,80.91,15.0,91.2,0.21,44.0,3048,27.5861,91.8594,44.06,Moderate
6,Tawang Pass,Tawang,Arunachal Pradesh,2026-07-19 19:57:09,3.32,7.59,0.386,79.04,13.3,90.2,0.37,44.0,3048,27.5861,91.8594,42.94,Moderate
6,Tawang Pass,Tawang,Arunachal Pradesh,2026-07-20 19:57:09,0.81,6.34,0.11,76.83,13.0,85.3,0.15,44.0,3048,27.5861,91.8594,47.54,Moderate
6,Tawang Pass,Tawang,Arunachal Pradesh,2026-07-21 19:57:09,4.87,9.0,0.487,75.24,11.4,82.8,0.28,44.0,3048,27.5861,91.8594,47.44,Moderate
6,Tawang Pass,Tawang,Arunachal Pradesh,2026-07-22 19:57:09,67.82,73.5,0.91,92.19,11.7,89.6,0.37,44.0,3048,27.5861,91.8594,66.61,High
6,Tawang Pass,Tawang,Arunachal Pradesh,2026-07-23 19:57:09,0.16,72.85,0.002,88.65,11.6,88.8,0.28,44.0,3048,27.5861,91.8594,55.59,High
6,Tawang Pass,Tawang,Arunachal Pradesh,2026-07-24 19:57:09,66.48,134.46,0.491,98.0,10.6,99.0,0.33,44.0,3048,27.5861,91.8594,68.51,High
6,Tawang Pass,Tawang,Arunachal Pradesh,2026-07-25 19:57:09,3.33,69.97,0.047,94.89,10.9,90.3,0.3,44.0,3048,27.5861,91.8594,53.03,High
6,Tawang Pass,Tawang,Arunachal Pradesh,2026-07-26 19:57:09,6.94,76.75,0.089,91.33,12.9,88.6,0.2,44.0,3048,27.5861,91.8594,57.79,High
6,Tawang Pass,Tawang,Arunachal Pradesh,2026-07-27 19:57:09,65.33,75.6,0.853,98.0,15.0,89.6,0.33,44.0,3048,27.5861,91.8594,70.22,High
6,Tawang Pass,Tawang,Arunachal Pradesh,2026-07-28 19:57:09,2.0,74.27,0.027,95.36,15.3,95.4,0.33,44.0,3048,27.5861,91.8594,52.96,High
6,Tawang Pass,Tawang,Arunachal Pradesh,2026-07-29 19:57:09,150.72,218.05,0.688,98.0,13.6,90.5,2.69,44.0,3048,27.5861,91.8594,88.67,Critical
6,Tawang Pass,Tawang,Arunachal Pradesh,2026-07-30 19:57:09,163.17,315.89,0.515,98.0,10.8,98.0,0.14,44.0,3048,27.5861,91.8594,82.79,Critical
6,Tawang Pass,Tawang,Arunachal Pradesh,2026-07-31 19:57:09,68.14,382.03,0.178,98.0,14.3,96.2,0.15,44.0,3048,27.5861,91.8594,71.19,High
6,Tawang Pass,Tawang,Arunachal Pradesh,2026-08-01 19:57:09,47.2,278.51,0.169,98.0,15.5,97.9,0.27,44.0,3048,27.5861,91.8594,73.92,High
6,Tawang Pass,Tawang,Arunachal Pradesh,2026-08-02 19:57:09,3.28,118.62,0.027,96.45,14.4,96.4,3.99,44.0,3048,27.5861,91.8594,74.91,High
6,Tawang Pass,Tawang,Arunachal Pradesh,2026-08-03 19:57:09,4.81,55.29,0.085,94.93,11.3,96.3,0.39,44.0,3048,27.5861,91.8594,51.24,High
6,Tawang Pass,Tawang,Arunachal Pradesh,2026-08-04 19:57:09,3.39,11.48,0.272,92.49,11.9,89.9,0.27,44.0,3048,27.5861,91.8594,52.42,High
6,Tawang Pass,Tawang,Arunachal Pradesh,2026-08-05 19:57:09,3.18,11.38,0.257,90.73,12.8,93.4,0.15,44.0,3048,27.5861,91.8594,48.36,Moderate
6,Tawang Pass,Tawang,Arunachal Pradesh,2026-08-06 19:57:09,4.87,11.44,0.392,88.49,10.4,86.6,0.26,44.0,3048,27.5861,91.8594,48.9,Moderate
6,Tawang Pass,Tawang,Arunachal Pradesh,2026-08-07 19:57:09,2.09,10.14,0.188,85.21,15.1,87.8,0.31,44.0,3048,27.5861,91.8594,45.91,Moderate
6,Tawang Pass,Tawang,Arunachal Pradesh,2026-08-08 19:57:09,6.44,13.4,0.447,81.7,13.4,90.2,0.29,44.0,3048,27.5861,91.8594,45.72,Moderate
6,Tawang Pass,Tawang,Arunachal Pradesh,2026-08-09 19:57:09,7.98,16.51,0.456,79.55,12.3,86.7,3.5,44.0,3048,27.5861,91.8594,57.07,High
6,Tawang Pass,Tawang,Arunachal Pradesh,2026-08-10 19:57:09,1.52,15.94,0.09,76.24,11.1,87.0,0.36,44.0,3048,27.5861,91.8594,41.79,Moderate
6,Tawang Pass,Tawang,Arunachal Pradesh,2026-08-11 19:57:09,4.06,13.56,0.279,72.62,14.8,89.2,0.04,44.0,3048,27.5861,91.8594,42.97,Moderate
6,Tawang Pass,Tawang,Arunachal Pradesh,2026-08-12 19:57:09,26.81,32.39,0.803,69.1,14.3,81.0,0.13,44.0,3048,27.5861,91.8594,49.2,Moderate
6,Tawang Pass,Tawang,Arunachal Pradesh,2026-08-13 19:57:09,33.09,63.96,0.509,77.38,14.2,85.2,0.13,44.0,3048,27.5861,91.8594,51.12,High
6,Tawang Pass,Tawang,Arunachal Pradesh,2026-08-14 19:57:09,2.35,62.25,0.037,73.75,12.6,89.5,0.38,44.0,3048,27.5861,91.8594,43.06,Moderate
6,Tawang Pass,Tawang,Arunachal Pradesh,2026-08-15 19:57:09,67.81,103.25,0.65,90.7,12.8,95.4,0.12,44.0,3048,27.5861,91.8594,63.07,High
6,Tawang Pass,Tawang,Arunachal Pradesh,2026-08-16 19:57:09,65.53,135.69,0.479,98.0,10.6,91.3,0.23,44.0,3048,27.5861,91.8594,69.93,High
6,Tawang Pass,Tawang,Arunachal Pradesh,2026-08-17 19:57:09,3.66,137.0,0.027,95.71,14.1,96.3,0.25,44.0,3048,27.5861,91.8594,60.19,High
6,Tawang Pass,Tawang,Arunachal Pradesh,2026-08-18 19:57:09,104.76,173.95,0.599,98.0,13.6,89.3,0.3,44.0,3048,27.5861,91.8594,72.71,High
6,Tawang Pass,Tawang,Arunachal Pradesh,2026-08-19 19:57:09,103.6,212.02,0.486,98.0,14.3,94.2,0.04,44.0,3048,27.5861,91.8594,75.83,Critical
6,Tawang Pass,Tawang,Arunachal Pradesh,2026-08-20 19:57:09,5.07,213.43,0.024,95.49,15.6,92.3,2.28,44.0,3048,27.5861,91.8594,69.64,High
6,Tawang Pass,Tawang,Arunachal Pradesh,2026-08-21 19:57:09,0.11,108.78,0.001,93.19,14.8,89.5,0.25,44.0,3048,27.5861,91.8594,51.7,High
6,Tawang Pass,Tawang,Arunachal Pradesh,2026-08-22 19:57:09,55.08,60.26,0.899,98.0,11.8,90.6,0.24,44.0,3048,27.5861,91.8594,68.79,High
6,Tawang Pass,Tawang,Arunachal Pradesh,2026-08-23 19:57:09,63.55,118.74,0.531,98.0,11.5,92.2,0.24,44.0,3048,27.5861,91.8594,65.87,High
6,Tawang Pass,Tawang,Arunachal Pradesh,2026-08-24 19:57:09,7.1,125.73,0.056,94.01,11.8,96.9,0.08,44.0,3048,27.5861,91.8594,59.12,High
6,Tawang Pass,Tawang,Arunachal Pradesh,2026-08-25 19:57:09,7.35,78.0,0.093,91.5,11.1,94.3,0.29,44.0,3048,27.5861,91.8594,52.36,High
6,Tawang Pass,Tawang,Arunachal Pradesh,2026-08-26 19:57:09,1.35,15.8,0.08,89.09,13.7,86.6,0.1,44.0,3048,27.5861,91.8594,44.68,Moderate
6,Tawang Pass,Tawang,Arunachal Pradesh,2026-08-27 19:57:09,0.39,9.09,0.039,85.1,13.7,91.3,3.46,44.0,3048,27.5861,91.8594,52.44,High
6,Tawang Pass,Tawang,Arunachal Pradesh,2026-08-28 19:57:09,3.04,4.78,0.526,82.23,12.6,85.3,0.25,44.0,3048,27.5861,91.8594,48.2,Moderate
6,Tawang Pass,Tawang,Arunachal Pradesh,2026-08-29 19:57:09,5.29,8.72,0.544,79.08,11.4,88.7,0.33,44.0,3048,27.5861,91.8594,48.09,Moderate
6,Tawang Pass,Tawang,Arunachal Pradesh,2026-08-30 19:57:09,56.72,65.05,0.859,93.26,10.5,88.8,0.08,44.0,3048,27.5861,91.8594,62.56,High
6,Tawang Pass,Tawang,Arunachal Pradesh,2026-08-31 19:57:09,27.09,89.1,0.301,90.45,11.0,93.7,0.02,44.0,3048,27.5861,91.8594,57.65,High
6,Tawang Pass,Tawang,Arunachal Pradesh,2026-09-01 19:57:09,1.66,85.47,0.019,86.61,11.7,85.3,0.36,44.0,3048,27.5861,91.8594,47.67,Moderate
6,Tawang Pass,Tawang,Arunachal Pradesh,2026-09-02 19:57:09,5.35,34.1,0.152,84.74,10.3,89.8,0.04,44.0,3048,27.5861,91.8594,48.29,Moderate
6,Tawang Pass,Tawang,Arunachal Pradesh,2026-09-03 19:57:09,1.85,8.86,0.188,80.77,11.5,87.9,0.07,44.0,3048,27.5861,91.8594,42.09,Moderate
6,Tawang Pass,Tawang,Arunachal Pradesh,2026-09-04 19:57:09,28.89,36.09,0.779,77.27,11.6,89.4,0.3,44.0,3048,27.5861,91.8594,51.11,High
6,Tawang Pass,Tawang,Arunachal Pradesh,2026-09-05 19:57:09,65.38,96.12,0.673,93.61,13.7,89.5,0.18,44.0,3048,27.5861,91.8594,65.76,High
6,Tawang Pass,Tawang,Arunachal Pradesh,2026-09-06 19:57:09,7.03,101.3,0.069,91.88,14.6,89.0,0.38,44.0,3048,27.5861,91.8594,53.55,High
6,Tawang Pass,Tawang,Arunachal Pradesh,2026-09-07 19:57:09,118.06,190.47,0.617,98.0,12.1,97.8,0.26,44.0,3048,27.5861,91.8594,76.48,Critical
6,Tawang Pass,Tawang,Arunachal Pradesh,2026-09-08 19:57:09,191.57,316.66,0.603,98.0,10.4,96.3,0.38,44.0,3048,27.5861,91.8594,88.64,Critical
6,Tawang Pass,Tawang,Arunachal Pradesh,2026-09-09 19:57:09,37.04,346.67,0.107,98.0,13.3,97.3,0.07,44.0,3048,27.5861,91.8594,70.04,High
7,Aizawl Ridge,Aizawl,Mizoram,2026-06-12 19:57:09,0.23,0.58,0.146,34.38,24.4,76.8,0.37,40.2,1132,23.7271,92.7176,27.01,Moderate
7,Aizawl Ridge,Aizawl,Mizoram,2026-06-13 19:57:09,36.73,91.83,0.396,43.57,19.6,72.9,0.28,40.2,1132,23.7271,92.7176,32.79,Moderate
7,Aizawl Ridge,Aizawl,Mizoram,2026-06-14 19:57:09,6.14,43.1,0.139,40.63,22.7,79.0,0.14,40.2,1132,23.7271,92.7176,29.76,Moderate
7,Aizawl Ridge,Aizawl,Mizoram,2026-06-15 19:57:09,5.6,48.47,0.113,38.89,23.3,71.1,0.27,40.2,1132,23.7271,92.7176,32.07,Moderate
7,Aizawl Ridge,Aizawl,Mizoram,2026-06-16 19:57:09,6.71,18.45,0.345,35.99,25.3,68.1,0.06,40.2,1132,23.7271,92.7176,20.67,Low
7,Aizawl Ridge,Aizawl,Mizoram,2026-06-17 19:57:09,6.81,19.12,0.339,32.32,19.8,71.2,0.39,40.2,1132,23.7271,92.7176,24.63,Low
7,Aizawl Ridge,Aizawl,Mizoram,2026-06-18 19:57:09,24.48,38.0,0.628,29.21,21.8,67.6,0.32,40.2,1132,23.7271,92.7176,33.15,Moderate
7,Aizawl Ridge,Aizawl,Mizoram,2026-06-19 19:57:09,142.73,174.02,0.816,64.89,24.5,82.2,0.2,40.2,1132,23.7271,92.7176,59.56,High
7,Aizawl Ridge,Aizawl,Mizoram,2026-06-20 19:57:09,171.47,338.68,0.505,98.0,20.0,93.4,0.0,40.2,1132,23.7271,92.7176,79.04,Critical
7,Aizawl Ridge,Aizawl,Mizoram,2026-06-21 19:57:09,49.27,363.47,0.135,98.0,23.1,92.3,0.08,40.2,1132,23.7271,92.7176,64.51,High
7,Aizawl Ridge,Aizawl,Mizoram,2026-06-22 19:57:09,7.6,228.34,0.033,95.59,19.7,90.7,0.22,40.2,1132,23.7271,92.7176,57.33,High
7,Aizawl Ridge,Aizawl,Mizoram,2026-06-23 19:57:09,3.79,60.66,0.061,92.45,23.6,88.5,0.09,40.2,1132,23.7271,92.7176,46.24,Moderate
7,Aizawl Ridge,Aizawl,Mizoram,2026-06-24 19:57:09,6.64,18.03,0.349,88.54,21.1,91.2,0.02,40.2,1132,23.7271,92.7176,46.25,Moderate
7,Aizawl Ridge,Aizawl,Mizoram,2026-06-25 19:57:09,19.13,29.56,0.626,85.25,23.7,85.9,0.08,40.2,1132,23.7271,92.7176,47.06,Moderate
7,Aizawl Ridge,Aizawl,Mizoram,2026-06-26 19:57:09,3.14,28.91,0.105,82.6,24.0,91.1,0.17,40.2,1132,23.7271,92.7176,41.27,Moderate
7,Aizawl Ridge,Aizawl,Mizoram,2026-06-27 19:57:09,6.7,28.97,0.224,79.63,24.0,87.4,0.38,40.2,1132,23.7271,92.7176,38.73,Moderate
7,Aizawl Ridge,Aizawl,Mizoram,2026-06-28 19:57:09,42.42,52.26,0.796,90.24,22.5,87.1,0.34,40.2,1132,23.7271,92.7176,52.98,High
7,Aizawl Ridge,Aizawl,Mizoram,2026-06-29 19:57:09,4.07,53.19,0.075,86.43,20.4,91.0,0.05,40.2,1132,23.7271,92.7176,42.29,Moderate
7,Aizawl Ridge,Aizawl,Mizoram,2026-06-30 19:57:09,4.8,51.29,0.092,82.73,22.4,87.8,0.37,40.2,1132,23.7271,92.7176,42.99,Moderate
7,Aizawl Ridge,Aizawl,Mizoram,2026-07-01 19:57:09,2.19,11.06,0.182,78.82,25.2,87.1,0.17,40.2,1132,23.7271,92.7176,36.78,Moderate
7,Aizawl Ridge,Aizawl,Mizoram,2026-07-02 19:57:09,5.99,12.98,0.428,76.57,23.5,90.4,0.37,40.2,1132,23.7271,92.7176,39.63,Moderate
7,Aizawl Ridge,Aizawl,Mizoram,2026-07-03 19:57:09,1.61,9.79,0.149,73.51,21.1,84.2,0.39,40.2,1132,23.7271,92.7176,41.05,Moderate
7,Aizawl Ridge,Aizawl,Mizoram,2026-07-04 19:57:09,7.67,15.27,0.471,70.75,23.5,83.0,0.14,40.2,1132,23.7271,92.7176,39.32,Moderate
7,Aizawl Ridge,Aizawl,Mizoram,2026-07-05 19:57:09,4.57,13.85,0.308,67.58,21.8,86.1,0.11,40.2,1132,23.7271,92.7176,33.17,Moderate
7,Aizawl Ridge,Aizawl,Mizoram,2026-07-06 19:57:09,6.47,18.71,0.328,64.78,19.5,79.1,0.08,40.2,1132,23.7271,92.7176,36.66,Moderate
7,Aizawl Ridge,Aizawl,Mizoram,2026-07-07 19:57:09,1.29,12.33,0.097,62.56,20.8,85.3,0.12,40.2,1132,23.7271,92.7176,30.84,Moderate
7,Aizawl Ridge,Aizawl,Mizoram,2026-07-08 19:57:09,0.26,8.02,0.029,59.02,20.0,84.3,0.35,40.2,1132,23.7271,92.7176,25.62,Moderate
7,Aizawl Ridge,Aizawl,Mizoram,2026-07-09 19:57:09,183.94,185.49,0.986,98.0,22.7,91.7,0.32,40.2,1132,23.7271,92.7176,74.94,High
7,Aizawl Ridge,Aizawl,Mizoram,2026-07-10 19:57:09,120.27,304.47,0.394,98.0,23.3,98.6,0.38,40.2,1132,23.7271,92.7176,69.7,High
7,Aizawl Ridge,Aizawl,Mizoram,2026-07-11 19:57:09,2.5,306.71,0.008,95.12,19.4,90.8,0.31,40.2,1132,23.7271,92.7176,59.17,High
7,Aizawl Ridge,Aizawl,Mizoram,2026-07-12 19:57:09,6.64,129.41,0.051,91.34,23.6,93.4,0.22,40.2,1132,23.7271,92.7176,49.96,Moderate
7,Aizawl Ridge,Aizawl,Mizoram,2026-07-13 19:57:09,6.21,15.35,0.38,87.43,21.1,87.4,0.07,40.2,1132,23.7271,92.7176,47.15,Moderate
7,Aizawl Ridge,Aizawl,Mizoram,2026-07-14 19:57:09,43.4,56.25,0.758,98.0,21.6,93.6,0.05,40.2,1132,23.7271,92.7176,58.62,High
7,Aizawl Ridge,Aizawl,Mizoram,2026-07-15 19:57:09,2.04,51.65,0.039,95.67,23.6,90.0,0.13,40.2,1132,23.7271,92.7176,47.14,Moderate
7,Aizawl Ridge,Aizawl,Mizoram,2026-07-16 19:57:09,70.6,116.04,0.603,98.0,23.0,95.9,0.23,40.2,1132,23.7271,92.7176,64.19,High
7,Aizawl Ridge,Aizawl,Mizoram,2026-07-17 19:57:09,6.27,78.91,0.078,95.71,20.7,90.3,0.2,40.2,1132,23.7271,92.7176,44.02,Moderate
7,Aizawl Ridge,Aizawl,Mizoram,2026-07-18 19:57:09,4.3,81.17,0.052,93.98,20.7,90.0,0.14,40.2,1132,23.7271,92.7176,49.11,Moderate
7,Aizawl Ridge,Aizawl,Mizoram,2026-07-19 19:57:09,58.92,69.49,0.836,98.0,22.5,99.3,0.39,40.2,1132,23.7271,92.7176,63.08,High
7,Aizawl Ridge,Aizawl,Mizoram,2026-07-20 19:57:09,53.48,116.7,0.454,98.0,22.0,98.3,0.25,40.2,1132,23.7271,92.7176,55.27,High
7,Aizawl Ridge,Aizawl,Mizoram,2026-07-21 19:57:09,5.46,117.86,0.046,95.7,24.8,97.9,0.22,40.2,1132,23.7271,92.7176,54.29,High
7,Aizawl Ridge,Aizawl,Mizoram,2026-07-22 19:57:09,7.29,66.23,0.108,92.14,21.6,95.3,0.02,40.2,1132,23.7271,92.7176,47.92,Moderate
7,Aizawl Ridge,Aizawl,Mizoram,2026-07-23 19:57:09,1.54,14.29,0.101,89.36,25.0,87.9,0.22,40.2,1132,23.7271,92.7176,41.65,Moderate
7,Aizawl Ridge,Aizawl,Mizoram,2026-07-24 19:57:09,14.26,23.09,0.592,86.18,24.0,93.8,0.04,40.2,1132,23.7271,92.7176,47.26,Moderate
7,Aizawl Ridge,Aizawl,Mizoram,2026-07-25 19:57:09,5.62,21.42,0.251,82.24,24.0,90.3,0.3,40.2,1132,23.7271,92.7176,45.96,Moderate
7,Aizawl Ridge,Aizawl,Mizoram,2026-07-26 19:57:09,39.85,59.73,0.656,92.2,21.3,88.1,0.32,40.2,1132,23.7271,92.7176,54.31,High
7,Aizawl Ridge,Aizawl,Mizoram,2026-07-27 19:57:09,4.6,50.07,0.09,90.13,20.9,90.4,0.17,40.2,1132,23.7271,92.7176,45.73,Moderate
7,Aizawl Ridge,Aizawl,Mizoram,2026-07-28 19:57:09,53.76,98.21,0.542,98.0,22.5,95.7,0.3,40.2,1132,23.7271,92.7176,57.86,High
7,Aizawl Ridge,Aizawl,Mizoram,2026-07-29 19:57:09,161.99,220.35,0.732,98.0,23.5,90.0,0.04,40.2,1132,23.7271,92.7176,74.28,High
7,Aizawl Ridge,Aizawl,Mizoram,2026-07-30 19:57:09,190.16,405.91,0.467,98.0,21.1,90.2,0.18,40.2,1132,23.7271,92.7176,79.92,Critical
7,Aizawl Ridge,Aizawl,Mizoram,2026-07-31 19:57:09,5.29,357.44,0.015,95.32,22.5,89.7,0.32,40.2,1132,23.7271,92.7176,58.3,High
7,Aizawl Ridge,Aizawl,Mizoram,2026-08-01 19:57:09,7.68,203.13,0.038,93.45,23.4,96.9,0.29,40.2,1132,23.7271,92.7176,55.02,High
7,Aizawl Ridge,Aizawl,Mizoram,2026-08-02 19:57:09,7.6,20.57,0.352,90.57,22.7,87.9,3.23,40.2,1132,23.7271,92.7176,52.07,High
7,Aizawl Ridge,Aizawl,Mizoram,2026-08-03 19:57:09,7.58,22.86,0.318,88.31,23.8,94.9,0.17,40.2,1132,23.7271,92.7176,44.54,Moderate
7,Aizawl Ridge,Aizawl,Mizoram,2026-08-04 19:57:09,4.1,19.28,0.202,86.41,20.7,93.6,0.07,40.2,1132,23.7271,92.7176,42.51,Moderate
7,Aizawl Ridge,Aizawl,Mizoram,2026-08-05 19:57:09,6.82,18.5,0.35,82.78,24.9,93.9,0.22,40.2,1132,23.7271,92.7176,43.49,Moderate
7,Aizawl Ridge,Aizawl,Mizoram,2026-08-06 19:57:09,0.54,11.46,0.043,81.03,23.7,88.2,0.05,40.2,1132,23.7271,92.7176,37.25,Moderate
7,Aizawl Ridge,Aizawl,Mizoram,2026-08-07 19:57:09,0.8,8.16,0.087,77.98,24.7,85.5,0.25,40.2,1132,23.7271,92.7176,36.61,Moderate
7,Aizawl Ridge,Aizawl,Mizoram,2026-08-08 19:57:09,4.67,6.01,0.666,75.07,21.5,84.4,0.0,40.2,1132,23.7271,92.7176,37.43,Moderate
7,Aizawl Ridge,Aizawl,Mizoram,2026-08-09 19:57:09,24.4,29.87,0.79,71.72,22.0,88.5,0.29,40.2,1132,23.7271,92.7176,42.13,Moderate
7,Aizawl Ridge,Aizawl,Mizoram,2026-08-10 19:57:09,3.7,32.77,0.11,69.32,21.2,84.8,0.24,40.2,1132,23.7271,92.7176,36.44,Moderate
7,Aizawl Ridge,Aizawl,Mizoram,2026-08-11 19:57:09,6.87,34.97,0.191,67.47,22.6,81.2,0.03,40.2,1132,23.7271,92.7176,37.0,Moderate
7,Aizawl Ridge,Aizawl,Mizoram,2026-08-12 19:57:09,11.21,21.78,0.492,64.71,19.5,83.5,0.24,40.2,1132,23.7271,92.7176,33.74,Moderate
7,Aizawl Ridge,Aizawl,Mizoram,2026-08-13 19:57:09,4.41,22.49,0.188,61.85,25.3,81.4,0.15,40.2,1132,23.7271,92.7176,34.66,Moderate
7,Aizawl Ridge,Aizawl,Mizoram,2026-08-14 19:57:09,60.19,75.81,0.784,76.89,23.7,84.8,0.2,40.2,1132,23.7271,92.7176,54.34,High
7,Aizawl Ridge,Aizawl,Mizoram,2026-08-15 19:57:09,4.02,68.62,0.058,73.74,24.4,88.9,0.07,40.2,1132,23.7271,92.7176,39.83,Moderate
7,Aizawl Ridge,Aizawl,Mizoram,2026-08-16 19:57:09,3.57,67.78,0.052,71.79,25.0,86.7,0.29,40.2,1132,23.7271,92.7176,42.87,Moderate
7,Aizawl Ridge,Aizawl,Mizoram,2026-08-17 19:57:09,2.87,10.46,0.25,69.74,22.3,80.0,0.02,40.2,1132,23.7271,92.7176,32.34,Moderate
7,Aizawl Ridge,Aizawl,Mizoram,2026-08-18 19:57:09,108.95,115.39,0.936,96.98,24.8,92.6,0.18,40.2,1132,23.7271,92.7176,65.54,High
7,Aizawl Ridge,Aizawl,Mizoram,2026-08-19 19:57:09,86.5,198.32,0.434,98.0,25.2,92.5,0.21,40.2,1132,23.7271,92.7176,61.66,High
7,Aizawl Ridge,Aizawl,Mizoram,2026-08-20 19:57:09,6.68,202.13,0.033,95.84,22.6,90.3,0.15,40.2,1132,23.7271,92.7176,59.52,High
7,Aizawl Ridge,Aizawl,Mizoram,2026-08-21 19:57:09,6.68,99.86,0.066,93.05,21.6,96.6,0.14,40.2,1132,23.7271,92.7176,50.86,High
7,Aizawl Ridge,Aizawl,Mizoram,2026-08-22 19:57:09,3.89,17.25,0.213,90.34,23.0,91.6,0.07,40.2,1132,23.7271,92.7176,43.28,Moderate
7,Aizawl Ridge,Aizawl,Mizoram,2026-08-23 19:57:09,51.83,62.4,0.817,98.0,20.6,91.2,0.29,40.2,1132,23.7271,92.7176,60.46,High
7,Aizawl Ridge,Aizawl,Mizoram,2026-08-24 19:57:09,24.97,80.69,0.306,94.47,23.7,92.9,0.08,40.2,1132,23.7271,92.7176,48.02,Moderate
7,Aizawl Ridge,Aizawl,Mizoram,2026-08-25 19:57:09,64.17,140.97,0.452,98.0,19.5,89.7,0.06,40.2,1132,23.7271,92.7176,67.18,High
7,Aizawl Ridge,Aizawl,Mizoram,2026-08-26 19:57:09,0.31,89.45,0.003,95.07,19.7,90.9,0.38,40.2,1132,23.7271,92.7176,49.69,Moderate
7,Aizawl Ridge,Aizawl,Mizoram,2026-08-27 19:57:09,4.51,68.99,0.064,93.52,23.7,94.4,0.03,40.2,1132,23.7271,92.7176,47.9,Moderate
7,Aizawl Ridge,Aizawl,Mizoram,2026-08-28 19:57:09,7.94,12.76,0.577,89.85,20.4,94.8,0.32,40.2,1132,23.7271,92.7176,48.19,Moderate
7,Aizawl Ridge,Aizawl,Mizoram,2026-08-29 19:57:09,1.46,13.91,0.098,86.71,20.9,92.6,0.18,40.2,1132,23.7271,92.7176,42.57,Moderate
7,Aizawl Ridge,Aizawl,Mizoram,2026-08-30 19:57:09,1.84,11.24,0.15,84.24,20.0,86.5,0.2,40.2,1132,23.7271,92.7176,40.73,Moderate
7,Aizawl Ridge,Aizawl,Mizoram,2026-08-31 19:57:09,1.2,4.5,0.218,82.5,22.2,90.0,3.68,40.2,1132,23.7271,92.7176,47.48,Moderate
7,Aizawl Ridge,Aizawl,Mizoram,2026-09-01 19:57:09,0.94,3.98,0.189,79.8,20.1,89.0,0.36,40.2,1132,23.7271,92.7176,39.16,Moderate
7,Aizawl Ridge,Aizawl,Mizoram,2026-09-02 19:57:09,5.19,7.33,0.623,76.99,21.6,82.4,0.09,40.2,1132,23.7271,92.7176,45.07,Moderate
7,Aizawl Ridge,Aizawl,Mizoram,2026-09-03 19:57:09,6.32,12.45,0.47,74.54,22.9,88.5,0.28,40.2,1132,23.7271,92.7176,41.78,Moderate
7,Aizawl Ridge,Aizawl,Mizoram,2026-09-04 19:57:09,18.7,30.21,0.599,71.84,20.7,88.7,0.35,40.2,1132,23.7271,92.7176,44.89,Moderate
7,Aizawl Ridge,Aizawl,Mizoram,2026-09-05 19:57:09,1.51,26.53,0.055,68.57,24.1,84.8,0.0,40.2,1132,23.7271,92.7176,33.24,Moderate
7,Aizawl Ridge,Aizawl,Mizoram,2026-09-06 19:57:09,5.5,25.71,0.206,66.28,21.5,79.7,0.1,40.2,1132,23.7271,92.7176,31.67,Moderate
7,Aizawl Ridge,Aizawl,Mizoram,2026-09-07 19:57:09,199.7,206.71,0.961,98.0,21.9,93.0,0.27,40.2,1132,23.7271,92.7176,77.9,Critical
7,Aizawl Ridge,Aizawl,Mizoram,2026-09-08 19:57:09,185.7,390.9,0.474,98.0,21.8,97.1,0.15,40.2,1132,23.7271,92.7176,78.02,Critical
7,Aizawl Ridge,Aizawl,Mizoram,2026-09-09 19:57:09,2.03,387.43,0.005,95.73,21.4,95.6,0.34,40.2,1132,23.7271,92.7176,63.09,High
8,Lunglei South,Lunglei,Mizoram,2026-06-12 19:57:09,3.57,8.93,0.36,39.94,19.9,71.1,0.14,36.0,1222,22.8879,92.7336,19.21,Low
8,Lunglei South,Lunglei,Mizoram,2026-06-13 19:57:09,5.58,13.94,0.373,36.67,19.9,77.5,2.02,36.0,1222,22.8879,92.7336,31.51,Moderate
8,Lunglei South,Lunglei,Mizoram,2026-06-14 19:57:09,70.18,79.33,0.874,54.22,21.5,74.6,0.03,36.0,1222,22.8879,92.7336,41.48,Moderate
8,Lunglei South,Lunglei,Mizoram,2026-06-15 19:57:09,34.98,110.74,0.313,62.96,24.8,83.2,0.28,36.0,1222,22.8879,92.7336,36.0,Moderate
8,Lunglei South,Lunglei,Mizoram,2026-06-16 19:57:09,7.57,112.73,0.067,59.41,22.7,80.2,0.26,36.0,1222,22.8879,92.7336,30.66,Moderate
8,Lunglei South,Lunglei,Mizoram,2026-06-17 19:57:09,2.29,44.84,0.05,57.83,22.5,80.4,0.07,36.0,1222,22.8879,92.7336,24.5,Low
8,Lunglei South,Lunglei,Mizoram,2026-06-18 19:57:09,25.55,35.41,0.702,56.33,19.8,84.7,0.14,36.0,1222,22.8879,92.7336,36.2,Moderate
8,Lunglei South,Lunglei,Mizoram,2026-06-19 19:57:09,135.32,163.16,0.824,90.16,22.4,91.7,0.03,36.0,1222,22.8879,92.7336,65.67,High
8,Lunglei South,Lunglei,Mizoram,2026-06-20 19:57:09,92.62,253.49,0.364,98.0,20.6,97.6,0.14,36.0,1222,22.8879,92.7336,61.99,High
8,Lunglei South,Lunglei,Mizoram,2026-06-21 19:57:09,2.21,230.15,0.01,94.98,20.1,97.5,0.1,36.0,1222,22.8879,92.7336,49.51,Moderate
8,Lunglei South,Lunglei,Mizoram,2026-06-22 19:57:09,0.85,95.68,0.009,93.3,20.7,97.1,0.38,36.0,1222,22.8879,92.7336,44.49,Moderate
8,Lunglei South,Lunglei,Mizoram,2026-06-23 19:57:09,6.51,9.57,0.616,90.37,23.1,96.3,0.31,36.0,1222,22.8879,92.7336,47.37,Moderate
8,Lunglei South,Lunglei,Mizoram,2026-06-24 19:57:09,7.69,15.05,0.479,87.72,21.7,91.6,2.08,36.0,1222,22.8879,92.7336,44.55,Moderate
8,Lunglei South,Lunglei,Mizoram,2026-06-25 19:57:09,51.19,65.39,0.771,98.0,24.9,96.1,0.13,36.0,1222,22.8879,92.7336,51.97,High
8,Lunglei South,Lunglei,Mizoram,2026-06-26 19:57:09,4.13,63.01,0.065,96.48,23.9,91.2,0.27,36.0,1222,22.8879,92.7336,44.91,Moderate
8,Lunglei South,Lunglei,Mizoram,2026-06-27 19:57:09,0.61,55.93,0.011,92.65,21.7,91.0,0.11,36.0,1222,22.8879,92.7336,42.01,Moderate
8,Lunglei South,Lunglei,Mizoram,2026-06-28 19:57:09,5.46,10.2,0.488,88.87,21.9,88.1,0.35,36.0,1222,22.8879,92.7336,34.44,Moderate
8,Lunglei South,Lunglei,Mizoram,2026-06-29 19:57:09,23.18,29.25,0.766,86.75,22.6,86.9,0.37,36.0,1222,22.8879,92.7336,45.57,Moderate
8,Lunglei South,Lunglei,Mizoram,2026-06-30 19:57:09,5.31,33.95,0.152,83.71,23.5,89.7,0.19,36.0,1222,22.8879,92.7336,37.33,Moderate
8,Lunglei South,Lunglei,Mizoram,2026-07-01 19:57:09,3.94,32.43,0.118,79.75,24.3,91.6,0.39,36.0,1222,22.8879,92.7336,37.96,Moderate
8,Lunglei South,Lunglei,Mizoram,2026-07-02 19:57:09,2.24,11.49,0.179,77.69,22.3,82.7,0.19,36.0,1222,22.8879,92.7336,38.54,Moderate
8,Lunglei South,Lunglei,Mizoram,2026-07-03 19:57:09,4.02,10.2,0.359,75.21,23.0,83.1,0.28,36.0,1222,22.8879,92.7336,36.54,Moderate
8,Lunglei South,Lunglei,Mizoram,2026-07-04 19:57:09,5.51,11.77,0.432,73.68,20.2,86.6,0.25,36.0,1222,22.8879,92.7336,33.39,Moderate
8,Lunglei South,Lunglei,Mizoram,2026-07-05 19:57:09,4.39,13.92,0.294,71.59,21.7,86.2,0.2,36.0,1222,22.8879,92.7336,29.13,Moderate
8,Lunglei South,Lunglei,Mizoram,2026-07-06 19:57:09,55.55,65.45,0.836,85.47,21.1,93.5,0.07,36.0,1222,22.8879,92.7336,56.99,High
8,Lunglei South,Lunglei,Mizoram,2026-07-07 19:57:09,47.43,107.37,0.438,97.33,20.3,90.1,0.09,36.0,1222,22.8879,92.7336,53.88,High
8,Lunglei South,Lunglei,Mizoram,2026-07-08 19:57:09,3.05,106.03,0.028,95.47,24.6,89.9,0.07,36.0,1222,22.8879,92.7336,46.89,Moderate
8,Lunglei South,Lunglei,Mizoram,2026-07-09 19:57:09,149.94,200.42,0.744,98.0,24.9,97.8,0.29,36.0,1222,22.8879,92.7336,72.19,High
8,Lunglei South,Lunglei,Mizoram,2026-07-10 19:57:09,189.95,342.94,0.552,98.0,20.7,94.9,0.16,36.0,1222,22.8879,92.7336,75.67,Critical
8,Lunglei South,Lunglei,Mizoram,2026-07-11 19:57:09,0.48,340.37,0.001,94.47,21.7,94.4,0.13,36.0,1222,22.8879,92.7336,55.46,High
8,Lunglei South,Lunglei,Mizoram,2026-07-12 19:57:09,4.48,194.91,0.023,90.64,20.4,86.9,0.35,36.0,1222,22.8879,92.7336,47.85,Moderate
8,Lunglei South,Lunglei,Mizoram,2026-07-13 19:57:09,1.59,6.55,0.211,87.7,22.8,87.4,0.14,36.0,1222,22.8879,92.7336,36.57,Moderate
8,Lunglei South,Lunglei,Mizoram,2026-07-14 19:57:09,3.9,9.97,0.356,84.35,24.2,88.3,0.25,36.0,1222,22.8879,92.7336,37.39,Moderate
8,Lunglei South,Lunglei,Mizoram,2026-07-15 19:57:09,20.89,26.38,0.763,80.84,20.9,89.6,0.34,36.0,1222,22.8879,92.7336,41.28,Moderate
8,Lunglei South,Lunglei,Mizoram,2026-07-16 19:57:09,20.53,45.32,0.443,78.76,20.8,85.5,0.26,36.0,1222,22.8879,92.7336,37.6,Moderate
8,Lunglei South,Lunglei,Mizoram,2026-07-17 19:57:09,3.56,44.98,0.077,75.11,21.1,87.2,0.17,36.0,1222,22.8879,92.7336,34.94,Moderate
8,Lunglei South,Lunglei,Mizoram,2026-07-18 19:57:09,11.5,35.59,0.314,71.79,22.9,89.5,0.03,36.0,1222,22.8879,92.7336,33.14,Moderate
8,Lunglei South,Lunglei,Mizoram,2026-07-19 19:57:09,16.7,31.76,0.51,70.13,24.2,85.0,2.75,36.0,1222,22.8879,92.7336,46.06,Moderate
8,Lunglei South,Lunglei,Mizoram,2026-07-20 19:57:09,0.67,28.87,0.022,67.97,19.8,85.3,0.12,36.0,1222,22.8879,92.7336,24.28,Low
8,Lunglei South,Lunglei,Mizoram,2026-07-21 19:57:09,28.47,45.84,0.608,64.91,19.7,86.1,3.39,36.0,1222,22.8879,92.7336,48.62,Moderate
8,Lunglei South,Lunglei,Mizoram,2026-07-22 19:57:09,2.6,31.74,0.079,62.22,24.7,82.2,0.18,36.0,1222,22.8879,92.7336,32.52,Moderate
8,Lunglei South,Lunglei,Mizoram,2026-07-23 19:57:09,5.58,36.65,0.148,60.27,22.5,82.4,0.23,36.0,1222,22.8879,92.7336,24.23,Low
8,Lunglei South,Lunglei,Mizoram,2026-07-24 19:57:09,5.12,13.3,0.358,58.0,21.0,80.7,0.18,36.0,1222,22.8879,92.7336,27.2,Moderate
8,Lunglei South,Lunglei,Mizoram,2026-07-25 19:57:09,2.08,12.78,0.151,55.74,18.9,82.7,0.14,36.0,1222,22.8879,92.7336,25.55,Moderate
8,Lunglei South,Lunglei,Mizoram,2026-07-26 19:57:09,0.07,7.27,0.008,51.94,24.6,77.9,2.83,36.0,1222,22.8879,92.7336,28.55,Moderate
8,Lunglei South,Lunglei,Mizoram,2026-07-27 19:57:09,1.85,4.0,0.37,50.42,21.1,76.8,0.16,36.0,1222,22.8879,92.7336,23.42,Low
8,Lunglei South,Lunglei,Mizoram,2026-07-28 19:57:09,57.91,59.83,0.952,64.9,21.2,81.5,0.17,36.0,1222,22.8879,92.7336,40.93,Moderate
8,Lunglei South,Lunglei,Mizoram,2026-07-29 19:57:09,113.54,173.3,0.651,93.28,23.5,96.7,0.27,36.0,1222,22.8879,92.7336,68.22,High
8,Lunglei South,Lunglei,Mizoram,2026-07-30 19:57:09,119.85,291.3,0.41,98.0,23.3,97.4,0.34,36.0,1222,22.8879,92.7336,72.85,High
8,Lunglei South,Lunglei,Mizoram,2026-07-31 19:57:09,28.82,262.21,0.11,94.91,22.6,90.9,0.08,36.0,1222,22.8879,92.7336,60.14,High
8,Lunglei South,Lunglei,Mizoram,2026-08-01 19:57:09,13.23,161.9,0.081,92.07,20.0,88.2,0.29,36.0,1222,22.8879,92.7336,50.95,High
8,Lunglei South,Lunglei,Mizoram,2026-08-02 19:57:09,1.86,43.91,0.041,90.19,21.9,90.0,0.32,36.0,1222,22.8879,92.7336,38.4,Moderate
8,Lunglei South,Lunglei,Mizoram,2026-08-03 19:57:09,3.71,18.8,0.187,86.72,20.9,93.8,0.02,36.0,1222,22.8879,92.7336,36.92,Moderate
8,Lunglei South,Lunglei,Mizoram,2026-08-04 19:57:09,0.57,6.14,0.08,84.04,20.0,92.8,0.33,36.0,1222,22.8879,92.7336,37.57,Moderate
8,Lunglei South,Lunglei,Mizoram,2026-08-05 19:57:09,59.93,64.21,0.919,98.0,20.4,97.0,0.3,36.0,1222,22.8879,92.7336,55.14,High
8,Lunglei South,Lunglei,Mizoram,2026-08-06 19:57:09,39.95,100.45,0.394,98.0,23.5,94.5,0.19,36.0,1222,22.8879,92.7336,54.42,High
8,Lunglei South,Lunglei,Mizoram,2026-08-07 19:57:09,2.5,102.38,0.024,95.69,22.7,88.9,0.21,36.0,1222,22.8879,92.7336,46.25,Moderate
8,Lunglei South,Lunglei,Mizoram,2026-08-08 19:57:09,5.11,47.56,0.105,93.7,24.2,96.4,0.05,36.0,1222,22.8879,92.7336,42.28,Moderate
8,Lunglei South,Lunglei,Mizoram,2026-08-09 19:57:09,2.6,10.21,0.232,91.78,20.5,88.3,0.0,36.0,1222,22.8879,92.7336,41.89,Moderate
8,Lunglei South,Lunglei,Mizoram,2026-08-10 19:57:09,60.93,68.64,0.875,98.0,21.7,95.3,0.04,36.0,1222,22.8879,92.7336,58.95,High
8,Lunglei South,Lunglei,Mizoram,2026-08-11 19:57:09,15.94,79.47,0.198,94.95,24.5,98.2,0.02,36.0,1222,22.8879,92.7336,45.62,Moderate
8,Lunglei South,Lunglei,Mizoram,2026-08-12 19:57:09,5.61,82.48,0.067,91.47,19.6,89.3,0.32,36.0,1222,22.8879,92.7336,47.05,Moderate
8,Lunglei South,Lunglei,Mizoram,2026-08-13 19:57:09,6.44,27.99,0.222,88.88,20.0,93.0,0.05,36.0,1222,22.8879,92.7336,37.29,Moderate
8,Lunglei South,Lunglei,Mizoram,2026-08-14 19:57:09,3.88,15.93,0.229,86.28,20.7,92.2,0.07,36.0,1222,22.8879,92.7336,39.47,Moderate
8,Lunglei South,Lunglei,Mizoram,2026-08-15 19:57:09,5.86,16.18,0.341,84.1,23.9,93.6,0.03,36.0,1222,22.8879,92.7336,39.02,Moderate
8,Lunglei South,Lunglei,Mizoram,2026-08-16 19:57:09,29.22,38.96,0.731,81.94,21.1,83.7,0.15,36.0,1222,22.8879,92.7336,43.27,Moderate
8,Lunglei South,Lunglei,Mizoram,2026-08-17 19:57:09,11.22,46.3,0.237,78.3,23.5,84.8,0.26,36.0,1222,22.8879,92.7336,37.69,Moderate
8,Lunglei South,Lunglei,Mizoram,2026-08-18 19:57:09,155.45,195.89,0.79,98.0,21.2,94.5,0.22,36.0,1222,22.8879,92.7336,69.28,High
8,Lunglei South,Lunglei,Mizoram,2026-08-19 19:57:09,165.83,332.5,0.497,98.0,20.8,95.7,0.21,36.0,1222,22.8879,92.7336,76.98,Critical
8,Lunglei South,Lunglei,Mizoram,2026-08-20 19:57:09,64.29,385.57,0.166,98.0,19.7,98.0,0.19,36.0,1222,22.8879,92.7336,63.65,High
8,Lunglei South,Lunglei,Mizoram,2026-08-21 19:57:09,47.12,277.24,0.169,98.0,23.9,95.9,0.28,36.0,1222,22.8879,92.7336,60.05,High
8,Lunglei South,Lunglei,Mizoram,2026-08-22 19:57:09,2.93,114.34,0.025,94.99,19.3,97.5,0.2,36.0,1222,22.8879,92.7336,49.74,Moderate
8,Lunglei South,Lunglei,Mizoram,2026-08-23 19:57:09,0.64,50.69,0.012,91.48,19.3,92.6,0.17,36.0,1222,22.8879,92.7336,40.14,Moderate
8,Lunglei South,Lunglei,Mizoram,2026-08-24 19:57:09,5.67,9.24,0.554,87.92,20.5,86.2,0.12,36.0,1222,22.8879,92.7336,37.59,Moderate
8,Lunglei South,Lunglei,Mizoram,2026-08-25 19:57:09,7.68,13.99,0.512,86.18,23.2,90.5,0.21,36.0,1222,22.8879,92.7336,36.51,Moderate
8,Lunglei South,Lunglei,Mizoram,2026-08-26 19:57:09,50.65,64.0,0.779,98.0,20.0,96.8,0.04,36.0,1222,22.8879,92.7336,57.14,High
8,Lunglei South,Lunglei,Mizoram,2026-08-27 19:57:09,2.86,61.19,0.046,95.35,22.9,97.2,0.07,36.0,1222,22.8879,92.7336,41.33,Moderate
8,Lunglei South,Lunglei,Mizoram,2026-08-28 19:57:09,2.7,56.21,0.047,93.46,24.9,92.1,0.13,36.0,1222,22.8879,92.7336,47.72,Moderate
8,Lunglei South,Lunglei,Mizoram,2026-08-29 19:57:09,2.6,8.16,0.284,91.03,23.5,91.2,0.24,36.0,1222,22.8879,92.7336,34.61,Moderate
8,Lunglei South,Lunglei,Mizoram,2026-08-30 19:57:09,1.71,7.01,0.214,87.61,24.4,88.2,0.18,36.0,1222,22.8879,92.7336,42.21,Moderate
8,Lunglei South,Lunglei,Mizoram,2026-08-31 19:57:09,5.81,10.12,0.523,83.66,22.5,89.5,0.12,36.0,1222,22.8879,92.7336,39.43,Moderate
8,Lunglei South,Lunglei,Mizoram,2026-09-01 19:57:09,1.78,9.3,0.172,80.02,19.0,91.2,0.11,36.0,1222,22.8879,92.7336,34.41,Moderate
8,Lunglei South,Lunglei,Mizoram,2026-09-02 19:57:09,4.45,12.04,0.341,76.2,19.8,82.0,0.06,36.0,1222,22.8879,92.7336,32.51,Moderate
8,Lunglei South,Lunglei,Mizoram,2026-09-03 19:57:09,4.66,10.89,0.392,74.12,23.8,81.9,0.37,36.0,1222,22.8879,92.7336,34.85,Moderate
8,Lunglei South,Lunglei,Mizoram,2026-09-04 19:57:09,5.79,14.9,0.364,70.64,19.9,88.0,0.23,36.0,1222,22.8879,92.7336,32.32,Moderate
8,Lunglei South,Lunglei,Mizoram,2026-09-05 19:57:09,4.76,15.21,0.294,68.39,23.3,84.7,0.02,36.0,1222,22.8879,92.7336,33.48,Moderate
8,Lunglei South,Lunglei,Mizoram,2026-09-06 19:57:09,2.78,13.33,0.194,64.84,21.4,86.4,0.09,36.0,1222,22.8879,92.7336,29.56,Moderate
8,Lunglei South,Lunglei,Mizoram,2026-09-07 19:57:09,171.39,178.93,0.953,98.0,22.5,89.4,0.15,36.0,1222,22.8879,92.7336,73.5,High
8,Lunglei South,Lunglei,Mizoram,2026-09-08 19:57:09,122.67,296.84,0.412,98.0,19.1,94.7,0.2,36.0,1222,22.8879,92.7336,70.01,High
8,Lunglei South,Lunglei,Mizoram,2026-09-09 19:57:09,13.28,307.34,0.043,94.67,21.2,92.6,0.2,36.0,1222,22.8879,92.7336,57.13,High
9,Kohima Town Slope,Kohima,Nagaland,2026-06-12 19:57:09,3.15,7.89,0.355,32.61,18.3,72.1,0.16,35.5,1444,25.6751,94.1086,22.85,Low
9,Kohima Town Slope,Kohima,Nagaland,2026-06-13 19:57:09,42.62,106.55,0.396,43.27,22.4,71.4,0.22,35.5,1444,25.6751,94.1086,28.99,Moderate
9,Kohima Town Slope,Kohima,Nagaland,2026-06-14 19:57:09,5.22,50.99,0.1,41.28,21.5,76.8,0.03,35.5,1444,25.6751,94.1086,21.88,Low
9,Kohima Town Slope,Kohima,Nagaland,2026-06-15 19:57:09,2.59,50.43,0.05,37.47,18.3,74.8,0.14,35.5,1444,25.6751,94.1086,26.2,Moderate
9,Kohima Town Slope,Kohima,Nagaland,2026-06-16 19:57:09,4.75,12.56,0.35,35.9,19.6,77.4,0.4,35.5,1444,25.6751,94.1086,23.64,Low
9,Kohima Town Slope,Kohima,Nagaland,2026-06-17 19:57:09,1.17,8.51,0.123,34.29,22.7,69.0,0.3,35.5,1444,25.6751,94.1086,21.3,Low
9,Kohima Town Slope,Kohima,Nagaland,2026-06-18 19:57:09,0.9,6.82,0.115,32.66,23.5,75.7,0.33,35.5,1444,25.6751,94.1086,21.49,Low
9,Kohima Town Slope,Kohima,Nagaland,2026-06-19 19:57:09,81.92,83.99,0.964,53.14,21.9,74.7,0.01,35.5,1444,25.6751,94.1086,44.72,Moderate
9,Kohima Town Slope,Kohima,Nagaland,2026-06-20 19:57:09,109.26,192.08,0.566,80.45,21.0,85.2,0.1,35.5,1444,25.6751,94.1086,55.98,High
9,Kohima Town Slope,Kohima,Nagaland,2026-06-21 19:57:09,5.84,197.02,0.029,78.6,22.0,82.7,0.27,35.5,1444,25.6751,94.1086,42.02,Moderate
9,Kohima Town Slope,Kohima,Nagaland,2026-06-22 19:57:09,21.07,136.17,0.154,76.39,22.5,87.9,0.26,35.5,1444,25.6751,94.1086,42.03,Moderate
9,Kohima Town Slope,Kohima,Nagaland,2026-06-23 19:57:09,35.26,62.17,0.558,85.2,19.4,93.3,0.35,35.5,1444,25.6751,94.1086,43.26,Moderate
9,Kohima Town Slope,Kohima,Nagaland,2026-06-24 19:57:09,66.38,122.71,0.537,98.0,21.7,91.6,0.39,35.5,1444,25.6751,94.1086,59.04,High
9,Kohima Town Slope,Kohima,Nagaland,2026-06-25 19:57:09,30.5,132.14,0.229,98.0,23.0,94.6,0.2,35.5,1444,25.6751,94.1086,48.05,Moderate
9,Kohima Town Slope,Kohima,Nagaland,2026-06-26 19:57:09,7.41,104.29,0.07,96.45,19.3,94.1,0.16,35.5,1444,25.6751,94.1086,50.31,High
9,Kohima Town Slope,Kohima,Nagaland,2026-06-27 19:57:09,32.54,70.45,0.455,98.0,19.9,95.6,0.39,35.5,1444,25.6751,94.1086,52.39,High
9,Kohima Town Slope,Kohima,Nagaland,2026-06-28 19:57:09,6.5,46.45,0.137,94.94,23.1,97.1,0.01,35.5,1444,25.6751,94.1086,44.51,Moderate
9,Kohima Town Slope,Kohima,Nagaland,2026-06-29 19:57:09,2.24,41.28,0.053,93.06,23.2,94.1,0.15,35.5,1444,25.6751,94.1086,44.77,Moderate
9,Kohima Town Slope,Kohima,Nagaland,2026-06-30 19:57:09,4.9,13.64,0.335,89.99,19.1,88.9,0.39,35.5,1444,25.6751,94.1086,44.48,Moderate
9,Kohima Town Slope,Kohima,Nagaland,2026-07-01 19:57:09,2.63,9.77,0.244,87.14,19.0,86.9,0.32,35.5,1444,25.6751,94.1086,40.63,Moderate
9,Kohima Town Slope,Kohima,Nagaland,2026-07-02 19:57:09,2.47,10.0,0.225,83.87,20.9,85.7,0.39,35.5,1444,25.6751,94.1086,32.09,Moderate
9,Kohima Town Slope,Kohima,Nagaland,2026-07-03 19:57:09,70.65,75.75,0.921,98.0,23.3,92.5,0.38,35.5,1444,25.6751,94.1086,56.73,High
9,Kohima Town Slope,Kohima,Nagaland,2026-07-04 19:57:09,30.64,103.76,0.293,98.0,23.1,96.6,0.35,35.5,1444,25.6751,94.1086,49.52,Moderate
9,Kohima Town Slope,Kohima,Nagaland,2026-07-05 19:57:09,3.29,104.58,0.031,95.39,23.4,97.3,0.11,35.5,1444,25.6751,94.1086,46.82,Moderate
9,Kohima Town Slope,Kohima,Nagaland,2026-07-06 19:57:09,0.85,34.78,0.024,93.43,22.4,93.8,0.23,35.5,1444,25.6751,94.1086,43.41,Moderate
9,Kohima Town Slope,Kohima,Nagaland,2026-07-07 19:57:09,25.09,29.23,0.83,90.21,19.9,93.5,0.2,35.5,1444,25.6751,94.1086,46.12,Moderate
9,Kohima Town Slope,Kohima,Nagaland,2026-07-08 19:57:09,5.7,31.64,0.175,87.78,22.9,90.6,0.08,35.5,1444,25.6751,94.1086,40.02,Moderate
9,Kohima Town Slope,Kohima,Nagaland,2026-07-09 19:57:09,84.51,115.3,0.727,98.0,22.4,89.5,0.17,35.5,1444,25.6751,94.1086,59.22,High
9,Kohima Town Slope,Kohima,Nagaland,2026-07-10 19:57:09,183.93,274.14,0.668,98.0,23.7,96.9,0.37,35.5,1444,25.6751,94.1086,73.71,High
9,Kohima Town Slope,Kohima,Nagaland,2026-07-11 19:57:09,6.94,275.38,0.025,95.28,19.7,92.9,0.16,35.5,1444,25.6751,94.1086,52.12,High
9,Kohima Town Slope,Kohima,Nagaland,2026-07-12 19:57:09,57.8,248.67,0.231,98.0,20.1,92.4,0.3,35.5,1444,25.6751,94.1086,58.67,High
9,Kohima Town Slope,Kohima,Nagaland,2026-07-13 19:57:09,4.2,68.94,0.06,94.31,22.5,93.2,0.33,35.5,1444,25.6751,94.1086,41.35,Moderate
9,Kohima Town Slope,Kohima,Nagaland,2026-07-14 19:57:09,74.73,136.73,0.543,98.0,20.9,93.3,0.22,35.5,1444,25.6751,94.1086,56.97,High
9,Kohima Town Slope,Kohima,Nagaland,2026-07-15 19:57:09,5.05,83.98,0.059,96.38,19.5,92.7,0.33,35.5,1444,25.6751,94.1086,49.27,Moderate
9,Kohima Town Slope,Kohima,Nagaland,2026-07-16 19:57:09,3.38,83.16,0.04,93.34,18.1,92.8,0.33,35.5,1444,25.6751,94.1086,42.49,Moderate
9,Kohima Town Slope,Kohima,Nagaland,2026-07-17 19:57:09,5.78,14.21,0.38,91.56,22.5,96.4,0.05,35.5,1444,25.6751,94.1086,47.88,Moderate
9,Kohima Town Slope,Kohima,Nagaland,2026-07-18 19:57:09,3.61,12.77,0.262,89.61,21.3,93.5,0.18,35.5,1444,25.6751,94.1086,40.59,Moderate
9,Kohima Town Slope,Kohima,Nagaland,2026-07-19 19:57:09,5.53,14.92,0.348,85.85,22.6,92.2,0.05,35.5,1444,25.6751,94.1086,38.73,Moderate
9,Kohima Town Slope,Kohima,Nagaland,2026-07-20 19:57:09,2.9,12.04,0.223,83.04,20.1,92.0,0.38,35.5,1444,25.6751,94.1086,34.31,Moderate
9,Kohima Town Slope,Kohima,Nagaland,2026-07-21 19:57:09,3.04,11.47,0.244,79.62,23.3,88.5,0.06,35.5,1444,25.6751,94.1086,36.39,Moderate
9,Kohima Town Slope,Kohima,Nagaland,2026-07-22 19:57:09,1.43,7.37,0.171,76.34,20.3,84.8,0.18,35.5,1444,25.6751,94.1086,31.59,Moderate
9,Kohima Town Slope,Kohima,Nagaland,2026-07-23 19:57:09,0.94,5.41,0.147,74.51,19.0,87.3,0.18,35.5,1444,25.6751,94.1086,32.47,Moderate
9,Kohima Town Slope,Kohima,Nagaland,2026-07-24 19:57:09,4.35,6.72,0.563,72.99,23.1,82.9,0.19,35.5,1444,25.6751,94.1086,41.03,Moderate
9,Kohima Town Slope,Kohima,Nagaland,2026-07-25 19:57:09,0.64,5.93,0.092,69.99,19.2,85.0,0.22,35.5,1444,25.6751,94.1086,30.28,Moderate
9,Kohima Town Slope,Kohima,Nagaland,2026-07-26 19:57:09,0.39,5.38,0.061,68.12,21.7,79.2,0.27,35.5,1444,25.6751,94.1086,32.74,Moderate
9,Kohima Town Slope,Kohima,Nagaland,2026-07-27 19:57:09,2.39,3.42,0.54,64.32,18.1,81.7,0.27,35.5,1444,25.6751,94.1086,29.33,Moderate
9,Kohima Town Slope,Kohima,Nagaland,2026-07-28 19:57:09,5.53,8.31,0.594,61.33,22.5,78.2,0.23,35.5,1444,25.6751,94.1086,31.12,Moderate
9,Kohima Town Slope,Kohima,Nagaland,2026-07-29 19:57:09,210.41,218.33,0.959,98.0,18.3,92.3,0.15,35.5,1444,25.6751,94.1086,79.54,Critical
9,Kohima Town Slope,Kohima,Nagaland,2026-07-30 19:57:09,89.47,305.41,0.292,98.0,20.3,94.8,0.05,35.5,1444,25.6751,94.1086,64.91,High
9,Kohima Town Slope,Kohima,Nagaland,2026-07-31 19:57:09,2.2,302.08,0.007,95.18,20.9,95.3,0.04,35.5,1444,25.6751,94.1086,60.79,High
9,Kohima Town Slope,Kohima,Nagaland,2026-08-01 19:57:09,5.03,96.7,0.052,91.21,20.7,93.8,0.39,35.5,1444,25.6751,94.1086,46.5,Moderate
9,Kohima Town Slope,Kohima,Nagaland,2026-08-02 19:57:09,4.87,12.1,0.372,88.92,20.9,96.1,0.05,35.5,1444,25.6751,94.1086,38.33,Moderate
9,Kohima Town Slope,Kohima,Nagaland,2026-08-03 19:57:09,4.16,14.06,0.276,85.84,20.7,86.8,0.28,35.5,1444,25.6751,94.1086,39.39,Moderate
9,Kohima Town Slope,Kohima,Nagaland,2026-08-04 19:57:09,0.01,9.04,0.001,84.28,21.5,85.7,0.32,35.5,1444,25.6751,94.1086,38.92,Moderate
9,Kohima Town Slope,Kohima,Nagaland,2026-08-05 19:57:09,3.31,7.48,0.39,81.95,21.1,90.1,2.28,35.5,1444,25.6751,94.1086,43.06,Moderate
9,Kohima Town Slope,Kohima,Nagaland,2026-08-06 19:57:09,6.32,9.64,0.594,79.68,20.8,86.1,3.45,35.5,1444,25.6751,94.1086,43.51,Moderate
9,Kohima Town Slope,Kohima,Nagaland,2026-08-07 19:57:09,5.8,15.43,0.353,76.64,18.0,83.6,0.14,35.5,1444,25.6751,94.1086,32.67,Moderate
9,Kohima Town Slope,Kohima,Nagaland,2026-08-08 19:57:09,7.33,19.45,0.358,73.15,21.7,85.4,0.36,35.5,1444,25.6751,94.1086,33.16,Moderate
9,Kohima Town Slope,Kohima,Nagaland,2026-08-09 19:57:09,2.68,15.81,0.159,69.69,20.3,86.8,0.12,35.5,1444,25.6751,94.1086,30.83,Moderate
9,Kohima Town Slope,Kohima,Nagaland,2026-08-10 19:57:09,2.52,12.53,0.186,66.85,19.0,85.3,0.36,35.5,1444,25.6751,94.1086,31.66,Moderate
9,Kohima Town Slope,Kohima,Nagaland,2026-08-11 19:57:09,7.76,12.96,0.556,64.65,18.0,87.5,0.34,35.5,1444,25.6751,94.1086,32.9,Moderate
9,Kohima Town Slope,Kohima,Nagaland,2026-08-12 19:57:09,3.12,13.4,0.216,61.66,23.0,84.1,0.13,35.5,1444,25.6751,94.1086,24.94,Low
9,Kohima Town Slope,Kohima,Nagaland,2026-08-13 19:57:09,36.9,47.78,0.756,70.88,20.8,82.2,0.38,35.5,1444,25.6751,94.1086,42.27,Moderate
9,Kohima Town Slope,Kohima,Nagaland,2026-08-14 19:57:09,29.65,69.67,0.42,69.1,22.5,87.0,0.18,35.5,1444,25.6751,94.1086,38.98,Moderate
9,Kohima Town Slope,Kohima,Nagaland,2026-08-15 19:57:09,41.37,107.92,0.38,79.45,20.8,84.7,0.29,35.5,1444,25.6751,94.1086,45.64,Moderate
9,Kohima Town Slope,Kohima,Nagaland,2026-08-16 19:57:09,6.2,77.22,0.079,77.59,23.0,90.4,0.27,35.5,1444,25.6751,94.1086,40.3,Moderate
9,Kohima Town Slope,Kohima,Nagaland,2026-08-17 19:57:09,57.1,104.67,0.54,91.86,20.5,94.3,0.0,35.5,1444,25.6751,94.1086,54.77,High
9,Kohima Town Slope,Kohima,Nagaland,2026-08-18 19:57:09,210.53,273.83,0.766,98.0,21.9,95.2,0.19,35.5,1444,25.6751,94.1086,77.14,Critical
9,Kohima Town Slope,Kohima,Nagaland,2026-08-19 19:57:09,86.46,354.09,0.243,98.0,20.9,95.9,0.23,35.5,1444,25.6751,94.1086,66.15,High
9,Kohima Town Slope,Kohima,Nagaland,2026-08-20 19:57:09,7.14,304.13,0.023,95.7,18.9,91.3,0.18,35.5,1444,25.6751,94.1086,52.97,High
9,Kohima Town Slope,Kohima,Nagaland,2026-08-21 19:57:09,19.71,113.31,0.172,93.51,17.9,94.0,0.08,35.5,1444,25.6751,94.1086,48.92,Moderate
9,Kohima Town Slope,Kohima,Nagaland,2026-08-22 19:57:09,2.55,29.4,0.084,91.66,22.0,89.9,0.03,35.5,1444,25.6751,94.1086,41.49,Moderate
9,Kohima Town Slope,Kohima,Nagaland,2026-08-23 19:57:09,2.71,24.97,0.104,89.05,18.6,90.9,0.04,35.5,1444,25.6751,94.1086,40.18,Moderate
9,Kohima Town Slope,Kohima,Nagaland,2026-08-24 19:57:09,37.72,42.98,0.858,98.0,18.9,95.3,0.33,35.5,1444,25.6751,94.1086,51.11,High
9,Kohima Town Slope,Kohima,Nagaland,2026-08-25 19:57:09,4.93,45.36,0.106,95.72,22.7,95.6,0.21,35.5,1444,25.6751,94.1086,41.51,Moderate
9,Kohima Town Slope,Kohima,Nagaland,2026-08-26 19:57:09,6.05,48.7,0.122,93.05,18.6,95.7,0.19,35.5,1444,25.6751,94.1086,45.74,Moderate
9,Kohima Town Slope,Kohima,Nagaland,2026-08-27 19:57:09,5.48,16.46,0.314,89.78,20.6,88.7,0.34,35.5,1444,25.6751,94.1086,40.03,Moderate
9,Kohima Town Slope,Kohima,Nagaland,2026-08-28 19:57:09,7.3,18.83,0.368,87.3,22.0,92.2,0.35,35.5,1444,25.6751,94.1086,41.51,Moderate
9,Kohima Town Slope,Kohima,Nagaland,2026-08-29 19:57:09,0.24,13.02,0.017,84.61,19.9,89.2,0.31,35.5,1444,25.6751,94.1086,36.92,Moderate
9,Kohima Town Slope,Kohima,Nagaland,2026-08-30 19:57:09,1.02,8.56,0.107,82.85,22.7,92.0,0.26,35.5,1444,25.6751,94.1086,35.93,Moderate
9,Kohima Town Slope,Kohima,Nagaland,2026-08-31 19:57:09,4.26,5.52,0.653,80.35,20.3,89.3,0.39,35.5,1444,25.6751,94.1086,41.0,Moderate
9,Kohima Town Slope,Kohima,Nagaland,2026-09-01 19:57:09,2.73,8.01,0.303,76.82,21.3,89.7,0.31,35.5,1444,25.6751,94.1086,32.27,Moderate
9,Kohima Town Slope,Kohima,Nagaland,2026-09-02 19:57:09,1.89,8.88,0.191,73.66,18.2,90.1,0.19,35.5,1444,25.6751,94.1086,32.36,Moderate
9,Kohima Town Slope,Kohima,Nagaland,2026-09-03 19:57:09,3.7,8.32,0.397,70.77,22.7,81.5,0.03,35.5,1444,25.6751,94.1086,30.9,Moderate
9,Kohima Town Slope,Kohima,Nagaland,2026-09-04 19:57:09,62.91,68.5,0.905,86.5,22.4,89.1,0.26,35.5,1444,25.6751,94.1086,51.65,High
9,Kohima Town Slope,Kohima,Nagaland,2026-09-05 19:57:09,63.11,129.72,0.483,98.0,23.1,98.3,0.0,35.5,1444,25.6751,94.1086,56.37,High
9,Kohima Town Slope,Kohima,Nagaland,2026-09-06 19:57:09,19.7,145.72,0.134,95.17,20.1,94.1,0.27,35.5,1444,25.6751,94.1086,51.04,High
9,Kohima Town Slope,Kohima,Nagaland,2026-09-07 19:57:09,124.32,207.13,0.597,98.0,21.2,98.4,0.38,35.5,1444,25.6751,94.1086,67.43,High
9,Kohima Town Slope,Kohima,Nagaland,2026-09-08 19:57:09,140.86,284.88,0.493,98.0,23.7,92.7,0.0,35.5,1444,25.6751,94.1086,75.91,Critical
9,Kohima Town Slope,Kohima,Nagaland,2026-09-09 19:57:09,3.23,268.41,0.012,96.18,19.5,92.4,0.02,35.5,1444,25.6751,94.1086,53.06,High
10,Mokokchung Heights,Mokokchung,Nagaland,2026-06-12 19:57:09,2.87,7.18,0.351,40.41,23.6,71.5,0.16,31.0,1325,26.3161,94.5244,19.09,Low
10,Mokokchung Heights,Mokokchung,Nagaland,2026-06-13 19:57:09,3.06,7.66,0.354,37.96,21.6,74.9,0.08,31.0,1325,26.3161,94.5244,18.03,Low
10,Mokokchung Heights,Mokokchung,Nagaland,2026-06-14 19:57:09,7.4,13.33,0.516,34.36,19.3,77.0,0.05,31.0,1325,26.3161,94.5244,24.48,Low
10,Mokokchung Heights,Mokokchung,Nagaland,2026-06-15 19:57:09,11.02,21.48,0.49,31.06,21.3,70.2,0.03,31.0,1325,26.3161,94.5244,21.38,Low
10,Mokokchung Heights,Mokokchung,Nagaland,2026-06-16 19:57:09,3.33,21.75,0.146,28.42,23.1,71.0,0.07,31.0,1325,26.3161,94.5244,20.49,Low
10,Mokokchung Heights,Mokokchung,Nagaland,2026-06-17 19:57:09,4.42,18.77,0.223,25.79,20.5,65.9,0.23,31.0,1325,26.3161,94.5244,14.0,Low
10,Mokokchung Heights,Mokokchung,Nagaland,2026-06-18 19:57:09,1.89,9.64,0.178,23.04,20.8,68.5,0.39,31.0,1325,26.3161,94.5244,17.59,Low
10,Mokokchung Heights,Mokokchung,Nagaland,2026-06-19 19:57:09,159.54,165.85,0.956,62.92,22.6,78.2,0.28,31.0,1325,26.3161,94.5244,56.22,High
10,Mokokchung Heights,Mokokchung,Nagaland,2026-06-20 19:57:09,99.89,261.32,0.381,87.9,22.8,95.6,0.31,31.0,1325,26.3161,94.5244,58.05,High
10,Mokokchung Heights,Mokokchung,Nagaland,2026-06-21 19:57:09,0.63,260.06,0.002,84.17,18.9,89.2,0.38,31.0,1325,26.3161,94.5244,48.09,Moderate
10,Mokokchung Heights,Mokokchung,Nagaland,2026-06-22 19:57:09,51.19,151.71,0.335,96.97,23.2,92.1,0.14,31.0,1325,26.3161,94.5244,50.1,High
10,Mokokchung Heights,Mokokchung,Nagaland,2026-06-23 19:57:09,3.75,55.57,0.066,94.19,21.2,95.3,0.38,31.0,1325,26.3161,94.5244,43.84,Moderate
10,Mokokchung Heights,Mokokchung,Nagaland,2026-06-24 19:57:09,2.31,57.25,0.04,92.6,23.9,94.9,0.23,31.0,1325,26.3161,94.5244,45.01,Moderate
10,Mokokchung Heights,Mokokchung,Nagaland,2026-06-25 19:57:09,40.76,46.82,0.852,98.0,19.4,89.8,0.32,31.0,1325,26.3161,94.5244,50.11,High
10,Mokokchung Heights,Mokokchung,Nagaland,2026-06-26 19:57:09,2.29,45.36,0.049,96.29,21.4,97.2,0.05,31.0,1325,26.3161,94.5244,39.3,Moderate
10,Mokokchung Heights,Mokokchung,Nagaland,2026-06-27 19:57:09,6.86,49.91,0.135,94.76,19.0,89.9,0.06,31.0,1325,26.3161,94.5244,43.94,Moderate
10,Mokokchung Heights,Mokokchung,Nagaland,2026-06-28 19:57:09,6.46,15.61,0.389,92.61,22.6,92.3,0.34,31.0,1325,26.3161,94.5244,42.57,Moderate
10,Mokokchung Heights,Mokokchung,Nagaland,2026-06-29 19:57:09,0.68,14.0,0.045,90.74,24.0,88.3,0.4,31.0,1325,26.3161,94.5244,34.93,Moderate
10,Mokokchung Heights,Mokokchung,Nagaland,2026-06-30 19:57:09,1.9,9.04,0.19,88.14,22.2,88.0,0.14,31.0,1325,26.3161,94.5244,33.51,Moderate
10,Mokokchung Heights,Mokokchung,Nagaland,2026-07-01 19:57:09,6.04,8.62,0.628,86.35,19.4,89.2,0.3,31.0,1325,26.3161,94.5244,36.86,Moderate
10,Mokokchung Heights,Mokokchung,Nagaland,2026-07-02 19:57:09,4.26,12.2,0.323,83.9,22.6,89.1,0.35,31.0,1325,26.3161,94.5244,30.1,Moderate
10,Mokokchung Heights,Mokokchung,Nagaland,2026-07-03 19:57:09,70.27,80.57,0.861,98.0,21.1,96.1,0.27,31.0,1325,26.3161,94.5244,53.39,High
10,Mokokchung Heights,Mokokchung,Nagaland,2026-07-04 19:57:09,69.65,144.18,0.48,98.0,22.2,98.9,0.37,31.0,1325,26.3161,94.5244,52.61,High
10,Mokokchung Heights,Mokokchung,Nagaland,2026-07-05 19:57:09,2.68,142.6,0.019,95.83,19.0,95.1,0.31,31.0,1325,26.3161,94.5244,43.4,Moderate
10,Mokokchung Heights,Mokokchung,Nagaland,2026-07-06 19:57:09,5.87,78.2,0.074,92.86,19.5,90.9,0.07,31.0,1325,26.3161,94.5244,40.58,Moderate
10,Mokokchung Heights,Mokokchung,Nagaland,2026-07-07 19:57:09,5.38,13.93,0.36,89.28,18.4,87.2,0.18,31.0,1325,26.3161,94.5244,36.91,Moderate
10,Mokokchung Heights,Mokokchung,Nagaland,2026-07-08 19:57:09,28.41,39.66,0.699,87.3,18.5,86.5,0.26,31.0,1325,26.3161,94.5244,46.33,Moderate
10,Mokokchung Heights,Mokokchung,Nagaland,2026-07-09 19:57:09,196.96,230.75,0.85,98.0,24.1,95.7,0.05,31.0,1325,26.3161,94.5244,68.37,High
10,Mokokchung Heights,Mokokchung,Nagaland,2026-07-10 19:57:09,199.9,425.27,0.469,98.0,19.2,95.9,0.23,31.0,1325,26.3161,94.5244,73.13,High
10,Mokokchung Heights,Mokokchung,Nagaland,2026-07-11 19:57:09,7.17,404.03,0.018,94.76,19.9,92.8,0.26,31.0,1325,26.3161,94.5244,52.49,High
10,Mokokchung Heights,Mokokchung,Nagaland,2026-07-12 19:57:09,2.21,209.28,0.011,92.19,23.8,95.0,0.06,31.0,1325,26.3161,94.5244,46.39,Moderate
10,Mokokchung Heights,Mokokchung,Nagaland,2026-07-13 19:57:09,60.51,69.89,0.854,98.0,20.7,92.6,0.38,31.0,1325,26.3161,94.5244,55.93,High
10,Mokokchung Heights,Mokokchung,Nagaland,2026-07-14 19:57:09,3.52,66.24,0.052,95.27,23.9,94.4,0.2,31.0,1325,26.3161,94.5244,38.36,Moderate
10,Mokokchung Heights,Mokokchung,Nagaland,2026-07-15 19:57:09,59.97,124.0,0.48,98.0,19.7,95.7,0.29,31.0,1325,26.3161,94.5244,54.0,High
10,Mokokchung Heights,Mokokchung,Nagaland,2026-07-16 19:57:09,14.74,78.23,0.186,95.07,19.9,92.7,0.06,31.0,1325,26.3161,94.5244,43.09,Moderate
10,Mokokchung Heights,Mokokchung,Nagaland,2026-07-17 19:57:09,7.46,82.17,0.09,91.91,20.0,94.2,0.23,31.0,1325,26.3161,94.5244,41.91,Moderate
10,Mokokchung Heights,Mokokchung,Nagaland,2026-07-18 19:57:09,7.52,29.72,0.245,89.18,21.0,94.7,0.31,31.0,1325,26.3161,94.5244,37.55,Moderate
10,Mokokchung Heights,Mokokchung,Nagaland,2026-07-19 19:57:09,0.03,15.01,0.002,85.3,23.3,89.7,0.37,31.0,1325,26.3161,94.5244,39.75,Moderate
10,Mokokchung Heights,Mokokchung,Nagaland,2026-07-20 19:57:09,5.45,13.0,0.389,82.8,22.2,93.6,0.21,31.0,1325,26.3161,94.5244,32.04,Moderate
10,Mokokchung Heights,Mokokchung,Nagaland,2026-07-21 19:57:09,0.64,6.12,0.09,80.15,23.0,89.5,0.02,31.0,1325,26.3161,94.5244,29.31,Moderate
10,Mokokchung Heights,Mokokchung,Nagaland,2026-07-22 19:57:09,1.53,7.62,0.177,76.91,23.8,88.2,0.03,31.0,1325,26.3161,94.5244,27.91,Moderate
10,Mokokchung Heights,Mokokchung,Nagaland,2026-07-23 19:57:09,5.88,8.05,0.65,75.06,19.5,88.5,0.2,31.0,1325,26.3161,94.5244,31.43,Moderate
10,Mokokchung Heights,Mokokchung,Nagaland,2026-07-24 19:57:09,45.14,52.55,0.843,86.34,20.2,90.6,0.18,31.0,1325,26.3161,94.5244,44.09,Moderate
10,Mokokchung Heights,Mokokchung,Nagaland,2026-07-25 19:57:09,0.3,51.32,0.006,84.7,23.1,85.1,0.32,31.0,1325,26.3161,94.5244,38.09,Moderate
10,Mokokchung Heights,Mokokchung,Nagaland,2026-07-26 19:57:09,3.67,49.11,0.073,81.51,23.6,85.0,0.37,31.0,1325,26.3161,94.5244,37.55,Moderate
10,Mokokchung Heights,Mokokchung,Nagaland,2026-07-27 19:57:09,19.2,23.17,0.794,78.37,21.2,91.6,0.28,31.0,1325,26.3161,94.5244,36.34,Moderate
10,Mokokchung Heights,Mokokchung,Nagaland,2026-07-28 19:57:09,21.2,44.07,0.47,76.75,20.2,89.8,0.07,31.0,1325,26.3161,94.5244,32.83,Moderate
10,Mokokchung Heights,Mokokchung,Nagaland,2026-07-29 19:57:09,162.75,203.15,0.797,98.0,23.3,90.4,0.32,31.0,1325,26.3161,94.5244,70.39,High
10,Mokokchung Heights,Mokokchung,Nagaland,2026-07-30 19:57:09,110.88,294.83,0.375,98.0,23.2,93.6,0.39,31.0,1325,26.3161,94.5244,64.37,High
10,Mokokchung Heights,Mokokchung,Nagaland,2026-07-31 19:57:09,2.59,276.22,0.009,94.06,21.8,89.3,0.32,31.0,1325,26.3161,94.5244,52.67,High
10,Mokokchung Heights,Mokokchung,Nagaland,2026-08-01 19:57:09,4.74,118.21,0.04,91.72,19.1,88.5,0.28,31.0,1325,26.3161,94.5244,42.68,Moderate
10,Mokokchung Heights,Mokokchung,Nagaland,2026-08-02 19:57:09,3.51,10.84,0.296,87.91,18.6,86.8,0.24,31.0,1325,26.3161,94.5244,31.0,Moderate
10,Mokokchung Heights,Mokokchung,Nagaland,2026-08-03 19:57:09,0.13,8.38,0.013,85.19,18.4,86.6,0.26,31.0,1325,26.3161,94.5244,36.97,Moderate
10,Mokokchung Heights,Mokokchung,Nagaland,2026-08-04 19:57:09,3.33,6.97,0.418,81.67,23.0,90.5,0.26,31.0,1325,26.3161,94.5244,37.46,Moderate
10,Mokokchung Heights,Mokokchung,Nagaland,2026-08-05 19:57:09,3.3,6.76,0.425,77.83,22.0,82.6,0.2,31.0,1325,26.3161,94.5244,29.82,Moderate
10,Mokokchung Heights,Mokokchung,Nagaland,2026-08-06 19:57:09,5.02,11.65,0.397,74.37,20.5,81.1,0.05,31.0,1325,26.3161,94.5244,29.03,Moderate
10,Mokokchung Heights,Mokokchung,Nagaland,2026-08-07 19:57:09,0.77,9.09,0.076,71.97,22.9,85.6,0.31,31.0,1325,26.3161,94.5244,28.52,Moderate
10,Mokokchung Heights,Mokokchung,Nagaland,2026-08-08 19:57:09,2.21,8.0,0.246,69.98,23.2,86.3,0.19,31.0,1325,26.3161,94.5244,27.88,Moderate
10,Mokokchung Heights,Mokokchung,Nagaland,2026-08-09 19:57:09,53.56,56.54,0.931,83.37,18.6,90.6,0.17,31.0,1325,26.3161,94.5244,47.9,Moderate
10,Mokokchung Heights,Mokokchung,Nagaland,2026-08-10 19:57:09,6.44,62.21,0.102,79.97,18.6,90.4,0.07,31.0,1325,26.3161,94.5244,39.0,Moderate
10,Mokokchung Heights,Mokokchung,Nagaland,2026-08-11 19:57:09,3.88,63.88,0.06,78.18,23.7,89.6,0.13,31.0,1325,26.3161,94.5244,32.66,Moderate
10,Mokokchung Heights,Mokokchung,Nagaland,2026-08-12 19:57:09,54.0,64.32,0.827,91.68,20.3,94.9,0.04,31.0,1325,26.3161,94.5244,47.45,Moderate
10,Mokokchung Heights,Mokokchung,Nagaland,2026-08-13 19:57:09,6.96,64.84,0.106,89.24,19.7,90.9,0.36,31.0,1325,26.3161,94.5244,35.17,Moderate
10,Mokokchung Heights,Mokokchung,Nagaland,2026-08-14 19:57:09,70.31,131.27,0.532,98.0,21.1,93.2,0.29,31.0,1325,26.3161,94.5244,53.13,High
10,Mokokchung Heights,Mokokchung,Nagaland,2026-08-15 19:57:09,7.8,85.07,0.091,95.99,19.1,95.5,0.05,31.0,1325,26.3161,94.5244,42.72,Moderate
10,Mokokchung Heights,Mokokchung,Nagaland,2026-08-16 19:57:09,3.67,81.78,0.044,94.07,20.4,96.8,0.32,31.0,1325,26.3161,94.5244,45.96,Moderate
10,Mokokchung Heights,Mokokchung,Nagaland,2026-08-17 19:57:09,4.89,16.36,0.282,92.14,24.2,95.8,0.34,31.0,1325,26.3161,94.5244,36.09,Moderate
10,Mokokchung Heights,Mokokchung,Nagaland,2026-08-18 19:57:09,148.49,157.05,0.94,98.0,24.3,95.2,0.11,31.0,1325,26.3161,94.5244,68.53,High
10,Mokokchung Heights,Mokokchung,Nagaland,2026-08-19 19:57:09,182.2,335.58,0.541,98.0,22.8,91.8,0.23,31.0,1325,26.3161,94.5244,71.34,High
10,Mokokchung Heights,Mokokchung,Nagaland,2026-08-20 19:57:09,4.73,335.42,0.014,96.13,21.8,88.7,0.02,31.0,1325,26.3161,94.5244,56.27,High
10,Mokokchung Heights,Mokokchung,Nagaland,2026-08-21 19:57:09,6.15,193.08,0.032,94.54,21.6,92.9,0.33,31.0,1325,26.3161,94.5244,53.86,High
10,Mokokchung Heights,Mokokchung,Nagaland,2026-08-22 19:57:09,1.92,12.8,0.139,91.65,18.4,94.4,0.05,31.0,1325,26.3161,94.5244,35.05,Moderate
10,Mokokchung Heights,Mokokchung,Nagaland,2026-08-23 19:57:09,5.18,13.25,0.364,89.92,21.3,89.5,0.34,31.0,1325,26.3161,94.5244,35.58,Moderate
10,Mokokchung Heights,Mokokchung,Nagaland,2026-08-24 19:57:09,0.2,7.3,0.024,87.28,23.0,94.3,0.32,31.0,1325,26.3161,94.5244,36.7,Moderate
10,Mokokchung Heights,Mokokchung,Nagaland,2026-08-25 19:57:09,3.71,9.09,0.368,84.2,23.5,85.2,0.13,31.0,1325,26.3161,94.5244,35.3,Moderate
10,Mokokchung Heights,Mokokchung,Nagaland,2026-08-26 19:57:09,37.68,41.59,0.885,93.62,20.0,97.2,0.32,31.0,1325,26.3161,94.5244,53.11,High
10,Mokokchung Heights,Mokokchung,Nagaland,2026-08-27 19:57:09,0.65,42.04,0.015,89.92,22.8,87.0,0.27,31.0,1325,26.3161,94.5244,38.52,Moderate
10,Mokokchung Heights,Mokokchung,Nagaland,2026-08-28 19:57:09,0.89,39.22,0.022,87.5,22.1,89.3,0.22,31.0,1325,26.3161,94.5244,34.84,Moderate
10,Mokokchung Heights,Mokokchung,Nagaland,2026-08-29 19:57:09,56.11,57.65,0.957,98.0,19.6,99.1,0.05,31.0,1325,26.3161,94.5244,55.37,High
10,Mokokchung Heights,Mokokchung,Nagaland,2026-08-30 19:57:09,7.51,64.51,0.115,95.05,24.1,90.4,0.09,31.0,1325,26.3161,94.5244,44.04,Moderate
10,Mokokchung Heights,Mokokchung,Nagaland,2026-08-31 19:57:09,2.14,65.76,0.032,91.85,20.0,87.8,0.19,31.0,1325,26.3161,94.5244,41.31,Moderate
10,Mokokchung Heights,Mokokchung,Nagaland,2026-09-01 19:57:09,0.98,10.63,0.084,88.57,22.4,91.3,0.25,31.0,1325,26.3161,94.5244,36.13,Moderate
10,Mokokchung Heights,Mokokchung,Nagaland,2026-09-02 19:57:09,7.56,10.68,0.647,85.05,24.0,85.4,0.18,31.0,1325,26.3161,94.5244,39.95,Moderate
10,Mokokchung Heights,Mokokchung,Nagaland,2026-09-03 19:57:09,68.37,76.91,0.878,98.0,20.1,98.9,0.11,31.0,1325,26.3161,94.5244,58.25,High
10,Mokokchung Heights,Mokokchung,Nagaland,2026-09-04 19:57:09,3.97,79.9,0.049,94.31,21.5,94.3,0.39,31.0,1325,26.3161,94.5244,45.09,Moderate
10,Mokokchung Heights,Mokokchung,Nagaland,2026-09-05 19:57:09,1.06,73.4,0.014,91.95,21.0,93.6,0.03,31.0,1325,26.3161,94.5244,41.09,Moderate
10,Mokokchung Heights,Mokokchung,Nagaland,2026-09-06 19:57:09,1.86,6.89,0.236,88.08,22.2,89.9,0.26,31.0,1325,26.3161,94.5244,34.12,Moderate
10,Mokokchung Heights,Mokokchung,Nagaland,2026-09-07 19:57:09,125.68,128.6,0.97,98.0,21.9,96.3,0.18,31.0,1325,26.3161,94.5244,64.99,High
10,Mokokchung Heights,Mokokchung,Nagaland,2026-09-08 19:57:09,122.57,250.11,0.488,98.0,19.2,97.2,0.1,31.0,1325,26.3161,94.5244,68.52,High
10,Mokokchung Heights,Mokokchung,Nagaland,2026-09-09 19:57:09,7.77,256.02,0.03,94.58,18.7,91.6,0.07,31.0,1325,26.3161,94.5244,48.57,Moderate
11,Imphal West Foothills,Imphal West,Manipur,2026-06-12 19:57:09,2.28,5.7,0.34,44.55,26.1,77.5,0.06,22.0,786,24.817,93.9368,14.23,Low
11,Imphal West Foothills,Imphal West,Manipur,2026-06-13 19:57:09,12.67,31.69,0.388,42.26,21.8,72.4,0.22,22.0,786,24.817,93.9368,14.82,Low
11,Imphal West Foothills,Imphal West,Manipur,2026-06-14 19:57:09,30.6,45.55,0.657,49.91,23.1,76.2,0.07,22.0,786,24.817,93.9368,22.58,Low
11,Imphal West Foothills,Imphal West,Manipur,2026-06-15 19:57:09,7.36,50.63,0.143,47.4,24.1,73.0,0.13,22.0,786,24.817,93.9368,19.53,Low
11,Imphal West Foothills,Imphal West,Manipur,2026-06-16 19:57:09,58.0,95.96,0.598,61.9,26.9,80.0,0.19,22.0,786,24.817,93.9368,31.04,Moderate
11,Imphal West Foothills,Imphal West,Manipur,2026-06-17 19:57:09,7.55,72.91,0.102,57.95,24.5,76.8,0.36,22.0,786,24.817,93.9368,20.52,Low
11,Imphal West Foothills,Imphal West,Manipur,2026-06-18 19:57:09,5.51,71.06,0.077,54.62,26.5,75.5,0.12,22.0,786,24.817,93.9368,15.53,Low
11,Imphal West Foothills,Imphal West,Manipur,2026-06-19 19:57:09,136.23,149.29,0.906,88.67,26.1,90.5,0.02,22.0,786,24.817,93.9368,56.36,High
11,Imphal West Foothills,Imphal West,Manipur,2026-06-20 19:57:09,169.78,311.52,0.543,98.0,24.6,91.5,0.11,22.0,786,24.817,93.9368,66.17,High
11,Imphal West Foothills,Imphal West,Manipur,2026-06-21 19:57:09,45.0,351.01,0.128,98.0,23.7,96.0,0.2,22.0,786,24.817,93.9368,57.11,High
11,Imphal West Foothills,Imphal West,Manipur,2026-06-22 19:57:09,30.65,245.43,0.124,98.0,24.7,98.7,0.14,22.0,786,24.817,93.9368,46.71,Moderate
11,Imphal West Foothills,Imphal West,Manipur,2026-06-23 19:57:09,65.5,141.15,0.461,98.0,23.3,93.0,0.14,22.0,786,24.817,93.9368,47.91,Moderate
11,Imphal West Foothills,Imphal West,Manipur,2026-06-24 19:57:09,6.99,103.14,0.067,96.28,25.4,93.1,0.32,22.0,786,24.817,93.9368,37.91,Moderate
11,Imphal West Foothills,Imphal West,Manipur,2026-06-25 19:57:09,6.45,78.94,0.081,92.36,23.6,96.3,0.23,22.0,786,24.817,93.9368,37.84,Moderate
11,Imphal West Foothills,Imphal West,Manipur,2026-06-26 19:57:09,23.51,36.95,0.619,89.67,26.3,96.3,0.38,22.0,786,24.817,93.9368,35.32,Moderate
11,Imphal West Foothills,Imphal West,Manipur,2026-06-27 19:57:09,0.71,30.67,0.022,87.14,26.6,89.6,0.28,22.0,786,24.817,93.9368,29.15,Moderate
11,Imphal West Foothills,Imphal West,Manipur,2026-06-28 19:57:09,1.1,25.32,0.042,85.18,23.4,90.4,0.33,22.0,786,24.817,93.9368,28.9,Moderate
11,Imphal West Foothills,Imphal West,Manipur,2026-06-29 19:57:09,2.43,4.24,0.464,82.28,23.9,84.1,2.43,22.0,786,24.817,93.9368,32.68,Moderate
11,Imphal West Foothills,Imphal West,Manipur,2026-06-30 19:57:09,6.67,10.2,0.596,79.6,25.0,91.8,0.2,22.0,786,24.817,93.9368,26.44,Moderate
11,Imphal West Foothills,Imphal West,Manipur,2026-07-01 19:57:09,1.96,11.06,0.162,77.8,22.7,92.2,0.3,22.0,786,24.817,93.9368,24.03,Low
11,Imphal West Foothills,Imphal West,Manipur,2026-07-02 19:57:09,4.52,13.15,0.32,74.13,24.8,85.7,0.05,22.0,786,24.817,93.9368,25.11,Moderate
11,Imphal West Foothills,Imphal West,Manipur,2026-07-03 19:57:09,4.6,11.08,0.381,70.52,22.0,80.3,0.35,22.0,786,24.817,93.9368,19.32,Low
11,Imphal West Foothills,Imphal West,Manipur,2026-07-04 19:57:09,20.62,29.74,0.671,68.34,23.6,88.0,0.12,22.0,786,24.817,93.9368,26.63,Moderate
11,Imphal West Foothills,Imphal West,Manipur,2026-07-05 19:57:09,7.49,32.71,0.222,65.55,25.7,79.8,0.3,22.0,786,24.817,93.9368,18.91,Low
11,Imphal West Foothills,Imphal West,Manipur,2026-07-06 19:57:09,6.98,35.09,0.193,61.98,25.2,79.7,0.28,22.0,786,24.817,93.9368,22.55,Low
11,Imphal West Foothills,Imphal West,Manipur,2026-07-07 19:57:09,47.7,62.17,0.755,73.91,26.0,81.0,0.15,22.0,786,24.817,93.9368,29.72,Moderate
11,Imphal West Foothills,Imphal West,Manipur,2026-07-08 19:57:09,2.72,57.4,0.047,70.13,21.7,81.1,0.08,22.0,786,24.817,93.9368,21.39,Low
11,Imphal West Foothills,Imphal West,Manipur,2026-07-09 19:57:09,205.59,256.01,0.8,98.0,24.8,97.6,0.21,22.0,786,24.817,93.9368,65.96,High
11,Imphal West Foothills,Imphal West,Manipur,2026-07-10 19:57:09,157.16,365.47,0.429,98.0,25.6,90.4,0.03,22.0,786,24.817,93.9368,67.28,High
11,Imphal West Foothills,Imphal West,Manipur,2026-07-11 19:57:09,7.39,370.14,0.02,95.3,22.9,92.0,0.36,22.0,786,24.817,93.9368,46.54,Moderate
11,Imphal West Foothills,Imphal West,Manipur,2026-07-12 19:57:09,6.11,170.66,0.036,92.95,25.3,87.8,0.09,22.0,786,24.817,93.9368,37.23,Moderate
11,Imphal West Foothills,Imphal West,Manipur,2026-07-13 19:57:09,1.14,14.64,0.073,90.88,21.8,88.1,0.28,22.0,786,24.817,93.9368,34.18,Moderate
11,Imphal West Foothills,Imphal West,Manipur,2026-07-14 19:57:09,0.62,7.87,0.07,87.44,25.6,86.0,0.32,22.0,786,24.817,93.9368,23.87,Low
11,Imphal West Foothills,Imphal West,Manipur,2026-07-15 19:57:09,0.47,2.23,0.147,85.65,22.6,85.6,0.3,22.0,786,24.817,93.9368,20.84,Low
11,Imphal West Foothills,Imphal West,Manipur,2026-07-16 19:57:09,7.36,8.45,0.779,83.63,26.5,86.1,0.04,22.0,786,24.817,93.9368,32.09,Moderate
11,Imphal West Foothills,Imphal West,Manipur,2026-07-17 19:57:09,7.53,15.36,0.46,79.76,23.2,84.5,0.29,22.0,786,24.817,93.9368,25.46,Moderate
11,Imphal West Foothills,Imphal West,Manipur,2026-07-18 19:57:09,47.07,61.96,0.748,91.53,21.7,92.8,2.32,22.0,786,24.817,93.9368,43.76,Moderate
11,Imphal West Foothills,Imphal West,Manipur,2026-07-19 19:57:09,28.32,82.92,0.337,87.77,24.3,95.5,0.09,22.0,786,24.817,93.9368,36.08,Moderate
11,Imphal West Foothills,Imphal West,Manipur,2026-07-20 19:57:09,5.66,81.05,0.069,85.36,24.6,89.3,0.07,22.0,786,24.817,93.9368,31.06,Moderate
11,Imphal West Foothills,Imphal West,Manipur,2026-07-21 19:57:09,3.04,37.02,0.08,83.32,22.4,85.3,0.05,22.0,786,24.817,93.9368,25.65,Moderate
11,Imphal West Foothills,Imphal West,Manipur,2026-07-22 19:57:09,18.83,27.53,0.66,79.91,25.3,88.5,0.13,22.0,786,24.817,93.9368,27.15,Moderate
11,Imphal West Foothills,Imphal West,Manipur,2026-07-23 19:57:09,28.43,50.3,0.554,76.91,22.9,91.7,0.22,22.0,786,24.817,93.9368,32.42,Moderate
11,Imphal West Foothills,Imphal West,Manipur,2026-07-24 19:57:09,6.84,54.1,0.124,74.94,21.5,89.6,0.27,22.0,786,24.817,93.9368,26.63,Moderate
11,Imphal West Foothills,Imphal West,Manipur,2026-07-25 19:57:09,74.92,110.19,0.674,93.67,24.0,88.8,0.26,22.0,786,24.817,93.9368,46.5,Moderate
11,Imphal West Foothills,Imphal West,Manipur,2026-07-26 19:57:09,19.32,101.08,0.189,91.17,24.6,87.9,0.39,22.0,786,24.817,93.9368,40.52,Moderate
11,Imphal West Foothills,Imphal West,Manipur,2026-07-27 19:57:09,73.39,167.63,0.435,98.0,23.1,95.2,0.05,22.0,786,24.817,93.9368,46.48,Moderate
11,Imphal West Foothills,Imphal West,Manipur,2026-07-28 19:57:09,5.8,98.51,0.058,95.8,25.4,94.4,0.32,22.0,786,24.817,93.9368,32.87,Moderate
11,Imphal West Foothills,Imphal West,Manipur,2026-07-29 19:57:09,170.14,249.33,0.68,98.0,23.5,94.1,0.16,22.0,786,24.817,93.9368,61.7,High
11,Imphal West Foothills,Imphal West,Manipur,2026-07-30 19:57:09,147.83,323.77,0.455,98.0,22.7,97.0,0.1,22.0,786,24.817,93.9368,63.33,High
11,Imphal West Foothills,Imphal West,Manipur,2026-07-31 19:57:09,5.03,323.0,0.016,96.16,21.7,89.2,0.27,22.0,786,24.817,93.9368,47.41,Moderate
11,Imphal West Foothills,Imphal West,Manipur,2026-08-01 19:57:09,3.06,155.92,0.02,92.97,22.0,93.8,0.03,22.0,786,24.817,93.9368,36.95,Moderate
11,Imphal West Foothills,Imphal West,Manipur,2026-08-02 19:57:09,6.14,14.23,0.403,89.48,22.3,92.9,0.1,22.0,786,24.817,93.9368,31.02,Moderate
11,Imphal West Foothills,Imphal West,Manipur,2026-08-03 19:57:09,6.88,16.08,0.403,86.62,26.8,85.6,0.37,22.0,786,24.817,93.9368,26.11,Moderate
11,Imphal West Foothills,Imphal West,Manipur,2026-08-04 19:57:09,2.52,15.54,0.152,84.18,23.8,84.8,0.34,22.0,786,24.817,93.9368,30.2,Moderate
11,Imphal West Foothills,Imphal West,Manipur,2026-08-05 19:57:09,5.65,15.05,0.352,81.45,21.9,90.7,0.04,22.0,786,24.817,93.9368,25.72,Moderate
11,Imphal West Foothills,Imphal West,Manipur,2026-08-06 19:57:09,5.28,13.45,0.365,78.23,24.5,87.1,0.2,22.0,786,24.817,93.9368,27.5,Moderate
11,Imphal West Foothills,Imphal West,Manipur,2026-08-07 19:57:09,3.96,14.89,0.249,74.31,24.8,84.5,0.13,22.0,786,24.817,93.9368,23.23,Low
11,Imphal West Foothills,Imphal West,Manipur,2026-08-08 19:57:09,12.93,22.17,0.558,70.71,23.2,87.2,3.94,22.0,786,24.817,93.9368,37.67,Moderate
11,Imphal West Foothills,Imphal West,Manipur,2026-08-09 19:57:09,0.78,17.67,0.042,68.35,23.2,82.4,0.1,22.0,786,24.817,93.9368,21.41,Low
11,Imphal West Foothills,Imphal West,Manipur,2026-08-10 19:57:09,4.74,18.45,0.244,64.58,21.5,80.7,0.01,22.0,786,24.817,93.9368,20.22,Low
11,Imphal West Foothills,Imphal West,Manipur,2026-08-11 19:57:09,3.69,9.21,0.361,60.92,24.5,85.3,0.28,22.0,786,24.817,93.9368,19.82,Low
11,Imphal West Foothills,Imphal West,Manipur,2026-08-12 19:57:09,7.89,16.32,0.455,58.47,23.4,81.2,0.04,22.0,786,24.817,93.9368,22.32,Low
11,Imphal West Foothills,Imphal West,Manipur,2026-08-13 19:57:09,2.69,14.27,0.176,55.72,25.7,77.9,0.15,22.0,786,24.817,93.9368,16.62,Low
11,Imphal West Foothills,Imphal West,Manipur,2026-08-14 19:57:09,3.98,14.56,0.256,52.1,25.8,81.6,0.11,22.0,786,24.817,93.9368,17.06,Low
11,Imphal West Foothills,Imphal West,Manipur,2026-08-15 19:57:09,74.75,81.42,0.907,70.79,23.5,82.0,0.04,22.0,786,24.817,93.9368,37.25,Moderate
11,Imphal West Foothills,Imphal West,Manipur,2026-08-16 19:57:09,0.76,79.49,0.009,68.44,21.5,87.0,0.08,22.0,786,24.817,93.9368,26.7,Moderate
11,Imphal West Foothills,Imphal West,Manipur,2026-08-17 19:57:09,5.21,80.72,0.064,66.19,25.9,82.5,0.08,22.0,786,24.817,93.9368,21.14,Low
11,Imphal West Foothills,Imphal West,Manipur,2026-08-18 19:57:09,136.32,142.29,0.951,98.0,24.8,93.8,0.07,22.0,786,24.817,93.9368,63.85,High
11,Imphal West Foothills,Imphal West,Manipur,2026-08-19 19:57:09,82.6,224.13,0.367,98.0,25.3,97.9,0.09,22.0,786,24.817,93.9368,52.14,High
11,Imphal West Foothills,Imphal West,Manipur,2026-08-20 19:57:09,5.94,224.86,0.026,95.33,26.7,93.7,0.31,22.0,786,24.817,93.9368,39.18,Moderate
11,Imphal West Foothills,Imphal West,Manipur,2026-08-21 19:57:09,4.53,93.07,0.048,92.26,24.2,90.9,0.06,22.0,786,24.817,93.9368,34.55,Moderate
11,Imphal West Foothills,Imphal West,Manipur,2026-08-22 19:57:09,2.4,12.87,0.173,89.68,23.0,94.7,0.08,22.0,786,24.817,93.9368,27.04,Moderate
11,Imphal West Foothills,Imphal West,Manipur,2026-08-23 19:57:09,6.59,13.52,0.454,86.56,22.6,91.3,0.05,22.0,786,24.817,93.9368,31.35,Moderate
11,Imphal West Foothills,Imphal West,Manipur,2026-08-24 19:57:09,25.96,34.95,0.722,82.99,23.9,89.6,0.26,22.0,786,24.817,93.9368,31.88,Moderate
11,Imphal West Foothills,Imphal West,Manipur,2026-08-25 19:57:09,20.36,52.91,0.378,81.15,22.6,91.4,0.07,22.0,786,24.817,93.9368,28.32,Moderate
11,Imphal West Foothills,Imphal West,Manipur,2026-08-26 19:57:09,7.71,54.03,0.14,78.44,21.2,91.0,0.24,22.0,786,24.817,93.9368,21.73,Low
11,Imphal West Foothills,Imphal West,Manipur,2026-08-27 19:57:09,7.2,35.27,0.199,75.92,23.3,88.1,0.38,22.0,786,24.817,93.9368,23.5,Low
11,Imphal West Foothills,Imphal West,Manipur,2026-08-28 19:57:09,1.12,16.03,0.066,74.14,25.5,90.3,0.33,22.0,786,24.817,93.9368,16.24,Low
11,Imphal West Foothills,Imphal West,Manipur,2026-08-29 19:57:09,7.45,15.77,0.444,72.01,26.4,82.6,0.32,22.0,786,24.817,93.9368,19.58,Low
11,Imphal West Foothills,Imphal West,Manipur,2026-08-30 19:57:09,4.67,13.24,0.328,69.54,25.6,81.7,0.06,22.0,786,24.817,93.9368,22.73,Low
11,Imphal West Foothills,Imphal West,Manipur,2026-08-31 19:57:09,73.05,85.17,0.848,87.8,23.7,88.3,0.2,22.0,786,24.817,93.9368,46.07,Moderate
11,Imphal West Foothills,Imphal West,Manipur,2026-09-01 19:57:09,7.59,85.31,0.088,85.51,23.6,91.8,0.35,22.0,786,24.817,93.9368,32.27,Moderate
11,Imphal West Foothills,Imphal West,Manipur,2026-09-02 19:57:09,2.9,83.54,0.034,82.22,26.0,84.0,0.24,22.0,786,24.817,93.9368,26.63,Moderate
11,Imphal West Foothills,Imphal West,Manipur,2026-09-03 19:57:09,5.3,15.79,0.316,78.36,25.2,90.3,0.22,22.0,786,24.817,93.9368,24.29,Low
11,Imphal West Foothills,Imphal West,Manipur,2026-09-04 19:57:09,7.67,15.87,0.455,75.96,25.9,82.8,0.34,22.0,786,24.817,93.9368,25.2,Moderate
11,Imphal West Foothills,Imphal West,Manipur,2026-09-05 19:57:09,7.28,20.25,0.343,73.47,26.9,83.3,0.33,22.0,786,24.817,93.9368,20.4,Low
11,Imphal West Foothills,Imphal West,Manipur,2026-09-06 19:57:09,23.68,38.63,0.597,69.75,26.6,85.7,0.31,22.0,786,24.817,93.9368,30.76,Moderate
11,Imphal West Foothills,Imphal West,Manipur,2026-09-07 19:57:09,136.88,167.84,0.811,98.0,21.3,98.0,0.38,22.0,786,24.817,93.9368,61.8,High
11,Imphal West Foothills,Imphal West,Manipur,2026-09-08 19:57:09,145.95,306.51,0.475,98.0,23.5,97.7,0.35,22.0,786,24.817,93.9368,63.17,High
11,Imphal West Foothills,Imphal West,Manipur,2026-09-09 19:57:09,6.6,289.43,0.023,94.75,24.1,91.7,0.33,22.0,786,24.817,93.9368,45.84,Moderate
12,Ukhrul East Range,Ukhrul,Manipur,2026-06-12 19:57:09,0.22,0.55,0.141,43.13,20.5,76.4,0.05,39.8,1662,25.1167,94.3667,27.18,Moderate
12,Ukhrul East Range,Ukhrul,Manipur,2026-06-13 19:57:09,5.03,12.57,0.371,40.84,17.2,70.9,0.39,39.8,1662,25.1167,94.3667,23.25,Low
12,Ukhrul East Range,Ukhrul,Manipur,2026-06-14 19:57:09,6.11,11.36,0.494,37.22,20.8,76.0,0.19,39.8,1662,25.1167,94.3667,28.13,Moderate
12,Ukhrul East Range,Ukhrul,Manipur,2026-06-15 19:57:09,2.09,13.23,0.147,34.01,21.7,74.9,0.17,39.8,1662,25.1167,94.3667,24.27,Low
12,Ukhrul East Range,Ukhrul,Manipur,2026-06-16 19:57:09,66.97,75.17,0.879,50.75,22.4,81.6,0.38,39.8,1662,25.1167,94.3667,42.38,Moderate
12,Ukhrul East Range,Ukhrul,Manipur,2026-06-17 19:57:09,5.18,74.24,0.069,47.68,22.1,81.4,0.28,39.8,1662,25.1167,94.3667,31.32,Moderate
12,Ukhrul East Range,Ukhrul,Manipur,2026-06-18 19:57:09,36.07,108.22,0.33,56.7,19.3,77.4,0.15,39.8,1662,25.1167,94.3667,43.74,Moderate
12,Ukhrul East Range,Ukhrul,Manipur,2026-06-19 19:57:09,212.61,253.86,0.834,98.0,17.4,96.5,0.37,39.8,1662,25.1167,94.3667,81.55,Critical
12,Ukhrul East Range,Ukhrul,Manipur,2026-06-20 19:57:09,143.52,392.2,0.365,98.0,20.7,90.5,0.08,39.8,1662,25.1167,94.3667,75.19,Critical
12,Ukhrul East Range,Ukhrul,Manipur,2026-06-21 19:57:09,6.26,362.39,0.017,95.78,19.7,89.8,0.24,39.8,1662,25.1167,94.3667,62.64,High
12,Ukhrul East Range,Ukhrul,Manipur,2026-06-22 19:57:09,2.26,152.04,0.015,92.59,19.2,91.5,0.12,39.8,1662,25.1167,94.3667,55.16,High
12,Ukhrul East Range,Ukhrul,Manipur,2026-06-23 19:57:09,4.94,13.46,0.342,88.82,18.9,92.9,0.0,39.8,1662,25.1167,94.3667,45.82,Moderate
12,Ukhrul East Range,Ukhrul,Manipur,2026-06-24 19:57:09,31.01,38.21,0.791,96.57,20.8,95.7,0.28,39.8,1662,25.1167,94.3667,56.11,High
12,Ukhrul East Range,Ukhrul,Manipur,2026-06-25 19:57:09,2.05,38.0,0.053,94.83,17.0,91.5,0.36,39.8,1662,25.1167,94.3667,45.72,Moderate
12,Ukhrul East Range,Ukhrul,Manipur,2026-06-26 19:57:09,7.51,40.57,0.181,90.92,20.3,94.3,0.1,39.8,1662,25.1167,94.3667,47.51,Moderate
12,Ukhrul East Range,Ukhrul,Manipur,2026-06-27 19:57:09,2.42,11.98,0.186,88.43,18.9,95.6,0.23,39.8,1662,25.1167,94.3667,43.73,Moderate
12,Ukhrul East Range,Ukhrul,Manipur,2026-06-28 19:57:09,4.03,13.96,0.269,84.6,22.0,85.9,0.21,39.8,1662,25.1167,94.3667,43.45,Moderate
12,Ukhrul East Range,Ukhrul,Manipur,2026-06-29 19:57:09,17.59,24.04,0.703,82.99,17.5,92.8,0.3,39.8,1662,25.1167,94.3667,48.08,Moderate
12,Ukhrul East Range,Ukhrul,Manipur,2026-06-30 19:57:09,2.26,23.88,0.091,79.3,20.4,90.4,0.13,39.8,1662,25.1167,94.3667,41.79,Moderate
12,Ukhrul East Range,Ukhrul,Manipur,2026-07-01 19:57:09,2.52,22.37,0.108,75.31,21.3,82.9,0.26,39.8,1662,25.1167,94.3667,36.3,Moderate
12,Ukhrul East Range,Ukhrul,Manipur,2026-07-02 19:57:09,0.43,5.21,0.069,73.44,18.1,81.1,0.28,39.8,1662,25.1167,94.3667,39.16,Moderate
12,Ukhrul East Range,Ukhrul,Manipur,2026-07-03 19:57:09,7.96,10.91,0.668,69.62,16.9,82.9,0.19,39.8,1662,25.1167,94.3667,39.58,Moderate
12,Ukhrul East Range,Ukhrul,Manipur,2026-07-04 19:57:09,6.77,15.16,0.419,65.96,17.4,79.0,0.07,39.8,1662,25.1167,94.3667,40.51,Moderate
12,Ukhrul East Range,Ukhrul,Manipur,2026-07-05 19:57:09,43.07,57.8,0.732,76.72,18.3,90.8,0.23,39.8,1662,25.1167,94.3667,46.58,Moderate
12,Ukhrul East Range,Ukhrul,Manipur,2026-07-06 19:57:09,4.21,54.05,0.076,73.8,19.2,81.6,0.27,39.8,1662,25.1167,94.3667,43.15,Moderate
12,Ukhrul East Range,Ukhrul,Manipur,2026-07-07 19:57:09,0.21,47.49,0.004,70.59,20.8,83.6,0.38,39.8,1662,25.1167,94.3667,37.53,Moderate
12,Ukhrul East Range,Ukhrul,Manipur,2026-07-08 19:57:09,1.23,5.65,0.185,68.89,21.7,85.7,0.38,39.8,1662,25.1167,94.3667,32.81,Moderate
12,Ukhrul East Range,Ukhrul,Manipur,2026-07-09 19:57:09,163.19,164.63,0.985,98.0,16.7,99.0,0.38,39.8,1662,25.1167,94.3667,75.8,Critical
12,Ukhrul East Range,Ukhrul,Manipur,2026-07-10 19:57:09,125.49,289.91,0.431,98.0,21.1,96.6,0.23,39.8,1662,25.1167,94.3667,74.3,High
12,Ukhrul East Range,Ukhrul,Manipur,2026-07-11 19:57:09,13.16,301.84,0.043,94.89,18.6,88.8,0.38,39.8,1662,25.1167,94.3667,62.67,High
12,Ukhrul East Range,Ukhrul,Manipur,2026-07-12 19:57:09,3.19,141.84,0.022,92.95,22.5,96.2,0.34,39.8,1662,25.1167,94.3667,52.97,High
12,Ukhrul East Range,Ukhrul,Manipur,2026-07-13 19:57:09,60.67,77.02,0.778,98.0,18.4,96.8,0.05,39.8,1662,25.1167,94.3667,59.86,High
12,Ukhrul East Range,Ukhrul,Manipur,2026-07-14 19:57:09,3.46,67.32,0.051,94.48,18.6,94.9,0.27,39.8,1662,25.1167,94.3667,48.59,Moderate
12,Ukhrul East Range,Ukhrul,Manipur,2026-07-15 19:57:09,4.1,68.23,0.059,91.76,22.0,91.9,0.17,39.8,1662,25.1167,94.3667,52.64,High
12,Ukhrul East Range,Ukhrul,Manipur,2026-07-16 19:57:09,6.49,14.05,0.431,88.73,19.3,90.3,0.14,39.8,1662,25.1167,94.3667,48.94,Moderate
12,Ukhrul East Range,Ukhrul,Manipur,2026-07-17 19:57:09,1.79,12.38,0.134,85.51,17.6,89.9,0.21,39.8,1662,25.1167,94.3667,42.42,Moderate
12,Ukhrul East Range,Ukhrul,Manipur,2026-07-18 19:57:09,3.5,11.78,0.274,81.74,19.6,85.1,0.36,39.8,1662,25.1167,94.3667,40.07,Moderate
12,Ukhrul East Range,Ukhrul,Manipur,2026-07-19 19:57:09,4.18,9.47,0.4,79.5,17.0,83.6,0.04,39.8,1662,25.1167,94.3667,39.96,Moderate
12,Ukhrul East Range,Ukhrul,Manipur,2026-07-20 19:57:09,0.76,8.44,0.08,76.35,20.1,84.3,0.03,39.8,1662,25.1167,94.3667,38.51,Moderate
12,Ukhrul East Range,Ukhrul,Manipur,2026-07-21 19:57:09,0.91,5.85,0.133,73.2,17.8,82.4,0.03,39.8,1662,25.1167,94.3667,33.08,Moderate
12,Ukhrul East Range,Ukhrul,Manipur,2026-07-22 19:57:09,2.38,4.05,0.471,70.23,19.4,86.3,0.11,39.8,1662,25.1167,94.3667,35.72,Moderate
12,Ukhrul East Range,Ukhrul,Manipur,2026-07-23 19:57:09,6.97,10.26,0.619,68.26,17.8,86.4,0.35,39.8,1662,25.1167,94.3667,34.0,Moderate
12,Ukhrul East Range,Ukhrul,Manipur,2026-07-24 19:57:09,44.73,54.08,0.812,79.44,16.7,84.0,0.19,39.8,1662,25.1167,94.3667,51.15,High
12,Ukhrul East Range,Ukhrul,Manipur,2026-07-25 19:57:09,6.95,58.65,0.117,75.53,20.3,86.3,0.39,39.8,1662,25.1167,94.3667,41.76,Moderate
12,Ukhrul East Range,Ukhrul,Manipur,2026-07-26 19:57:09,5.39,57.07,0.093,72.3,19.1,83.3,0.01,39.8,1662,25.1167,94.3667,37.1,Moderate
12,Ukhrul East Range,Ukhrul,Manipur,2026-07-27 19:57:09,11.03,23.37,0.453,68.38,21.8,81.0,0.26,39.8,1662,25.1167,94.3667,41.43,Moderate
12,Ukhrul East Range,Ukhrul,Manipur,2026-07-28 19:57:09,5.01,21.43,0.223,64.9,17.8,80.7,0.19,39.8,1662,25.1167,94.3667,30.96,Moderate
12,Ukhrul East Range,Ukhrul,Manipur,2026-07-29 19:57:09,83.05,99.09,0.83,85.67,17.7,86.5,0.39,39.8,1662,25.1167,94.3667,55.72,High
12,Ukhrul East Range,Ukhrul,Manipur,2026-07-30 19:57:09,146.01,234.07,0.621,98.0,21.8,95.2,0.23,39.8,1662,25.1167,94.3667,76.82,Critical
12,Ukhrul East Range,Ukhrul,Manipur,2026-07-31 19:57:09,0.41,229.47,0.002,96.48,20.5,95.9,0.34,39.8,1662,25.1167,94.3667,60.2,High
12,Ukhrul East Range,Ukhrul,Manipur,2026-08-01 19:57:09,4.77,151.19,0.031,93.59,18.4,92.6,0.24,39.8,1662,25.1167,94.3667,56.7,High
12,Ukhrul East Range,Ukhrul,Manipur,2026-08-02 19:57:09,5.43,10.61,0.468,90.05,19.6,93.7,0.17,39.8,1662,25.1167,94.3667,44.23,Moderate
12,Ukhrul East Range,Ukhrul,Manipur,2026-08-03 19:57:09,0.51,10.71,0.043,86.32,19.2,89.9,0.38,39.8,1662,25.1167,94.3667,44.39,Moderate
12,Ukhrul East Range,Ukhrul,Manipur,2026-08-04 19:57:09,5.58,11.52,0.446,84.77,18.4,86.6,0.09,39.8,1662,25.1167,94.3667,42.58,Moderate
12,Ukhrul East Range,Ukhrul,Manipur,2026-08-05 19:57:09,69.09,75.18,0.907,98.0,18.7,95.3,0.26,39.8,1662,25.1167,94.3667,63.08,High
12,Ukhrul East Range,Ukhrul,Manipur,2026-08-06 19:57:09,29.07,103.74,0.278,94.72,22.4,96.5,0.29,39.8,1662,25.1167,94.3667,55.39,High
12,Ukhrul East Range,Ukhrul,Manipur,2026-08-07 19:57:09,6.4,104.56,0.061,91.11,20.4,89.7,0.27,39.8,1662,25.1167,94.3667,50.74,High
12,Ukhrul East Range,Ukhrul,Manipur,2026-08-08 19:57:09,22.97,58.44,0.386,88.1,17.3,90.0,0.12,39.8,1662,25.1167,94.3667,43.78,Moderate
12,Ukhrul East Range,Ukhrul,Manipur,2026-08-09 19:57:09,13.06,42.43,0.301,86.55,22.0,88.9,0.33,39.8,1662,25.1167,94.3667,48.27,Moderate
12,Ukhrul East Range,Ukhrul,Manipur,2026-08-10 19:57:09,0.26,36.29,0.007,84.89,19.3,90.9,0.09,39.8,1662,25.1167,94.3667,45.43,Moderate
12,Ukhrul East Range,Ukhrul,Manipur,2026-08-11 19:57:09,2.72,16.04,0.16,82.5,17.0,92.7,0.06,39.8,1662,25.1167,94.3667,38.57,Moderate
12,Ukhrul East Range,Ukhrul,Manipur,2026-08-12 19:57:09,4.12,7.1,0.509,79.33,20.9,92.0,0.18,39.8,1662,25.1167,94.3667,41.65,Moderate
12,Ukhrul East Range,Ukhrul,Manipur,2026-08-13 19:57:09,0.89,7.73,0.102,77.56,20.4,90.0,0.33,39.8,1662,25.1167,94.3667,38.96,Moderate
12,Ukhrul East Range,Ukhrul,Manipur,2026-08-14 19:57:09,16.85,21.86,0.737,74.49,21.9,90.2,0.12,39.8,1662,25.1167,94.3667,43.61,Moderate
12,Ukhrul East Range,Ukhrul,Manipur,2026-08-15 19:57:09,4.05,21.79,0.178,71.16,17.3,86.4,0.06,39.8,1662,25.1167,94.3667,34.63,Moderate
12,Ukhrul East Range,Ukhrul,Manipur,2026-08-16 19:57:09,3.51,24.41,0.138,68.62,21.3,81.5,0.14,39.8,1662,25.1167,94.3667,33.55,Moderate
12,Ukhrul East Range,Ukhrul,Manipur,2026-08-17 19:57:09,0.68,8.24,0.074,66.19,21.2,81.8,0.06,39.8,1662,25.1167,94.3667,33.19,Moderate
12,Ukhrul East Range,Ukhrul,Manipur,2026-08-18 19:57:09,185.49,189.68,0.973,98.0,19.2,91.6,0.17,39.8,1662,25.1167,94.3667,80.83,Critical
12,Ukhrul East Range,Ukhrul,Manipur,2026-08-19 19:57:09,137.3,323.47,0.423,98.0,19.4,97.8,0.14,39.8,1662,25.1167,94.3667,77.98,Critical
12,Ukhrul East Range,Ukhrul,Manipur,2026-08-20 19:57:09,19.46,342.25,0.057,96.48,21.5,98.2,0.13,39.8,1662,25.1167,94.3667,61.86,High
12,Ukhrul East Range,Ukhrul,Manipur,2026-08-21 19:57:09,1.31,158.07,0.008,94.82,21.2,94.8,0.36,39.8,1662,25.1167,94.3667,55.19,High
12,Ukhrul East Range,Ukhrul,Manipur,2026-08-22 19:57:09,51.05,71.82,0.701,98.0,21.0,95.9,0.12,39.8,1662,25.1167,94.3667,52.23,High
12,Ukhrul East Range,Ukhrul,Manipur,2026-08-23 19:57:09,5.45,57.81,0.093,95.12,18.5,95.7,0.0,39.8,1662,25.1167,94.3667,51.37,High
12,Ukhrul East Range,Ukhrul,Manipur,2026-08-24 19:57:09,4.22,60.72,0.068,91.31,20.9,91.4,0.22,39.8,1662,25.1167,94.3667,42.4,Moderate
12,Ukhrul East Range,Ukhrul,Manipur,2026-08-25 19:57:09,5.22,14.89,0.328,88.07,22.0,93.6,0.08,39.8,1662,25.1167,94.3667,42.24,Moderate
12,Ukhrul East Range,Ukhrul,Manipur,2026-08-26 19:57:09,0.3,9.74,0.028,85.73,21.0,92.4,0.4,39.8,1662,25.1167,94.3667,38.58,Moderate
12,Ukhrul East Range,Ukhrul,Manipur,2026-08-27 19:57:09,0.74,6.26,0.102,82.86,19.8,91.6,0.01,39.8,1662,25.1167,94.3667,36.35,Moderate
12,Ukhrul East Range,Ukhrul,Manipur,2026-08-28 19:57:09,4.74,5.78,0.699,80.75,21.3,90.5,0.04,39.8,1662,25.1167,94.3667,45.95,Moderate
12,Ukhrul East Range,Ukhrul,Manipur,2026-08-29 19:57:09,34.24,39.72,0.841,89.31,20.5,89.8,0.26,39.8,1662,25.1167,94.3667,52.01,High
12,Ukhrul East Range,Ukhrul,Manipur,2026-08-30 19:57:09,29.37,68.35,0.423,85.97,19.4,94.9,0.4,39.8,1662,25.1167,94.3667,49.42,Moderate
12,Ukhrul East Range,Ukhrul,Manipur,2026-08-31 19:57:09,7.15,70.76,0.1,82.9,19.9,90.0,0.11,39.8,1662,25.1167,94.3667,43.41,Moderate
12,Ukhrul East Range,Ukhrul,Manipur,2026-09-01 19:57:09,5.72,42.24,0.132,79.72,21.0,88.1,0.13,39.8,1662,25.1167,94.3667,41.8,Moderate
12,Ukhrul East Range,Ukhrul,Manipur,2026-09-02 19:57:09,6.58,19.45,0.322,77.32,17.3,89.2,0.03,39.8,1662,25.1167,94.3667,38.91,Moderate
12,Ukhrul East Range,Ukhrul,Manipur,2026-09-03 19:57:09,67.75,80.05,0.836,94.26,19.5,92.5,0.21,39.8,1662,25.1167,94.3667,57.69,High
12,Ukhrul East Range,Ukhrul,Manipur,2026-09-04 19:57:09,4.15,78.48,0.052,91.77,18.3,92.1,0.18,39.8,1662,25.1167,94.3667,50.31,High
12,Ukhrul East Range,Ukhrul,Manipur,2026-09-05 19:57:09,3.92,75.82,0.051,87.84,21.6,87.2,0.28,39.8,1662,25.1167,94.3667,44.63,Moderate
12,Ukhrul East Range,Ukhrul,Manipur,2026-09-06 19:57:09,55.79,63.86,0.86,98.0,21.9,90.5,0.19,39.8,1662,25.1167,94.3667,57.18,High
12,Ukhrul East Range,Ukhrul,Manipur,2026-09-07 19:57:09,184.51,244.22,0.752,98.0,22.4,93.0,0.24,39.8,1662,25.1167,94.3667,77.42,Critical
12,Ukhrul East Range,Ukhrul,Manipur,2026-09-08 19:57:09,137.21,377.51,0.362,98.0,17.4,95.0,0.06,39.8,1662,25.1167,94.3667,79.69,Critical
12,Ukhrul East Range,Ukhrul,Manipur,2026-09-09 19:57:09,7.93,329.65,0.024,95.74,19.6,96.4,0.24,39.8,1662,25.1167,94.3667,63.48,High
13,Agartala Tillas,West Tripura,Tripura,2026-06-12 19:57:09,7.11,17.78,0.379,28.93,29.3,70.0,0.14,18.5,128,23.8315,91.2868,8.45,Low
13,Agartala Tillas,West Tripura,Tripura,2026-06-13 19:57:09,3.34,8.35,0.357,26.0,27.8,73.1,0.19,18.5,128,23.8315,91.2868,7.09,Low
13,Agartala Tillas,West Tripura,Tripura,2026-06-14 19:57:09,4.85,15.3,0.297,22.6,27.4,67.5,0.18,18.5,128,23.8315,91.2868,6.73,Low
13,Agartala Tillas,West Tripura,Tripura,2026-06-15 19:57:09,2.6,10.79,0.221,20.0,28.3,66.1,0.16,18.5,128,23.8315,91.2868,12.04,Low
13,Agartala Tillas,West Tripura,Tripura,2026-06-16 19:57:09,7.66,15.11,0.476,20.0,28.8,68.5,0.28,18.5,128,23.8315,91.2868,10.41,Low
13,Agartala Tillas,West Tripura,Tripura,2026-06-17 19:57:09,6.37,16.63,0.361,20.0,27.7,63.2,0.08,18.5,128,23.8315,91.2868,9.14,Low
13,Agartala Tillas,West Tripura,Tripura,2026-06-18 19:57:09,4.61,18.64,0.235,20.0,27.8,63.9,0.36,18.5,128,23.8315,91.2868,10.24,Low
13,Agartala Tillas,West Tripura,Tripura,2026-06-19 19:57:09,96.84,107.82,0.89,44.21,30.0,72.3,3.69,18.5,128,23.8315,91.2868,41.58,Moderate
13,Agartala Tillas,West Tripura,Tripura,2026-06-20 19:57:09,114.34,215.79,0.527,72.79,28.6,89.4,0.32,18.5,128,23.8315,91.2868,41.77,Moderate
13,Agartala Tillas,West Tripura,Tripura,2026-06-21 19:57:09,3.21,214.39,0.015,71.18,29.5,80.1,0.17,18.5,128,23.8315,91.2868,27.71,Moderate
13,Agartala Tillas,West Tripura,Tripura,2026-06-22 19:57:09,2.54,120.09,0.021,69.04,25.0,80.2,0.06,18.5,128,23.8315,91.2868,22.39,Low
13,Agartala Tillas,West Tripura,Tripura,2026-06-23 19:57:09,0.72,6.47,0.096,66.77,26.8,80.1,0.13,18.5,128,23.8315,91.2868,15.88,Low
13,Agartala Tillas,West Tripura,Tripura,2026-06-24 19:57:09,13.8,17.06,0.764,64.3,26.3,81.6,0.15,18.5,128,23.8315,91.2868,23.47,Low
13,Agartala Tillas,West Tripura,Tripura,2026-06-25 19:57:09,0.97,15.49,0.059,62.29,28.9,82.7,0.3,18.5,128,23.8315,91.2868,15.3,Low
13,Agartala Tillas,West Tripura,Tripura,2026-06-26 19:57:09,0.92,15.69,0.055,60.64,27.1,80.3,0.16,18.5,128,23.8315,91.2868,16.35,Low
13,Agartala Tillas,West Tripura,Tripura,2026-06-27 19:57:09,67.6,69.49,0.959,77.54,26.0,91.8,0.1,18.5,128,23.8315,91.2868,36.18,Moderate
13,Agartala Tillas,West Tripura,Tripura,2026-06-28 19:57:09,6.28,74.8,0.083,75.28,26.8,82.2,0.08,18.5,128,23.8315,91.2868,23.21,Low
13,Agartala Tillas,West Tripura,Tripura,2026-06-29 19:57:09,2.99,76.87,0.038,71.31,29.1,85.3,0.36,18.5,128,23.8315,91.2868,16.58,Low
13,Agartala Tillas,West Tripura,Tripura,2026-06-30 19:57:09,0.01,9.28,0.001,68.65,29.3,81.9,0.0,18.5,128,23.8315,91.2868,18.91,Low
13,Agartala Tillas,West Tripura,Tripura,2026-07-01 19:57:09,3.86,6.86,0.491,65.66,29.4,81.8,0.25,18.5,128,23.8315,91.2868,18.82,Low
13,Agartala Tillas,West Tripura,Tripura,2026-07-02 19:57:09,4.08,7.95,0.456,64.04,28.8,83.0,0.16,18.5,128,23.8315,91.2868,19.56,Low
13,Agartala Tillas,West Tripura,Tripura,2026-07-03 19:57:09,19.08,27.02,0.681,61.15,26.0,80.7,0.38,18.5,128,23.8315,91.2868,13.88,Low
13,Agartala Tillas,West Tripura,Tripura,2026-07-04 19:57:09,5.46,28.62,0.184,58.8,25.9,83.1,0.1,18.5,128,23.8315,91.2868,20.24,Low
13,Agartala Tillas,West Tripura,Tripura,2026-07-05 19:57:09,2.73,27.27,0.097,56.15,28.0,74.8,0.26,18.5,128,23.8315,91.2868,13.73,Low
13,Agartala Tillas,West Tripura,Tripura,2026-07-06 19:57:09,40.97,49.16,0.817,66.39,29.8,85.0,0.36,18.5,128,23.8315,91.2868,30.2,Moderate
13,Agartala Tillas,West Tripura,Tripura,2026-07-07 19:57:09,6.1,49.8,0.12,63.55,29.1,83.7,0.01,18.5,128,23.8315,91.2868,14.95,Low
13,Agartala Tillas,West Tripura,Tripura,2026-07-08 19:57:09,5.37,52.44,0.101,60.37,26.5,84.3,0.14,18.5,128,23.8315,91.2868,18.23,Low
13,Agartala Tillas,West Tripura,Tripura,2026-07-09 19:57:09,104.81,116.28,0.894,86.57,29.0,92.3,2.91,18.5,128,23.8315,91.2868,50.47,High
13,Agartala Tillas,West Tripura,Tripura,2026-07-10 19:57:09,211.07,321.25,0.655,98.0,27.0,91.5,2.47,18.5,128,23.8315,91.2868,66.95,High
13,Agartala Tillas,West Tripura,Tripura,2026-07-11 19:57:09,2.86,318.74,0.009,96.28,28.0,91.7,0.09,18.5,128,23.8315,91.2868,48.33,Moderate
13,Agartala Tillas,West Tripura,Tripura,2026-07-12 19:57:09,2.9,216.83,0.013,94.07,29.8,95.0,0.08,18.5,128,23.8315,91.2868,37.77,Moderate
13,Agartala Tillas,West Tripura,Tripura,2026-07-13 19:57:09,3.17,8.93,0.319,90.4,27.8,91.6,0.26,18.5,128,23.8315,91.2868,26.94,Moderate
13,Agartala Tillas,West Tripura,Tripura,2026-07-14 19:57:09,5.46,11.53,0.436,87.49,24.8,86.9,0.1,18.5,128,23.8315,91.2868,28.56,Moderate
13,Agartala Tillas,West Tripura,Tripura,2026-07-15 19:57:09,1.82,10.45,0.159,84.68,29.1,86.6,0.4,18.5,128,23.8315,91.2868,24.89,Low
13,Agartala Tillas,West Tripura,Tripura,2026-07-16 19:57:09,4.26,11.54,0.34,82.55,27.7,88.4,0.26,18.5,128,23.8315,91.2868,23.6,Low
13,Agartala Tillas,West Tripura,Tripura,2026-07-17 19:57:09,0.41,6.49,0.055,78.7,27.0,92.5,0.27,18.5,128,23.8315,91.2868,21.47,Low
13,Agartala Tillas,West Tripura,Tripura,2026-07-18 19:57:09,2.89,7.56,0.338,75.3,29.7,83.6,0.17,18.5,128,23.8315,91.2868,25.78,Moderate
13,Agartala Tillas,West Tripura,Tripura,2026-07-19 19:57:09,0.04,3.34,0.01,73.31,24.9,86.4,3.57,18.5,128,23.8315,91.2868,28.0,Moderate
13,Agartala Tillas,West Tripura,Tripura,2026-07-20 19:57:09,3.39,6.32,0.463,71.63,25.9,81.7,0.25,18.5,128,23.8315,91.2868,20.2,Low
13,Agartala Tillas,West Tripura,Tripura,2026-07-21 19:57:09,41.2,44.63,0.903,81.93,29.2,89.6,0.13,18.5,128,23.8315,91.2868,36.43,Moderate
13,Agartala Tillas,West Tripura,Tripura,2026-07-22 19:57:09,0.86,45.45,0.019,79.83,26.4,83.5,0.32,18.5,128,23.8315,91.2868,25.85,Moderate
13,Agartala Tillas,West Tripura,Tripura,2026-07-23 19:57:09,6.21,48.27,0.126,76.78,28.9,88.1,0.03,18.5,128,23.8315,91.2868,25.21,Moderate
13,Agartala Tillas,West Tripura,Tripura,2026-07-24 19:57:09,12.17,19.24,0.601,74.5,29.4,81.7,0.37,18.5,128,23.8315,91.2868,25.43,Moderate
13,Agartala Tillas,West Tripura,Tripura,2026-07-25 19:57:09,2.41,20.79,0.111,71.43,24.8,86.8,0.12,18.5,128,23.8315,91.2868,15.64,Low
13,Agartala Tillas,West Tripura,Tripura,2026-07-26 19:57:09,0.77,15.35,0.047,68.05,25.8,84.8,0.0,18.5,128,23.8315,91.2868,20.87,Low
13,Agartala Tillas,West Tripura,Tripura,2026-07-27 19:57:09,6.36,9.54,0.603,64.35,28.1,80.9,0.31,18.5,128,23.8315,91.2868,16.24,Low
13,Agartala Tillas,West Tripura,Tripura,2026-07-28 19:57:09,2.63,9.76,0.244,62.37,25.0,82.8,0.32,18.5,128,23.8315,91.2868,15.85,Low
13,Agartala Tillas,West Tripura,Tripura,2026-07-29 19:57:09,107.11,116.1,0.915,89.15,27.8,92.6,0.17,18.5,128,23.8315,91.2868,45.53,Moderate
13,Agartala Tillas,West Tripura,Tripura,2026-07-30 19:57:09,181.45,291.19,0.621,98.0,27.0,91.7,0.02,18.5,128,23.8315,91.2868,61.75,High
13,Agartala Tillas,West Tripura,Tripura,2026-07-31 19:57:09,3.49,292.05,0.012,94.1,28.9,91.0,0.31,18.5,128,23.8315,91.2868,43.13,Moderate
13,Agartala Tillas,West Tripura,Tripura,2026-08-01 19:57:09,30.06,215.0,0.139,98.0,26.4,93.0,3.21,18.5,128,23.8315,91.2868,52.32,High
13,Agartala Tillas,West Tripura,Tripura,2026-08-02 19:57:09,0.46,34.01,0.013,95.23,29.4,96.9,0.08,18.5,128,23.8315,91.2868,30.51,Moderate
13,Agartala Tillas,West Tripura,Tripura,2026-08-03 19:57:09,69.05,99.57,0.687,98.0,29.1,92.7,0.28,18.5,128,23.8315,91.2868,49.15,Moderate
13,Agartala Tillas,West Tripura,Tripura,2026-08-04 19:57:09,4.8,74.31,0.064,95.67,27.8,98.1,0.17,18.5,128,23.8315,91.2868,33.34,Moderate
13,Agartala Tillas,West Tripura,Tripura,2026-08-05 19:57:09,39.53,113.38,0.346,98.0,29.1,89.7,0.0,18.5,128,23.8315,91.2868,38.61,Moderate
13,Agartala Tillas,West Tripura,Tripura,2026-08-06 19:57:09,24.97,69.3,0.355,94.94,25.8,95.6,0.13,18.5,128,23.8315,91.2868,36.52,Moderate
13,Agartala Tillas,West Tripura,Tripura,2026-08-07 19:57:09,1.64,66.14,0.024,92.98,30.3,91.2,0.01,18.5,128,23.8315,91.2868,32.97,Moderate
13,Agartala Tillas,West Tripura,Tripura,2026-08-08 19:57:09,28.89,55.5,0.511,90.99,27.9,94.5,0.01,18.5,128,23.8315,91.2868,30.24,Moderate
13,Agartala Tillas,West Tripura,Tripura,2026-08-09 19:57:09,21.32,51.85,0.403,87.28,28.7,88.9,0.07,18.5,128,23.8315,91.2868,31.03,Moderate
13,Agartala Tillas,West Tripura,Tripura,2026-08-10 19:57:09,64.79,115.0,0.559,98.0,29.8,89.5,0.15,18.5,128,23.8315,91.2868,45.8,Moderate
13,Agartala Tillas,West Tripura,Tripura,2026-08-11 19:57:09,0.89,87.0,0.01,94.16,26.2,90.4,0.26,18.5,128,23.8315,91.2868,31.02,Moderate
13,Agartala Tillas,West Tripura,Tripura,2026-08-12 19:57:09,7.82,73.5,0.105,90.17,29.6,95.3,0.06,18.5,128,23.8315,91.2868,33.05,Moderate
13,Agartala Tillas,West Tripura,Tripura,2026-08-13 19:57:09,6.36,15.07,0.396,88.19,26.6,89.6,0.39,18.5,128,23.8315,91.2868,26.52,Moderate
13,Agartala Tillas,West Tripura,Tripura,2026-08-14 19:57:09,13.0,27.18,0.461,85.15,25.5,90.2,0.13,18.5,128,23.8315,91.2868,27.43,Moderate
13,Agartala Tillas,West Tripura,Tripura,2026-08-15 19:57:09,61.71,81.07,0.752,98.0,29.6,97.8,0.35,18.5,128,23.8315,91.2868,43.76,Moderate
13,Agartala Tillas,West Tripura,Tripura,2026-08-16 19:57:09,15.29,90.0,0.168,95.32,28.3,89.0,0.3,18.5,128,23.8315,91.2868,34.04,Moderate
13,Agartala Tillas,West Tripura,Tripura,2026-08-17 19:57:09,4.07,81.07,0.05,92.58,27.1,90.6,0.28,18.5,128,23.8315,91.2868,28.26,Moderate
13,Agartala Tillas,West Tripura,Tripura,2026-08-18 19:57:09,180.19,199.55,0.898,98.0,27.3,92.0,0.37,18.5,128,23.8315,91.2868,56.83,High
13,Agartala Tillas,West Tripura,Tripura,2026-08-19 19:57:09,161.76,346.02,0.466,98.0,24.6,91.5,0.35,18.5,128,23.8315,91.2868,65.09,High
13,Agartala Tillas,West Tripura,Tripura,2026-08-20 19:57:09,2.45,344.4,0.007,94.28,27.8,97.4,0.22,18.5,128,23.8315,91.2868,40.47,Moderate
13,Agartala Tillas,West Tripura,Tripura,2026-08-21 19:57:09,15.46,179.67,0.086,91.67,26.5,92.9,0.25,18.5,128,23.8315,91.2868,34.11,Moderate
13,Agartala Tillas,West Tripura,Tripura,2026-08-22 19:57:09,3.74,21.65,0.165,89.14,29.2,89.4,0.07,18.5,128,23.8315,91.2868,20.74,Low
13,Agartala Tillas,West Tripura,Tripura,2026-08-23 19:57:09,51.95,71.15,0.72,98.0,26.5,90.1,0.21,18.5,128,23.8315,91.2868,40.64,Moderate
13,Agartala Tillas,West Tripura,Tripura,2026-08-24 19:57:09,6.29,61.98,0.1,94.18,25.0,88.7,2.28,18.5,128,23.8315,91.2868,32.72,Moderate
13,Agartala Tillas,West Tripura,Tripura,2026-08-25 19:57:09,31.4,89.64,0.346,98.0,26.2,97.5,0.11,18.5,128,23.8315,91.2868,41.38,Moderate
13,Agartala Tillas,West Tripura,Tripura,2026-08-26 19:57:09,7.98,45.67,0.171,94.0,28.9,95.3,0.0,18.5,128,23.8315,91.2868,32.65,Moderate
13,Agartala Tillas,West Tripura,Tripura,2026-08-27 19:57:09,6.58,45.96,0.14,90.55,26.8,90.7,0.26,18.5,128,23.8315,91.2868,26.75,Moderate
13,Agartala Tillas,West Tripura,Tripura,2026-08-28 19:57:09,4.1,18.66,0.209,87.14,25.3,89.5,0.3,18.5,128,23.8315,91.2868,30.91,Moderate
13,Agartala Tillas,West Tripura,Tripura,2026-08-29 19:57:09,4.13,14.81,0.261,83.68,28.9,91.5,0.32,18.5,128,23.8315,91.2868,26.0,Moderate
13,Agartala Tillas,West Tripura,Tripura,2026-08-30 19:57:09,1.5,9.73,0.14,80.25,28.5,85.2,0.22,18.5,128,23.8315,91.2868,20.61,Low
13,Agartala Tillas,West Tripura,Tripura,2026-08-31 19:57:09,4.62,10.25,0.411,78.43,30.0,82.5,0.33,18.5,128,23.8315,91.2868,15.99,Low
13,Agartala Tillas,West Tripura,Tripura,2026-09-01 19:57:09,3.35,9.47,0.32,75.22,26.8,89.1,0.13,18.5,128,23.8315,91.2868,25.39,Moderate
13,Agartala Tillas,West Tripura,Tripura,2026-09-02 19:57:09,61.05,69.02,0.872,90.48,29.9,88.2,0.13,18.5,128,23.8315,91.2868,37.16,Moderate
13,Agartala Tillas,West Tripura,Tripura,2026-09-03 19:57:09,4.82,69.22,0.069,87.46,29.6,95.4,0.16,18.5,128,23.8315,91.2868,23.77,Low
13,Agartala Tillas,West Tripura,Tripura,2026-09-04 19:57:09,1.51,67.38,0.022,85.69,27.8,89.5,0.04,18.5,128,23.8315,91.2868,29.11,Moderate
13,Agartala Tillas,West Tripura,Tripura,2026-09-05 19:57:09,45.94,52.27,0.862,97.17,24.6,95.9,0.07,18.5,128,23.8315,91.2868,47.65,Moderate
13,Agartala Tillas,West Tripura,Tripura,2026-09-06 19:57:09,72.59,120.04,0.6,98.0,26.1,91.6,0.03,18.5,128,23.8315,91.2868,48.87,Moderate
13,Agartala Tillas,West Tripura,Tripura,2026-09-07 19:57:09,88.04,206.57,0.424,98.0,27.5,91.0,0.16,18.5,128,23.8315,91.2868,51.02,High
13,Agartala Tillas,West Tripura,Tripura,2026-09-08 19:57:09,101.98,262.61,0.387,98.0,25.0,94.7,0.03,18.5,128,23.8315,91.2868,54.83,High
13,Agartala Tillas,West Tripura,Tripura,2026-09-09 19:57:09,6.93,196.95,0.035,96.18,25.6,93.0,0.19,18.5,128,23.8315,91.2868,40.97,Moderate
14,Dharmanagar Hills,North Tripura,Tripura,2026-06-12 19:57:09,4.7,11.75,0.369,39.32,28.5,71.5,2.14,19.0,115,24.38,92.16,17.0,Low
14,Dharmanagar Hills,North Tripura,Tripura,2026-06-13 19:57:09,35.95,89.88,0.396,48.31,29.3,77.2,0.35,19.0,115,24.38,92.16,20.55,Low
14,Dharmanagar Hills,North Tripura,Tripura,2026-06-14 19:57:09,4.61,45.26,0.1,44.96,26.2,79.5,0.28,19.0,115,24.38,92.16,12.96,Low
14,Dharmanagar Hills,North Tripura,Tripura,2026-06-15 19:57:09,2.38,42.94,0.054,41.93,29.3,71.4,0.36,19.0,115,24.38,92.16,11.69,Low
14,Dharmanagar Hills,North Tripura,Tripura,2026-06-16 19:57:09,3.66,10.65,0.314,38.15,25.5,74.0,0.38,19.0,115,24.38,92.16,7.96,Low
14,Dharmanagar Hills,North Tripura,Tripura,2026-06-17 19:57:09,66.59,72.63,0.904,54.8,26.1,80.5,0.37,19.0,115,24.38,92.16,28.07,Moderate
14,Dharmanagar Hills,North Tripura,Tripura,2026-06-18 19:57:09,5.78,76.03,0.075,52.76,27.4,83.4,0.4,19.0,115,24.38,92.16,12.1,Low
14,Dharmanagar Hills,North Tripura,Tripura,2026-06-19 19:57:09,90.71,163.08,0.553,75.43,25.1,89.1,0.18,19.0,115,24.38,92.16,38.52,Moderate
14,Dharmanagar Hills,North Tripura,Tripura,2026-06-20 19:57:09,115.39,211.88,0.542,98.0,27.5,93.9,0.28,19.0,115,24.38,92.16,51.67,High
14,Dharmanagar Hills,North Tripura,Tripura,2026-06-21 19:57:09,3.05,209.15,0.015,94.64,29.6,92.1,2.08,19.0,115,24.38,92.16,40.1,Moderate
14,Dharmanagar Hills,North Tripura,Tripura,2026-06-22 19:57:09,2.62,121.06,0.021,91.26,27.3,87.6,0.1,19.0,115,24.38,92.16,32.71,Moderate
14,Dharmanagar Hills,North Tripura,Tripura,2026-06-23 19:57:09,1.12,6.79,0.144,87.71,29.5,87.4,2.04,19.0,115,24.38,92.16,32.49,Moderate
14,Dharmanagar Hills,North Tripura,Tripura,2026-06-24 19:57:09,4.28,8.02,0.474,85.24,24.9,92.5,0.06,19.0,115,24.38,92.16,27.93,Moderate
14,Dharmanagar Hills,North Tripura,Tripura,2026-06-25 19:57:09,1.73,7.13,0.213,83.65,28.5,86.4,0.33,19.0,115,24.38,92.16,19.22,Low
14,Dharmanagar Hills,North Tripura,Tripura,2026-06-26 19:57:09,5.13,11.14,0.422,80.36,29.8,87.0,0.02,19.0,115,24.38,92.16,20.72,Low
14,Dharmanagar Hills,North Tripura,Tripura,2026-06-27 19:57:09,60.21,67.07,0.885,95.41,29.0,97.7,0.1,19.0,115,24.38,92.16,45.62,Moderate
14,Dharmanagar Hills,North Tripura,Tripura,2026-06-28 19:57:09,37.41,102.75,0.361,98.0,30.4,92.7,0.27,19.0,115,24.38,92.16,36.6,Moderate
14,Dharmanagar Hills,North Tripura,Tripura,2026-06-29 19:57:09,67.35,164.97,0.406,98.0,29.2,97.6,0.07,19.0,115,24.38,92.16,44.87,Moderate
14,Dharmanagar Hills,North Tripura,Tripura,2026-06-30 19:57:09,0.86,105.62,0.008,95.68,27.8,90.4,0.22,19.0,115,24.38,92.16,35.03,Moderate
14,Dharmanagar Hills,North Tripura,Tripura,2026-07-01 19:57:09,0.97,69.18,0.014,93.65,26.6,89.5,0.13,19.0,115,24.38,92.16,28.29,Moderate
14,Dharmanagar Hills,North Tripura,Tripura,2026-07-02 19:57:09,3.67,5.5,0.565,91.98,29.3,93.7,0.03,19.0,115,24.38,92.16,29.81,Moderate
14,Dharmanagar Hills,North Tripura,Tripura,2026-07-03 19:57:09,29.6,34.24,0.84,88.99,30.3,87.2,0.4,19.0,115,24.38,92.16,31.9,Moderate
14,Dharmanagar Hills,North Tripura,Tripura,2026-07-04 19:57:09,1.37,34.64,0.038,85.09,28.0,94.6,0.27,19.0,115,24.38,92.16,23.55,Low
14,Dharmanagar Hills,North Tripura,Tripura,2026-07-05 19:57:09,5.55,36.52,0.148,82.76,28.2,92.8,0.34,19.0,115,24.38,92.16,25.41,Moderate
14,Dharmanagar Hills,North Tripura,Tripura,2026-07-06 19:57:09,2.68,9.6,0.253,79.74,27.9,86.7,0.09,19.0,115,24.38,92.16,17.45,Low
14,Dharmanagar Hills,North Tripura,Tripura,2026-07-07 19:57:09,7.91,16.14,0.461,77.65,28.1,91.1,0.3,19.0,115,24.38,92.16,24.34,Low
14,Dharmanagar Hills,North Tripura,Tripura,2026-07-08 19:57:09,4.96,15.55,0.3,76.01,26.7,84.6,0.08,19.0,115,24.38,92.16,20.38,Low
14,Dharmanagar Hills,North Tripura,Tripura,2026-07-09 19:57:09,85.31,98.18,0.86,97.33,30.0,95.0,0.3,19.0,115,24.38,92.16,49.67,Moderate
14,Dharmanagar Hills,North Tripura,Tripura,2026-07-10 19:57:09,126.02,216.29,0.58,98.0,26.1,95.7,0.21,19.0,115,24.38,92.16,56.28,High
14,Dharmanagar Hills,North Tripura,Tripura,2026-07-11 19:57:09,5.18,216.51,0.024,95.78,24.6,97.0,0.1,19.0,115,24.38,92.16,42.99,Moderate
14,Dharmanagar Hills,North Tripura,Tripura,2026-07-12 19:57:09,7.25,138.45,0.052,92.62,25.9,94.3,0.24,19.0,115,24.38,92.16,34.7,Moderate
14,Dharmanagar Hills,North Tripura,Tripura,2026-07-13 19:57:09,2.57,15.0,0.161,90.01,24.5,95.2,0.08,19.0,115,24.38,92.16,25.25,Moderate
14,Dharmanagar Hills,North Tripura,Tripura,2026-07-14 19:57:09,1.13,10.95,0.095,88.0,25.0,91.7,0.37,19.0,115,24.38,92.16,25.62,Moderate
14,Dharmanagar Hills,North Tripura,Tripura,2026-07-15 19:57:09,15.08,18.78,0.762,84.69,26.3,91.9,0.07,19.0,115,24.38,92.16,31.25,Moderate
14,Dharmanagar Hills,North Tripura,Tripura,2026-07-16 19:57:09,28.55,44.76,0.624,82.07,28.2,86.4,0.03,19.0,115,24.38,92.16,30.1,Moderate
14,Dharmanagar Hills,North Tripura,Tripura,2026-07-17 19:57:09,3.19,46.82,0.067,80.15,27.1,88.1,0.3,19.0,115,24.38,92.16,23.82,Low
14,Dharmanagar Hills,North Tripura,Tripura,2026-07-18 19:57:09,6.35,38.09,0.162,78.6,26.7,91.0,0.37,19.0,115,24.38,92.16,21.29,Low
14,Dharmanagar Hills,North Tripura,Tripura,2026-07-19 19:57:09,1.22,10.76,0.104,75.28,26.0,86.0,0.15,19.0,115,24.38,92.16,17.92,Low
14,Dharmanagar Hills,North Tripura,Tripura,2026-07-20 19:57:09,0.58,8.15,0.063,73.44,27.2,82.3,0.01,19.0,115,24.38,92.16,15.08,Low
14,Dharmanagar Hills,North Tripura,Tripura,2026-07-21 19:57:09,5.8,7.6,0.675,70.71,30.0,89.2,0.15,19.0,115,24.38,92.16,26.28,Moderate
14,Dharmanagar Hills,North Tripura,Tripura,2026-07-22 19:57:09,5.13,11.51,0.41,67.74,26.9,79.1,0.15,19.0,115,24.38,92.16,15.23,Low
14,Dharmanagar Hills,North Tripura,Tripura,2026-07-23 19:57:09,1.55,12.48,0.115,65.15,26.0,86.9,0.2,19.0,115,24.38,92.16,14.37,Low
14,Dharmanagar Hills,North Tripura,Tripura,2026-07-24 19:57:09,5.51,12.19,0.418,61.91,28.3,85.9,0.1,19.0,115,24.38,92.16,14.75,Low
14,Dharmanagar Hills,North Tripura,Tripura,2026-07-25 19:57:09,62.85,69.91,0.886,77.62,28.2,88.9,0.26,19.0,115,24.38,92.16,37.84,Moderate
14,Dharmanagar Hills,North Tripura,Tripura,2026-07-26 19:57:09,3.64,72.0,0.05,74.42,26.0,87.1,0.34,19.0,115,24.38,92.16,22.02,Low
14,Dharmanagar Hills,North Tripura,Tripura,2026-07-27 19:57:09,60.11,126.6,0.471,89.45,28.3,95.5,0.23,19.0,115,24.38,92.16,42.35,Moderate
14,Dharmanagar Hills,North Tripura,Tripura,2026-07-28 19:57:09,4.15,67.9,0.06,87.48,27.0,93.9,0.12,19.0,115,24.38,92.16,26.26,Moderate
14,Dharmanagar Hills,North Tripura,Tripura,2026-07-29 19:57:09,215.48,279.74,0.768,98.0,28.4,93.1,0.16,19.0,115,24.38,92.16,63.82,High
14,Dharmanagar Hills,North Tripura,Tripura,2026-07-30 19:57:09,202.7,422.33,0.479,98.0,28.8,90.2,0.31,19.0,115,24.38,92.16,59.32,High
14,Dharmanagar Hills,North Tripura,Tripura,2026-07-31 19:57:09,1.14,419.32,0.003,94.63,30.0,92.1,0.39,19.0,115,24.38,92.16,48.43,Moderate
14,Dharmanagar Hills,North Tripura,Tripura,2026-08-01 19:57:09,0.01,203.85,0.0,92.95,28.6,92.8,0.29,19.0,115,24.38,92.16,34.2,Moderate
14,Dharmanagar Hills,North Tripura,Tripura,2026-08-02 19:57:09,34.35,35.5,0.941,98.0,28.6,91.3,0.38,19.0,115,24.38,92.16,42.11,Moderate
14,Dharmanagar Hills,North Tripura,Tripura,2026-08-03 19:57:09,6.51,40.87,0.156,96.04,24.8,90.4,0.1,19.0,115,24.38,92.16,32.65,Moderate
14,Dharmanagar Hills,North Tripura,Tripura,2026-08-04 19:57:09,3.27,44.13,0.072,92.97,28.2,96.2,0.12,19.0,115,24.38,92.16,30.37,Moderate
14,Dharmanagar Hills,North Tripura,Tripura,2026-08-05 19:57:09,2.21,11.99,0.17,90.61,27.9,91.5,0.04,19.0,115,24.38,92.16,25.94,Moderate
14,Dharmanagar Hills,North Tripura,Tripura,2026-08-06 19:57:09,58.87,64.35,0.901,98.0,24.5,95.1,0.04,19.0,115,24.38,92.16,44.16,Moderate
14,Dharmanagar Hills,North Tripura,Tripura,2026-08-07 19:57:09,0.06,61.14,0.001,94.99,30.3,95.9,0.19,19.0,115,24.38,92.16,31.07,Moderate
14,Dharmanagar Hills,North Tripura,Tripura,2026-08-08 19:57:09,3.44,62.37,0.054,92.57,29.8,97.4,0.38,19.0,115,24.38,92.16,29.99,Moderate
14,Dharmanagar Hills,North Tripura,Tripura,2026-08-09 19:57:09,3.03,6.53,0.402,90.92,26.6,90.1,0.18,19.0,115,24.38,92.16,29.9,Moderate
14,Dharmanagar Hills,North Tripura,Tripura,2026-08-10 19:57:09,5.8,12.27,0.437,87.2,25.3,91.5,0.11,19.0,115,24.38,92.16,32.09,Moderate
14,Dharmanagar Hills,North Tripura,Tripura,2026-08-11 19:57:09,6.52,15.35,0.399,84.78,28.1,91.3,0.17,19.0,115,24.38,92.16,23.96,Low
14,Dharmanagar Hills,North Tripura,Tripura,2026-08-12 19:57:09,74.1,86.42,0.848,98.0,30.2,97.4,2.66,19.0,115,24.38,92.16,49.66,Moderate
14,Dharmanagar Hills,North Tripura,Tripura,2026-08-13 19:57:09,62.49,143.11,0.434,98.0,26.4,93.7,0.16,19.0,115,24.38,92.16,43.98,Moderate
14,Dharmanagar Hills,North Tripura,Tripura,2026-08-14 19:57:09,0.65,137.24,0.005,95.43,30.0,97.7,0.34,19.0,115,24.38,92.16,41.68,Moderate
14,Dharmanagar Hills,North Tripura,Tripura,2026-08-15 19:57:09,5.87,69.01,0.084,93.2,25.6,89.1,0.23,19.0,115,24.38,92.16,29.05,Moderate
14,Dharmanagar Hills,North Tripura,Tripura,2026-08-16 19:57:09,4.04,10.56,0.349,91.38,29.2,90.0,0.22,19.0,115,24.38,92.16,31.62,Moderate
14,Dharmanagar Hills,North Tripura,Tripura,2026-08-17 19:57:09,1.34,11.25,0.11,88.76,25.1,92.7,0.08,19.0,115,24.38,92.16,29.61,Moderate
14,Dharmanagar Hills,North Tripura,Tripura,2026-08-18 19:57:09,185.46,190.84,0.967,98.0,28.4,90.2,0.29,19.0,115,24.38,92.16,59.42,High
14,Dharmanagar Hills,North Tripura,Tripura,2026-08-19 19:57:09,102.43,289.23,0.353,98.0,30.0,98.3,0.09,19.0,115,24.38,92.16,56.06,High
14,Dharmanagar Hills,North Tripura,Tripura,2026-08-20 19:57:09,3.81,291.7,0.013,94.26,25.2,89.3,0.29,19.0,115,24.38,92.16,46.67,Moderate
14,Dharmanagar Hills,North Tripura,Tripura,2026-08-21 19:57:09,54.97,161.21,0.339,98.0,29.7,98.6,0.24,19.0,115,24.38,92.16,42.54,Moderate
14,Dharmanagar Hills,North Tripura,Tripura,2026-08-22 19:57:09,3.02,61.8,0.048,94.71,28.8,92.0,0.22,19.0,115,24.38,92.16,30.67,Moderate
14,Dharmanagar Hills,North Tripura,Tripura,2026-08-23 19:57:09,6.47,64.46,0.099,92.65,25.1,88.3,0.3,19.0,115,24.38,92.16,29.24,Moderate
14,Dharmanagar Hills,North Tripura,Tripura,2026-08-24 19:57:09,5.96,15.45,0.362,90.86,26.6,95.3,0.23,19.0,115,24.38,92.16,25.31,Moderate
14,Dharmanagar Hills,North Tripura,Tripura,2026-08-25 19:57:09,14.02,26.45,0.511,88.02,29.5,95.6,0.15,19.0,115,24.38,92.16,27.63,Moderate
14,Dharmanagar Hills,North Tripura,Tripura,2026-08-26 19:57:09,6.37,26.35,0.233,85.22,28.0,87.0,0.22,19.0,115,24.38,92.16,22.08,Low
14,Dharmanagar Hills,North Tripura,Tripura,2026-08-27 19:57:09,1.16,21.55,0.051,81.36,29.4,88.5,0.24,19.0,115,24.38,92.16,22.78,Low
14,Dharmanagar Hills,North Tripura,Tripura,2026-08-28 19:57:09,53.25,60.78,0.862,94.67,29.2,95.2,0.12,19.0,115,24.38,92.16,39.73,Moderate
14,Dharmanagar Hills,North Tripura,Tripura,2026-08-29 19:57:09,0.99,55.4,0.018,90.68,28.7,91.5,0.2,19.0,115,24.38,92.16,29.2,Moderate
14,Dharmanagar Hills,North Tripura,Tripura,2026-08-30 19:57:09,3.01,57.25,0.052,86.73,26.4,93.6,0.29,19.0,115,24.38,92.16,23.23,Low
14,Dharmanagar Hills,North Tripura,Tripura,2026-08-31 19:57:09,5.6,9.6,0.528,85.1,29.6,86.6,0.16,19.0,115,24.38,92.16,27.22,Moderate
14,Dharmanagar Hills,North Tripura,Tripura,2026-09-01 19:57:09,5.27,13.88,0.354,81.48,30.4,89.0,0.27,19.0,115,24.38,92.16,25.43,Moderate
14,Dharmanagar Hills,North Tripura,Tripura,2026-09-02 19:57:09,6.06,16.93,0.338,79.0,27.6,85.5,0.08,19.0,115,24.38,92.16,17.21,Low
14,Dharmanagar Hills,North Tripura,Tripura,2026-09-03 19:57:09,3.15,14.48,0.203,77.17,28.9,87.8,0.34,19.0,115,24.38,92.16,21.86,Low
14,Dharmanagar Hills,North Tripura,Tripura,2026-09-04 19:57:09,3.66,12.87,0.264,75.26,25.3,88.3,0.06,19.0,115,24.38,92.16,22.93,Low
14,Dharmanagar Hills,North Tripura,Tripura,2026-09-05 19:57:09,58.64,65.45,0.882,89.92,28.8,86.6,0.23,19.0,115,24.38,92.16,37.34,Moderate
14,Dharmanagar Hills,North Tripura,Tripura,2026-09-06 19:57:09,7.91,70.21,0.111,88.05,30.1,90.1,0.37,19.0,115,24.38,92.16,33.17,Moderate
14,Dharmanagar Hills,North Tripura,Tripura,2026-09-07 19:57:09,93.45,160.0,0.58,98.0,30.3,91.1,0.39,19.0,115,24.38,92.16,50.92,High
14,Dharmanagar Hills,North Tripura,Tripura,2026-09-08 19:57:09,171.01,272.37,0.626,98.0,28.0,99.0,0.16,19.0,115,24.38,92.16,59.57,High
14,Dharmanagar Hills,North Tripura,Tripura,2026-09-09 19:57:09,25.66,290.12,0.088,95.28,28.6,97.9,0.15,19.0,115,24.38,92.16,44.94,Moderate
15,Haflong Hill Station,Dima Hasao,Assam,2026-06-12 19:57:09,5.27,13.17,0.372,40.39,27.6,75.6,0.26,37.2,512,25.1667,93.0167,25.37,Moderate
15,Haflong Hill Station,Dima Hasao,Assam,2026-06-13 19:57:09,0.96,2.4,0.282,38.68,25.4,75.2,0.01,37.2,512,25.1667,93.0167,21.97,Low
15,Haflong Hill Station,Dima Hasao,Assam,2026-06-14 19:57:09,4.58,10.81,0.388,36.5,26.9,75.7,0.19,37.2,512,25.1667,93.0167,24.54,Low
15,Haflong Hill Station,Dima Hasao,Assam,2026-06-15 19:57:09,3.47,9.01,0.347,33.57,23.0,67.4,0.32,37.2,512,25.1667,93.0167,19.97,Low
15,Haflong Hill Station,Dima Hasao,Assam,2026-06-16 19:57:09,62.84,70.89,0.874,49.28,22.6,77.8,0.32,37.2,512,25.1667,93.0167,40.0,Moderate
15,Haflong Hill Station,Dima Hasao,Assam,2026-06-17 19:57:09,4.15,70.46,0.058,46.32,26.7,79.1,0.3,37.2,512,25.1667,93.0167,23.72,Low
15,Haflong Hill Station,Dima Hasao,Assam,2026-06-18 19:57:09,7.18,74.17,0.096,44.37,26.0,72.3,0.32,37.2,512,25.1667,93.0167,27.07,Moderate
15,Haflong Hill Station,Dima Hasao,Assam,2026-06-19 19:57:09,97.23,108.56,0.887,68.67,23.2,81.1,0.22,37.2,512,25.1667,93.0167,48.32,Moderate
15,Haflong Hill Station,Dima Hasao,Assam,2026-06-20 19:57:09,199.2,303.61,0.654,98.0,22.7,99.1,0.15,37.2,512,25.1667,93.0167,74.17,High
15,Haflong Hill Station,Dima Hasao,Assam,2026-06-21 19:57:09,3.38,299.81,0.011,94.14,22.4,91.0,0.21,37.2,512,25.1667,93.0167,58.92,High
15,Haflong Hill Station,Dima Hasao,Assam,2026-06-22 19:57:09,5.27,207.85,0.025,91.52,25.9,94.0,0.39,37.2,512,25.1667,93.0167,53.06,High
15,Haflong Hill Station,Dima Hasao,Assam,2026-06-23 19:57:09,4.31,12.96,0.309,89.5,23.0,94.5,0.08,37.2,512,25.1667,93.0167,40.78,Moderate
15,Haflong Hill Station,Dima Hasao,Assam,2026-06-24 19:57:09,6.66,16.24,0.386,85.61,26.1,87.1,0.05,37.2,512,25.1667,93.0167,35.86,Moderate
15,Haflong Hill Station,Dima Hasao,Assam,2026-06-25 19:57:09,0.59,11.56,0.047,83.47,24.7,93.3,0.03,37.2,512,25.1667,93.0167,35.13,Moderate
15,Haflong Hill Station,Dima Hasao,Assam,2026-06-26 19:57:09,3.4,10.65,0.292,80.23,25.7,83.8,0.4,37.2,512,25.1667,93.0167,38.16,Moderate
15,Haflong Hill Station,Dima Hasao,Assam,2026-06-27 19:57:09,1.54,5.53,0.236,77.8,26.4,90.4,0.17,37.2,512,25.1667,93.0167,33.75,Moderate
15,Haflong Hill Station,Dima Hasao,Assam,2026-06-28 19:57:09,74.51,79.45,0.926,96.43,25.0,89.0,0.03,37.2,512,25.1667,93.0167,65.04,High
15,Haflong Hill Station,Dima Hasao,Assam,2026-06-29 19:57:09,17.15,93.2,0.182,93.56,22.8,94.1,0.13,37.2,512,25.1667,93.0167,47.49,Moderate
15,Haflong Hill Station,Dima Hasao,Assam,2026-06-30 19:57:09,6.95,98.61,0.07,91.49,22.5,90.8,0.15,37.2,512,25.1667,93.0167,45.22,Moderate
15,Haflong Hill Station,Dima Hasao,Assam,2026-07-01 19:57:09,70.17,94.27,0.737,98.0,23.5,96.6,0.33,37.2,512,25.1667,93.0167,58.0,High
15,Haflong Hill Station,Dima Hasao,Assam,2026-07-02 19:57:09,4.23,81.35,0.051,94.75,27.6,93.7,0.36,37.2,512,25.1667,93.0167,45.82,Moderate
15,Haflong Hill Station,Dima Hasao,Assam,2026-07-03 19:57:09,71.52,145.92,0.487,98.0,24.8,92.8,0.39,37.2,512,25.1667,93.0167,58.69,High
15,Haflong Hill Station,Dima Hasao,Assam,2026-07-04 19:57:09,4.76,80.51,0.058,94.38,25.3,89.3,3.03,37.2,512,25.1667,93.0167,54.66,High
15,Haflong Hill Station,Dima Hasao,Assam,2026-07-05 19:57:09,18.21,94.49,0.191,91.93,26.9,87.7,0.39,37.2,512,25.1667,93.0167,48.55,Moderate
15,Haflong Hill Station,Dima Hasao,Assam,2026-07-06 19:57:09,1.99,24.96,0.077,88.91,26.7,87.9,0.32,37.2,512,25.1667,93.0167,37.53,Moderate
15,Haflong Hill Station,Dima Hasao,Assam,2026-07-07 19:57:09,2.21,22.41,0.094,86.34,28.1,94.0,0.12,37.2,512,25.1667,93.0167,34.64,Moderate
15,Haflong Hill Station,Dima Hasao,Assam,2026-07-08 19:57:09,7.58,11.78,0.593,83.82,24.3,85.2,0.29,37.2,512,25.1667,93.0167,35.35,Moderate
15,Haflong Hill Station,Dima Hasao,Assam,2026-07-09 19:57:09,212.28,222.07,0.952,98.0,23.4,89.9,0.22,37.2,512,25.1667,93.0167,76.43,Critical
15,Haflong Hill Station,Dima Hasao,Assam,2026-07-10 19:57:09,149.0,368.86,0.403,98.0,27.7,98.9,0.2,37.2,512,25.1667,93.0167,70.69,High
15,Haflong Hill Station,Dima Hasao,Assam,2026-07-11 19:57:09,3.84,365.12,0.01,95.21,28.4,97.2,0.16,37.2,512,25.1667,93.0167,51.01,High
15,Haflong Hill Station,Dima Hasao,Assam,2026-07-12 19:57:09,7.29,160.13,0.045,91.85,26.7,94.2,0.1,37.2,512,25.1667,93.0167,48.96,Moderate
15,Haflong Hill Station,Dima Hasao,Assam,2026-07-13 19:57:09,7.61,18.74,0.385,88.29,27.7,91.2,0.24,37.2,512,25.1667,93.0167,46.44,Moderate
15,Haflong Hill Station,Dima Hasao,Assam,2026-07-14 19:57:09,5.4,20.3,0.253,84.58,25.6,86.9,0.34,37.2,512,25.1667,93.0167,37.61,Moderate
15,Haflong Hill Station,Dima Hasao,Assam,2026-07-15 19:57:09,7.62,20.63,0.352,82.03,24.7,87.4,0.37,37.2,512,25.1667,93.0167,39.39,Moderate
15,Haflong Hill Station,Dima Hasao,Assam,2026-07-16 19:57:09,45.04,58.06,0.763,93.29,27.0,88.8,0.12,37.2,512,25.1667,93.0167,52.23,High
15,Haflong Hill Station,Dima Hasao,Assam,2026-07-17 19:57:09,57.97,110.63,0.519,98.0,25.9,91.5,0.37,37.2,512,25.1667,93.0167,55.99,High
15,Haflong Hill Station,Dima Hasao,Assam,2026-07-18 19:57:09,6.61,109.62,0.06,96.41,25.2,94.9,0.14,37.2,512,25.1667,93.0167,50.06,High
15,Haflong Hill Station,Dima Hasao,Assam,2026-07-19 19:57:09,2.63,67.21,0.039,94.03,22.5,96.8,0.14,37.2,512,25.1667,93.0167,43.28,Moderate
15,Haflong Hill Station,Dima Hasao,Assam,2026-07-20 19:57:09,41.98,51.22,0.804,98.0,22.9,94.4,0.05,37.2,512,25.1667,93.0167,54.87,High
15,Haflong Hill Station,Dima Hasao,Assam,2026-07-21 19:57:09,1.25,45.86,0.027,94.86,23.8,92.2,0.17,37.2,512,25.1667,93.0167,44.06,Moderate
15,Haflong Hill Station,Dima Hasao,Assam,2026-07-22 19:57:09,62.75,105.98,0.587,98.0,23.1,93.7,0.06,37.2,512,25.1667,93.0167,55.18,High
15,Haflong Hill Station,Dima Hasao,Assam,2026-07-23 19:57:09,3.47,67.47,0.051,95.6,27.7,90.4,0.02,37.2,512,25.1667,93.0167,47.32,Moderate
15,Haflong Hill Station,Dima Hasao,Assam,2026-07-24 19:57:09,5.95,72.17,0.081,91.85,23.4,89.1,0.27,37.2,512,25.1667,93.0167,43.18,Moderate
15,Haflong Hill Station,Dima Hasao,Assam,2026-07-25 19:57:09,3.37,12.79,0.244,88.97,27.2,93.3,0.31,37.2,512,25.1667,93.0167,37.15,Moderate
15,Haflong Hill Station,Dima Hasao,Assam,2026-07-26 19:57:09,4.01,13.33,0.28,85.17,27.5,88.7,0.04,37.2,512,25.1667,93.0167,38.45,Moderate
15,Haflong Hill Station,Dima Hasao,Assam,2026-07-27 19:57:09,20.11,27.49,0.706,82.42,27.0,86.2,0.14,37.2,512,25.1667,93.0167,40.09,Moderate
15,Haflong Hill Station,Dima Hasao,Assam,2026-07-28 19:57:09,5.9,30.02,0.19,79.83,24.2,87.8,0.1,37.2,512,25.1667,93.0167,35.91,Moderate
15,Haflong Hill Station,Dima Hasao,Assam,2026-07-29 19:57:09,101.35,127.36,0.79,98.0,25.5,91.8,0.35,37.2,512,25.1667,93.0167,64.08,High
15,Haflong Hill Station,Dima Hasao,Assam,2026-07-30 19:57:09,219.2,326.45,0.669,98.0,23.9,97.5,0.28,37.2,512,25.1667,93.0167,79.01,Critical
15,Haflong Hill Station,Dima Hasao,Assam,2026-07-31 19:57:09,5.61,326.16,0.017,95.24,23.5,98.3,0.25,37.2,512,25.1667,93.0167,57.87,High
15,Haflong Hill Station,Dima Hasao,Assam,2026-08-01 19:57:09,18.6,243.41,0.076,93.65,28.4,97.1,0.25,37.2,512,25.1667,93.0167,54.27,High
15,Haflong Hill Station,Dima Hasao,Assam,2026-08-02 19:57:09,13.31,37.52,0.346,91.13,24.3,93.2,0.13,37.2,512,25.1667,93.0167,44.63,Moderate
15,Haflong Hill Station,Dima Hasao,Assam,2026-08-03 19:57:09,4.08,35.99,0.11,88.02,24.3,88.5,0.14,37.2,512,25.1667,93.0167,43.11,Moderate
15,Haflong Hill Station,Dima Hasao,Assam,2026-08-04 19:57:09,2.56,19.95,0.122,86.4,22.7,85.8,0.08,37.2,512,25.1667,93.0167,39.28,Moderate
15,Haflong Hill Station,Dima Hasao,Assam,2026-08-05 19:57:09,7.27,13.91,0.488,84.65,23.5,94.1,0.12,37.2,512,25.1667,93.0167,39.19,Moderate
15,Haflong Hill Station,Dima Hasao,Assam,2026-08-06 19:57:09,10.89,20.72,0.501,81.77,27.6,86.9,0.14,37.2,512,25.1667,93.0167,35.46,Moderate
15,Haflong Hill Station,Dima Hasao,Assam,2026-08-07 19:57:09,4.23,22.39,0.181,79.34,26.3,84.9,0.35,37.2,512,25.1667,93.0167,32.69,Moderate
15,Haflong Hill Station,Dima Hasao,Assam,2026-08-08 19:57:09,58.27,73.39,0.783,93.91,23.2,93.7,0.26,37.2,512,25.1667,93.0167,54.0,High
15,Haflong Hill Station,Dima Hasao,Assam,2026-08-09 19:57:09,55.8,118.3,0.468,98.0,28.0,90.0,0.14,37.2,512,25.1667,93.0167,54.11,High
15,Haflong Hill Station,Dima Hasao,Assam,2026-08-10 19:57:09,7.92,121.99,0.064,96.0,26.8,89.0,0.22,37.2,512,25.1667,93.0167,47.9,Moderate
15,Haflong Hill Station,Dima Hasao,Assam,2026-08-11 19:57:09,7.02,70.74,0.098,92.36,27.9,97.1,0.18,37.2,512,25.1667,93.0167,43.96,Moderate
15,Haflong Hill Station,Dima Hasao,Assam,2026-08-12 19:57:09,7.29,22.23,0.314,90.69,25.0,96.1,0.01,37.2,512,25.1667,93.0167,41.94,Moderate
15,Haflong Hill Station,Dima Hasao,Assam,2026-08-13 19:57:09,5.57,19.88,0.267,88.87,22.7,91.8,0.28,37.2,512,25.1667,93.0167,39.35,Moderate
15,Haflong Hill Station,Dima Hasao,Assam,2026-08-14 19:57:09,3.18,16.04,0.187,85.66,27.7,94.7,0.3,37.2,512,25.1667,93.0167,38.84,Moderate
15,Haflong Hill Station,Dima Hasao,Assam,2026-08-15 19:57:09,6.23,14.98,0.39,83.16,24.1,85.9,0.09,37.2,512,25.1667,93.0167,37.61,Moderate
15,Haflong Hill Station,Dima Hasao,Assam,2026-08-16 19:57:09,7.03,16.44,0.403,79.68,25.2,90.0,0.12,37.2,512,25.1667,93.0167,31.32,Moderate
15,Haflong Hill Station,Dima Hasao,Assam,2026-08-17 19:57:09,56.04,69.3,0.797,93.69,25.8,89.5,0.1,37.2,512,25.1667,93.0167,51.87,High
15,Haflong Hill Station,Dima Hasao,Assam,2026-08-18 19:57:09,85.47,148.54,0.572,98.0,23.3,98.1,0.11,37.2,512,25.1667,93.0167,60.77,High
15,Haflong Hill Station,Dima Hasao,Assam,2026-08-19 19:57:09,190.69,332.2,0.572,98.0,26.3,91.8,0.21,37.2,512,25.1667,93.0167,72.22,High
15,Haflong Hill Station,Dima Hasao,Assam,2026-08-20 19:57:09,32.59,308.75,0.105,98.0,26.1,93.0,0.28,37.2,512,25.1667,93.0167,62.36,High
15,Haflong Hill Station,Dima Hasao,Assam,2026-08-21 19:57:09,5.78,229.06,0.025,95.48,26.1,91.7,0.33,37.2,512,25.1667,93.0167,57.19,High
15,Haflong Hill Station,Dima Hasao,Assam,2026-08-22 19:57:09,1.75,40.12,0.043,91.57,23.5,96.8,0.39,37.2,512,25.1667,93.0167,44.66,Moderate
15,Haflong Hill Station,Dima Hasao,Assam,2026-08-23 19:57:09,6.24,13.77,0.423,89.8,26.9,90.2,0.35,37.2,512,25.1667,93.0167,40.52,Moderate
15,Haflong Hill Station,Dima Hasao,Assam,2026-08-24 19:57:09,4.41,12.4,0.329,86.26,23.8,87.9,0.32,37.2,512,25.1667,93.0167,41.88,Moderate
15,Haflong Hill Station,Dima Hasao,Assam,2026-08-25 19:57:09,1.25,11.9,0.097,84.18,26.8,88.1,0.04,37.2,512,25.1667,93.0167,36.69,Moderate
15,Haflong Hill Station,Dima Hasao,Assam,2026-08-26 19:57:09,22.03,27.69,0.768,80.52,23.6,88.1,0.26,37.2,512,25.1667,93.0167,41.62,Moderate
15,Haflong Hill Station,Dima Hasao,Assam,2026-08-27 19:57:09,20.59,43.87,0.459,78.58,24.8,88.6,0.03,37.2,512,25.1667,93.0167,37.5,Moderate
15,Haflong Hill Station,Dima Hasao,Assam,2026-08-28 19:57:09,69.09,111.71,0.613,95.85,28.3,89.6,0.29,37.2,512,25.1667,93.0167,56.35,High
15,Haflong Hill Station,Dima Hasao,Assam,2026-08-29 19:57:09,4.83,94.51,0.051,93.41,22.6,96.0,0.26,37.2,512,25.1667,93.0167,44.42,Moderate
15,Haflong Hill Station,Dima Hasao,Assam,2026-08-30 19:57:09,26.14,100.06,0.259,91.7,23.3,93.4,4.12,37.2,512,25.1667,93.0167,59.17,High
15,Haflong Hill Station,Dima Hasao,Assam,2026-08-31 19:57:09,0.85,31.82,0.026,88.36,24.5,93.0,0.19,37.2,512,25.1667,93.0167,39.71,Moderate
15,Haflong Hill Station,Dima Hasao,Assam,2026-09-01 19:57:09,3.55,30.54,0.113,86.45,24.4,86.8,0.28,37.2,512,25.1667,93.0167,38.73,Moderate
15,Haflong Hill Station,Dima Hasao,Assam,2026-09-02 19:57:09,0.98,5.38,0.154,82.89,23.1,87.0,0.33,37.2,512,25.1667,93.0167,36.76,Moderate
15,Haflong Hill Station,Dima Hasao,Assam,2026-09-03 19:57:09,69.29,73.82,0.926,98.0,22.6,93.6,0.26,37.2,512,25.1667,93.0167,62.44,High
15,Haflong Hill Station,Dima Hasao,Assam,2026-09-04 19:57:09,67.13,137.4,0.485,98.0,24.7,98.1,0.04,37.2,512,25.1667,93.0167,60.2,High
15,Haflong Hill Station,Dima Hasao,Assam,2026-09-05 19:57:09,17.16,153.58,0.111,96.25,28.2,92.3,0.05,37.2,512,25.1667,93.0167,47.15,Moderate
15,Haflong Hill Station,Dima Hasao,Assam,2026-09-06 19:57:09,7.36,91.65,0.079,92.51,26.1,89.2,0.24,37.2,512,25.1667,93.0167,38.64,Moderate
15,Haflong Hill Station,Dima Hasao,Assam,2026-09-07 19:57:09,175.12,199.64,0.873,98.0,23.3,96.0,0.33,37.2,512,25.1667,93.0167,75.72,Critical
15,Haflong Hill Station,Dima Hasao,Assam,2026-09-08 19:57:09,128.77,311.25,0.412,98.0,23.1,98.5,0.37,37.2,512,25.1667,93.0167,68.3,High
15,Haflong Hill Station,Dima Hasao,Assam,2026-09-09 19:57:09,5.69,309.58,0.018,96.31,22.5,98.0,0.26,37.2,512,25.1667,93.0167,56.69,High
16,Diphu Reserve Slope,Karbi Anglong,Assam,2026-06-12 19:57:09,5.77,14.43,0.374,32.94,26.9,67.2,0.38,24.0,186,25.84,93.43,9.95,Low
16,Diphu Reserve Slope,Karbi Anglong,Assam,2026-06-13 19:57:09,0.72,1.81,0.258,28.95,25.2,69.0,0.17,24.0,186,25.84,93.43,5.71,Low
16,Diphu Reserve Slope,Karbi Anglong,Assam,2026-06-14 19:57:09,3.31,9.8,0.307,25.47,26.1,71.9,0.1,24.0,186,25.84,93.43,11.84,Low
16,Diphu Reserve Slope,Karbi Anglong,Assam,2026-06-15 19:57:09,3.98,8.01,0.442,22.64,27.3,71.1,0.23,24.0,186,25.84,93.43,13.55,Low
16,Diphu Reserve Slope,Karbi Anglong,Assam,2026-06-16 19:57:09,4.62,11.91,0.358,20.0,28.6,69.0,0.0,24.0,186,25.84,93.43,9.24,Low
16,Diphu Reserve Slope,Karbi Anglong,Assam,2026-06-17 19:57:09,0.14,8.74,0.014,20.0,29.8,71.2,0.14,24.0,186,25.84,93.43,3.09,Low
16,Diphu Reserve Slope,Karbi Anglong,Assam,2026-06-18 19:57:09,6.93,11.69,0.546,20.0,25.8,63.4,0.39,24.0,186,25.84,93.43,11.78,Low
16,Diphu Reserve Slope,Karbi Anglong,Assam,2026-06-19 19:57:09,207.81,214.88,0.963,71.95,25.5,88.5,0.06,24.0,186,25.84,93.43,53.81,High
16,Diphu Reserve Slope,Karbi Anglong,Assam,2026-06-20 19:57:09,214.69,429.43,0.499,98.0,28.3,93.1,4.12,24.0,186,25.84,93.43,72.52,High
16,Diphu Reserve Slope,Karbi Anglong,Assam,2026-06-21 19:57:09,5.61,428.11,0.013,94.84,24.5,96.6,0.01,24.0,186,25.84,93.43,46.59,Moderate
16,Diphu Reserve Slope,Karbi Anglong,Assam,2026-06-22 19:57:09,0.63,220.93,0.003,93.15,27.5,95.7,0.07,24.0,186,25.84,93.43,40.8,Moderate
16,Diphu Reserve Slope,Karbi Anglong,Assam,2026-06-23 19:57:09,5.98,12.22,0.453,89.9,25.9,90.6,0.31,24.0,186,25.84,93.43,32.54,Moderate
16,Diphu Reserve Slope,Karbi Anglong,Assam,2026-06-24 19:57:09,2.29,8.9,0.232,88.01,29.4,86.1,0.2,24.0,186,25.84,93.43,28.3,Moderate
16,Diphu Reserve Slope,Karbi Anglong,Assam,2026-06-25 19:57:09,64.12,72.39,0.874,98.0,28.1,98.1,0.33,24.0,186,25.84,93.43,45.85,Moderate
16,Diphu Reserve Slope,Karbi Anglong,Assam,2026-06-26 19:57:09,4.01,70.42,0.056,94.73,26.6,89.7,0.21,24.0,186,25.84,93.43,37.56,Moderate
16,Diphu Reserve Slope,Karbi Anglong,Assam,2026-06-27 19:57:09,1.0,69.13,0.014,92.7,27.8,89.6,0.3,24.0,186,25.84,93.43,32.88,Moderate
16,Diphu Reserve Slope,Karbi Anglong,Assam,2026-06-28 19:57:09,6.73,11.74,0.528,89.16,26.9,89.3,0.33,24.0,186,25.84,93.43,31.49,Moderate
16,Diphu Reserve Slope,Karbi Anglong,Assam,2026-06-29 19:57:09,62.22,69.95,0.877,98.0,27.9,91.2,0.03,24.0,186,25.84,93.43,45.39,Moderate
16,Diphu Reserve Slope,Karbi Anglong,Assam,2026-06-30 19:57:09,6.77,75.72,0.088,96.43,25.8,94.2,0.24,24.0,186,25.84,93.43,34.92,Moderate
16,Diphu Reserve Slope,Karbi Anglong,Assam,2026-07-01 19:57:09,2.47,71.46,0.034,93.55,27.9,88.1,0.39,24.0,186,25.84,93.43,31.88,Moderate
16,Diphu Reserve Slope,Karbi Anglong,Assam,2026-07-02 19:57:09,4.51,13.75,0.306,90.08,24.3,89.7,0.0,24.0,186,25.84,93.43,28.95,Moderate
16,Diphu Reserve Slope,Karbi Anglong,Assam,2026-07-03 19:57:09,2.26,9.24,0.221,87.58,25.2,93.2,0.39,24.0,186,25.84,93.43,32.32,Moderate
16,Diphu Reserve Slope,Karbi Anglong,Assam,2026-07-04 19:57:09,0.78,7.55,0.091,85.06,28.5,85.8,0.06,24.0,186,25.84,93.43,22.88,Low
16,Diphu Reserve Slope,Karbi Anglong,Assam,2026-07-05 19:57:09,3.06,6.1,0.431,82.1,29.2,86.6,0.19,24.0,186,25.84,93.43,22.52,Low
16,Diphu Reserve Slope,Karbi Anglong,Assam,2026-07-06 19:57:09,0.75,4.59,0.134,78.8,29.4,90.7,0.31,24.0,186,25.84,93.43,27.36,Moderate
16,Diphu Reserve Slope,Karbi Anglong,Assam,2026-07-07 19:57:09,72.64,76.45,0.938,96.96,27.2,96.2,0.37,24.0,186,25.84,93.43,48.95,Moderate
16,Diphu Reserve Slope,Karbi Anglong,Assam,2026-07-08 19:57:09,6.28,79.67,0.078,94.61,26.2,96.7,0.36,24.0,186,25.84,93.43,33.71,Moderate
16,Diphu Reserve Slope,Karbi Anglong,Assam,2026-07-09 19:57:09,188.38,267.3,0.702,98.0,26.4,91.4,0.03,24.0,186,25.84,93.43,67.22,High
16,Diphu Reserve Slope,Karbi Anglong,Assam,2026-07-10 19:57:09,101.34,296.0,0.341,98.0,27.8,94.3,0.06,24.0,186,25.84,93.43,56.08,High
16,Diphu Reserve Slope,Karbi Anglong,Assam,2026-07-11 19:57:09,4.38,294.1,0.015,94.08,28.8,88.8,0.13,24.0,186,25.84,93.43,49.95,Moderate
16,Diphu Reserve Slope,Karbi Anglong,Assam,2026-07-12 19:57:09,1.29,107.01,0.012,91.88,26.2,88.0,0.31,24.0,186,25.84,93.43,36.5,Moderate
16,Diphu Reserve Slope,Karbi Anglong,Assam,2026-07-13 19:57:09,3.79,9.46,0.362,89.74,29.3,92.9,0.05,24.0,186,25.84,93.43,28.28,Moderate
16,Diphu Reserve Slope,Karbi Anglong,Assam,2026-07-14 19:57:09,0.32,5.4,0.05,86.09,26.5,93.7,0.05,24.0,186,25.84,93.43,32.01,Moderate
16,Diphu Reserve Slope,Karbi Anglong,Assam,2026-07-15 19:57:09,6.76,10.87,0.569,82.21,26.3,90.6,0.11,24.0,186,25.84,93.43,27.01,Moderate
16,Diphu Reserve Slope,Karbi Anglong,Assam,2026-07-16 19:57:09,5.46,12.54,0.403,79.16,27.9,90.1,0.33,24.0,186,25.84,93.43,27.61,Moderate
16,Diphu Reserve Slope,Karbi Anglong,Assam,2026-07-17 19:57:09,65.45,77.67,0.832,95.52,25.8,90.0,0.03,24.0,186,25.84,93.43,47.42,Moderate
16,Diphu Reserve Slope,Karbi Anglong,Assam,2026-07-18 19:57:09,3.7,74.61,0.049,93.79,26.9,94.3,0.19,24.0,186,25.84,93.43,37.5,Moderate
16,Diphu Reserve Slope,Karbi Anglong,Assam,2026-07-19 19:57:09,57.57,126.72,0.451,98.0,29.6,98.5,0.08,24.0,186,25.84,93.43,49.77,Moderate
16,Diphu Reserve Slope,Karbi Anglong,Assam,2026-07-20 19:57:09,2.54,63.81,0.039,94.01,27.0,94.9,0.11,24.0,186,25.84,93.43,33.72,Moderate
16,Diphu Reserve Slope,Karbi Anglong,Assam,2026-07-21 19:57:09,20.12,80.23,0.248,91.33,27.9,90.2,3.24,24.0,186,25.84,93.43,41.68,Moderate
16,Diphu Reserve Slope,Karbi Anglong,Assam,2026-07-22 19:57:09,7.49,30.15,0.24,88.93,26.7,90.9,0.35,24.0,186,25.84,93.43,31.35,Moderate
16,Diphu Reserve Slope,Karbi Anglong,Assam,2026-07-23 19:57:09,5.47,33.08,0.16,86.76,27.9,86.2,0.16,24.0,186,25.84,93.43,27.21,Moderate
16,Diphu Reserve Slope,Karbi Anglong,Assam,2026-07-24 19:57:09,5.7,18.66,0.29,83.08,27.2,90.8,0.33,24.0,186,25.84,93.43,31.76,Moderate
16,Diphu Reserve Slope,Karbi Anglong,Assam,2026-07-25 19:57:09,68.61,79.78,0.849,98.0,26.1,96.8,0.14,24.0,186,25.84,93.43,48.99,Moderate
16,Diphu Reserve Slope,Karbi Anglong,Assam,2026-07-26 19:57:09,3.8,78.11,0.048,94.78,25.0,95.1,0.28,24.0,186,25.84,93.43,34.13,Moderate
16,Diphu Reserve Slope,Karbi Anglong,Assam,2026-07-27 19:57:09,0.08,72.49,0.001,91.32,27.7,87.7,0.25,24.0,186,25.84,93.43,33.07,Moderate
16,Diphu Reserve Slope,Karbi Anglong,Assam,2026-07-28 19:57:09,7.89,11.77,0.618,87.47,28.5,93.0,0.06,24.0,186,25.84,93.43,28.15,Moderate
16,Diphu Reserve Slope,Karbi Anglong,Assam,2026-07-29 19:57:09,144.21,152.18,0.941,98.0,25.0,97.9,0.39,24.0,186,25.84,93.43,58.6,High
16,Diphu Reserve Slope,Karbi Anglong,Assam,2026-07-30 19:57:09,136.89,288.99,0.472,98.0,27.2,89.3,0.33,24.0,186,25.84,93.43,65.37,High
16,Diphu Reserve Slope,Karbi Anglong,Assam,2026-07-31 19:57:09,39.21,320.31,0.122,98.0,29.9,90.3,0.39,24.0,186,25.84,93.43,49.87,Moderate
16,Diphu Reserve Slope,Karbi Anglong,Assam,2026-08-01 19:57:09,4.37,180.47,0.024,96.08,26.3,92.1,0.39,24.0,186,25.84,93.43,38.42,Moderate
16,Diphu Reserve Slope,Karbi Anglong,Assam,2026-08-02 19:57:09,0.11,43.69,0.003,92.55,24.2,96.4,0.35,24.0,186,25.84,93.43,33.25,Moderate
16,Diphu Reserve Slope,Karbi Anglong,Assam,2026-08-03 19:57:09,5.19,9.67,0.486,89.91,26.5,90.0,0.21,24.0,186,25.84,93.43,34.07,Moderate
16,Diphu Reserve Slope,Karbi Anglong,Assam,2026-08-04 19:57:09,0.91,6.21,0.126,87.97,26.6,87.6,0.22,24.0,186,25.84,93.43,29.53,Moderate
16,Diphu Reserve Slope,Karbi Anglong,Assam,2026-08-05 19:57:09,6.76,12.86,0.488,84.75,26.7,87.5,0.37,24.0,186,25.84,93.43,31.71,Moderate
16,Diphu Reserve Slope,Karbi Anglong,Assam,2026-08-06 19:57:09,7.96,15.63,0.479,81.23,24.7,89.9,0.16,24.0,186,25.84,93.43,25.71,Moderate
16,Diphu Reserve Slope,Karbi Anglong,Assam,2026-08-07 19:57:09,6.01,20.73,0.277,77.42,24.7,86.5,0.01,24.0,186,25.84,93.43,20.64,Low
16,Diphu Reserve Slope,Karbi Anglong,Assam,2026-08-08 19:57:09,3.37,17.34,0.184,75.36,26.8,85.2,0.19,24.0,186,25.84,93.43,26.81,Moderate
16,Diphu Reserve Slope,Karbi Anglong,Assam,2026-08-09 19:57:09,72.9,82.28,0.875,93.58,29.6,91.9,0.28,24.0,186,25.84,93.43,46.49,Moderate
16,Diphu Reserve Slope,Karbi Anglong,Assam,2026-08-10 19:57:09,0.06,76.33,0.001,91.15,25.4,89.7,0.11,24.0,186,25.84,93.43,31.95,Moderate
16,Diphu Reserve Slope,Karbi Anglong,Assam,2026-08-11 19:57:09,6.36,79.32,0.079,88.61,25.5,95.0,0.01,24.0,186,25.84,93.43,35.4,Moderate
16,Diphu Reserve Slope,Karbi Anglong,Assam,2026-08-12 19:57:09,34.34,40.76,0.822,97.19,29.0,97.2,0.13,24.0,186,25.84,93.43,43.95,Moderate
16,Diphu Reserve Slope,Karbi Anglong,Assam,2026-08-13 19:57:09,7.94,48.64,0.16,95.09,29.9,90.2,0.33,24.0,186,25.84,93.43,35.34,Moderate
16,Diphu Reserve Slope,Karbi Anglong,Assam,2026-08-14 19:57:09,4.62,46.9,0.097,93.27,27.9,97.4,0.36,24.0,186,25.84,93.43,38.3,Moderate
16,Diphu Reserve Slope,Karbi Anglong,Assam,2026-08-15 19:57:09,3.5,16.06,0.205,91.52,28.9,92.1,0.31,24.0,186,25.84,93.43,28.69,Moderate
16,Diphu Reserve Slope,Karbi Anglong,Assam,2026-08-16 19:57:09,5.02,13.14,0.355,89.37,27.4,95.8,0.04,24.0,186,25.84,93.43,31.88,Moderate
16,Diphu Reserve Slope,Karbi Anglong,Assam,2026-08-17 19:57:09,5.03,13.55,0.346,86.38,24.2,92.3,0.03,24.0,186,25.84,93.43,28.22,Moderate
16,Diphu Reserve Slope,Karbi Anglong,Assam,2026-08-18 19:57:09,133.54,143.59,0.924,98.0,28.5,90.6,0.25,24.0,186,25.84,93.43,59.86,High
16,Diphu Reserve Slope,Karbi Anglong,Assam,2026-08-19 19:57:09,130.14,268.71,0.483,98.0,25.5,98.3,0.21,24.0,186,25.84,93.43,64.47,High
16,Diphu Reserve Slope,Karbi Anglong,Assam,2026-08-20 19:57:09,60.7,324.38,0.187,98.0,28.8,97.0,0.11,24.0,186,25.84,93.43,54.62,High
16,Diphu Reserve Slope,Karbi Anglong,Assam,2026-08-21 19:57:09,5.02,195.86,0.025,94.9,27.5,89.3,0.24,24.0,186,25.84,93.43,42.41,Moderate
16,Diphu Reserve Slope,Karbi Anglong,Assam,2026-08-22 19:57:09,28.36,94.08,0.298,91.17,24.6,91.9,0.34,24.0,186,25.84,93.43,39.23,Moderate
16,Diphu Reserve Slope,Karbi Anglong,Assam,2026-08-23 19:57:09,3.93,37.31,0.103,89.61,24.5,96.0,0.27,24.0,186,25.84,93.43,29.51,Moderate
16,Diphu Reserve Slope,Karbi Anglong,Assam,2026-08-24 19:57:09,2.51,34.8,0.07,85.84,28.9,86.8,2.23,24.0,186,25.84,93.43,31.07,Moderate
16,Diphu Reserve Slope,Karbi Anglong,Assam,2026-08-25 19:57:09,4.85,11.29,0.395,84.26,29.9,94.4,0.25,24.0,186,25.84,93.43,25.04,Moderate
16,Diphu Reserve Slope,Karbi Anglong,Assam,2026-08-26 19:57:09,1.27,8.63,0.132,80.91,29.6,85.2,1.86,24.0,186,25.84,93.43,23.45,Low
16,Diphu Reserve Slope,Karbi Anglong,Assam,2026-08-27 19:57:09,1.22,7.34,0.146,77.24,24.8,84.2,0.09,24.0,186,25.84,93.43,28.15,Moderate
16,Diphu Reserve Slope,Karbi Anglong,Assam,2026-08-28 19:57:09,7.52,10.01,0.683,75.07,27.0,90.8,0.22,24.0,186,25.84,93.43,24.1,Low
16,Diphu Reserve Slope,Karbi Anglong,Assam,2026-08-29 19:57:09,5.96,14.7,0.38,72.33,27.1,84.3,0.07,24.0,186,25.84,93.43,22.18,Low
16,Diphu Reserve Slope,Karbi Anglong,Assam,2026-08-30 19:57:09,7.1,20.58,0.329,70.13,26.4,85.4,0.12,24.0,186,25.84,93.43,21.17,Low
16,Diphu Reserve Slope,Karbi Anglong,Assam,2026-08-31 19:57:09,7.63,20.69,0.352,67.41,29.4,82.8,0.33,24.0,186,25.84,93.43,22.18,Low
16,Diphu Reserve Slope,Karbi Anglong,Assam,2026-09-01 19:57:09,4.86,19.59,0.236,64.84,27.5,81.4,0.03,24.0,186,25.84,93.43,21.46,Low
16,Diphu Reserve Slope,Karbi Anglong,Assam,2026-09-02 19:57:09,12.19,24.68,0.475,62.06,27.6,79.7,0.26,24.0,186,25.84,93.43,23.62,Low
16,Diphu Reserve Slope,Karbi Anglong,Assam,2026-09-03 19:57:09,2.82,19.87,0.135,60.48,25.1,79.4,0.14,24.0,186,25.84,93.43,16.48,Low
16,Diphu Reserve Slope,Karbi Anglong,Assam,2026-09-04 19:57:09,52.7,67.71,0.767,73.66,26.3,88.6,0.13,24.0,186,25.84,93.43,34.05,Moderate
16,Diphu Reserve Slope,Karbi Anglong,Assam,2026-09-05 19:57:09,31.38,86.9,0.357,81.5,26.9,91.5,0.22,24.0,186,25.84,93.43,33.17,Moderate
16,Diphu Reserve Slope,Karbi Anglong,Assam,2026-09-06 19:57:09,4.81,88.89,0.054,78.69,24.7,85.3,0.35,24.0,186,25.84,93.43,27.68,Moderate
16,Diphu Reserve Slope,Karbi Anglong,Assam,2026-09-07 19:57:09,200.39,236.58,0.843,98.0,24.5,98.2,0.3,24.0,186,25.84,93.43,68.75,High
16,Diphu Reserve Slope,Karbi Anglong,Assam,2026-09-08 19:57:09,124.49,329.69,0.376,98.0,26.0,91.3,0.2,24.0,186,25.84,93.43,61.8,High
16,Diphu Reserve Slope,Karbi Anglong,Assam,2026-09-09 19:57:09,3.37,328.25,0.01,96.19,25.1,91.9,0.23,24.0,186,25.84,93.43,48.61,Moderate
17,Darjeeling Mall Road,Darjeeling,West Bengal (NER Zone),2026-06-12 19:57:09,6.85,17.12,0.378,31.73,20.2,68.9,0.16,45.0,2045,27.041,88.2663,34.3,Moderate
17,Darjeeling Mall Road,Darjeeling,West Bengal (NER Zone),2026-06-13 19:57:09,7.34,18.36,0.379,30.13,18.6,66.2,0.32,45.0,2045,27.041,88.2663,35.66,Moderate
17,Darjeeling Mall Road,Darjeeling,West Bengal (NER Zone),2026-06-14 19:57:09,2.2,16.39,0.126,26.75,17.2,69.9,0.24,45.0,2045,27.041,88.2663,31.27,Moderate
17,Darjeeling Mall Road,Darjeeling,West Bengal (NER Zone),2026-06-15 19:57:09,135.07,144.61,0.928,60.52,19.0,80.7,0.39,45.0,2045,27.041,88.2663,60.65,High
17,Darjeeling Mall Road,Darjeeling,West Bengal (NER Zone),2026-06-16 19:57:09,97.0,234.27,0.412,84.76,17.0,90.8,1.91,45.0,2045,27.041,88.2663,73.1,High
17,Darjeeling Mall Road,Darjeeling,West Bengal (NER Zone),2026-06-17 19:57:09,81.46,313.53,0.259,98.0,15.4,92.5,0.17,45.0,2045,27.041,88.2663,73.76,High
17,Darjeeling Mall Road,Darjeeling,West Bengal (NER Zone),2026-06-18 19:57:09,22.43,200.89,0.111,94.24,17.0,97.0,0.37,45.0,2045,27.041,88.2663,61.47,High
17,Darjeeling Mall Road,Darjeeling,West Bengal (NER Zone),2026-06-19 19:57:09,2.08,105.97,0.019,90.78,15.4,96.2,0.13,45.0,2045,27.041,88.2663,55.48,High
17,Darjeeling Mall Road,Darjeeling,West Bengal (NER Zone),2026-06-20 19:57:09,6.5,31.01,0.203,88.61,15.8,87.4,0.05,45.0,2045,27.041,88.2663,52.7,High
17,Darjeeling Mall Road,Darjeeling,West Bengal (NER Zone),2026-06-21 19:57:09,6.02,14.6,0.386,84.89,20.6,88.8,0.05,45.0,2045,27.041,88.2663,47.92,Moderate
17,Darjeeling Mall Road,Darjeeling,West Bengal (NER Zone),2026-06-22 19:57:09,4.62,17.14,0.255,81.73,20.6,86.8,0.09,45.0,2045,27.041,88.2663,46.4,Moderate
17,Darjeeling Mall Road,Darjeeling,West Bengal (NER Zone),2026-06-23 19:57:09,29.26,39.9,0.715,80.03,18.1,91.7,0.29,45.0,2045,27.041,88.2663,57.1,High
17,Darjeeling Mall Road,Darjeeling,West Bengal (NER Zone),2026-06-24 19:57:09,15.07,48.95,0.302,76.1,15.1,81.8,0.33,45.0,2045,27.041,88.2663,46.79,Moderate
17,Darjeeling Mall Road,Darjeeling,West Bengal (NER Zone),2026-06-25 19:57:09,16.79,61.12,0.27,74.08,18.3,86.2,0.3,45.0,2045,27.041,88.2663,52.63,High
17,Darjeeling Mall Road,Darjeeling,West Bengal (NER Zone),2026-06-26 19:57:09,39.51,71.37,0.546,83.95,15.7,89.4,0.09,45.0,2045,27.041,88.2663,56.67,High
17,Darjeeling Mall Road,Darjeeling,West Bengal (NER Zone),2026-06-27 19:57:09,73.38,129.68,0.562,98.0,20.0,94.4,0.08,45.0,2045,27.041,88.2663,64.21,High
17,Darjeeling Mall Road,Darjeeling,West Bengal (NER Zone),2026-06-28 19:57:09,20.67,133.56,0.154,95.73,20.0,95.0,0.35,45.0,2045,27.041,88.2663,61.88,High
17,Darjeeling Mall Road,Darjeeling,West Bengal (NER Zone),2026-06-29 19:57:09,184.3,278.35,0.66,98.0,16.2,98.2,0.01,45.0,2045,27.041,88.2663,85.61,Critical
17,Darjeeling Mall Road,Darjeeling,West Bengal (NER Zone),2026-06-30 19:57:09,172.66,377.63,0.456,98.0,17.5,92.0,0.03,45.0,2045,27.041,88.2663,86.93,Critical
17,Darjeeling Mall Road,Darjeeling,West Bengal (NER Zone),2026-07-01 19:57:09,140.41,497.37,0.282,98.0,15.7,94.3,0.02,45.0,2045,27.041,88.2663,82.87,Critical
17,Darjeeling Mall Road,Darjeeling,West Bengal (NER Zone),2026-07-02 19:57:09,16.36,329.43,0.05,94.88,19.2,92.4,0.16,45.0,2045,27.041,88.2663,66.88,High
17,Darjeeling Mall Road,Darjeeling,West Bengal (NER Zone),2026-07-03 19:57:09,4.24,161.01,0.026,92.14,17.4,94.1,0.38,45.0,2045,27.041,88.2663,54.87,High
17,Darjeeling Mall Road,Darjeeling,West Bengal (NER Zone),2026-07-04 19:57:09,13.45,34.05,0.384,90.56,16.4,87.4,0.09,45.0,2045,27.041,88.2663,51.73,High
17,Darjeeling Mall Road,Darjeeling,West Bengal (NER Zone),2026-07-05 19:57:09,5.73,23.42,0.235,88.08,15.4,93.2,0.11,45.0,2045,27.041,88.2663,46.8,Moderate
17,Darjeeling Mall Road,Darjeeling,West Bengal (NER Zone),2026-07-06 19:57:09,61.07,80.25,0.752,98.0,16.9,92.2,0.29,45.0,2045,27.041,88.2663,65.56,High
17,Darjeeling Mall Road,Darjeeling,West Bengal (NER Zone),2026-07-07 19:57:09,42.71,109.51,0.386,98.0,19.0,94.1,0.36,45.0,2045,27.041,88.2663,64.54,High
17,Darjeeling Mall Road,Darjeeling,West Bengal (NER Zone),2026-07-08 19:57:09,30.48,134.26,0.225,98.0,15.2,91.2,0.06,45.0,2045,27.041,88.2663,66.1,High
17,Darjeeling Mall Road,Darjeeling,West Bengal (NER Zone),2026-07-09 19:57:09,40.85,114.04,0.355,98.0,16.8,91.1,0.03,45.0,2045,27.041,88.2663,63.47,High
17,Darjeeling Mall Road,Darjeeling,West Bengal (NER Zone),2026-07-10 19:57:09,6.82,78.15,0.086,95.01,20.6,94.1,0.1,45.0,2045,27.041,88.2663,52.21,High
17,Darjeeling Mall Road,Darjeeling,West Bengal (NER Zone),2026-07-11 19:57:09,63.23,110.9,0.565,98.0,18.2,99.2,0.21,45.0,2045,27.041,88.2663,67.91,High
17,Darjeeling Mall Road,Darjeeling,West Bengal (NER Zone),2026-07-12 19:57:09,19.53,89.58,0.216,96.27,16.6,96.1,0.29,45.0,2045,27.041,88.2663,60.88,High
17,Darjeeling Mall Road,Darjeeling,West Bengal (NER Zone),2026-07-13 19:57:09,218.57,301.33,0.723,98.0,16.3,94.2,0.01,45.0,2045,27.041,88.2663,84.85,Critical
17,Darjeeling Mall Road,Darjeeling,West Bengal (NER Zone),2026-07-14 19:57:09,129.37,367.47,0.351,98.0,19.0,98.2,0.34,45.0,2045,27.041,88.2663,80.55,Critical
17,Darjeeling Mall Road,Darjeeling,West Bengal (NER Zone),2026-07-15 19:57:09,206.3,554.24,0.372,98.0,18.3,90.4,0.29,45.0,2045,27.041,88.2663,83.13,Critical
17,Darjeeling Mall Road,Darjeeling,West Bengal (NER Zone),2026-07-16 19:57:09,73.61,409.28,0.179,98.0,19.9,95.9,0.2,45.0,2045,27.041,88.2663,72.67,High
17,Darjeeling Mall Road,Darjeeling,West Bengal (NER Zone),2026-07-17 19:57:09,58.17,338.08,0.172,98.0,20.6,92.9,0.08,45.0,2045,27.041,88.2663,74.61,High
17,Darjeeling Mall Road,Darjeeling,West Bengal (NER Zone),2026-07-18 19:57:09,5.11,136.89,0.037,94.09,20.0,94.7,0.18,45.0,2045,27.041,88.2663,57.26,High
17,Darjeeling Mall Road,Darjeeling,West Bengal (NER Zone),2026-07-19 19:57:09,4.22,67.5,0.062,91.92,18.8,96.1,0.17,45.0,2045,27.041,88.2663,53.95,High
17,Darjeeling Mall Road,Darjeeling,West Bengal (NER Zone),2026-07-20 19:57:09,2.47,11.8,0.193,90.32,17.9,90.0,0.17,45.0,2045,27.041,88.2663,46.93,Moderate
17,Darjeeling Mall Road,Darjeeling,West Bengal (NER Zone),2026-07-21 19:57:09,7.75,14.44,0.502,86.84,16.5,95.1,0.27,45.0,2045,27.041,88.2663,49.19,Moderate
17,Darjeeling Mall Road,Darjeeling,West Bengal (NER Zone),2026-07-22 19:57:09,1.2,11.42,0.097,82.92,18.5,90.7,0.12,45.0,2045,27.041,88.2663,47.34,Moderate
17,Darjeeling Mall Road,Darjeeling,West Bengal (NER Zone),2026-07-23 19:57:09,0.12,9.07,0.012,81.32,16.5,89.4,0.12,45.0,2045,27.041,88.2663,43.69,Moderate
17,Darjeeling Mall Road,Darjeeling,West Bengal (NER Zone),2026-07-24 19:57:09,52.92,54.24,0.958,94.55,14.8,90.6,0.11,45.0,2045,27.041,88.2663,69.28,High
17,Darjeeling Mall Road,Darjeeling,West Bengal (NER Zone),2026-07-25 19:57:09,5.32,58.36,0.09,91.13,15.7,87.8,0.4,45.0,2045,27.041,88.2663,51.43,High
17,Darjeeling Mall Road,Darjeeling,West Bengal (NER Zone),2026-07-26 19:57:09,48.04,106.28,0.448,98.0,15.3,91.5,0.14,45.0,2045,27.041,88.2663,64.38,High
17,Darjeeling Mall Road,Darjeeling,West Bengal (NER Zone),2026-07-27 19:57:09,193.64,247.0,0.781,98.0,18.6,93.5,0.04,45.0,2045,27.041,88.2663,86.64,Critical
17,Darjeeling Mall Road,Darjeeling,West Bengal (NER Zone),2026-07-28 19:57:09,116.58,358.26,0.324,98.0,16.6,92.4,0.27,45.0,2045,27.041,88.2663,75.7,Critical
17,Darjeeling Mall Road,Darjeeling,West Bengal (NER Zone),2026-07-29 19:57:09,125.15,435.37,0.287,98.0,18.2,96.1,0.05,45.0,2045,27.041,88.2663,75.27,Critical
17,Darjeeling Mall Road,Darjeeling,West Bengal (NER Zone),2026-07-30 19:57:09,2.41,244.14,0.01,96.29,18.2,95.0,0.15,45.0,2045,27.041,88.2663,59.95,High
17,Darjeeling Mall Road,Darjeeling,West Bengal (NER Zone),2026-07-31 19:57:09,3.5,131.06,0.026,94.44,17.4,91.2,0.29,45.0,2045,27.041,88.2663,60.56,High
17,Darjeeling Mall Road,Darjeeling,West Bengal (NER Zone),2026-08-01 19:57:09,3.42,9.33,0.331,91.89,17.2,87.4,0.38,45.0,2045,27.041,88.2663,49.07,Moderate
17,Darjeeling Mall Road,Darjeeling,West Bengal (NER Zone),2026-08-02 19:57:09,59.13,66.05,0.882,98.0,18.5,92.3,0.2,45.0,2045,27.041,88.2663,73.7,High
17,Darjeeling Mall Road,Darjeeling,West Bengal (NER Zone),2026-08-03 19:57:09,45.31,107.86,0.416,98.0,18.2,92.2,0.16,45.0,2045,27.041,88.2663,61.91,High
17,Darjeeling Mall Road,Darjeeling,West Bengal (NER Zone),2026-08-04 19:57:09,10.39,114.83,0.09,94.48,20.0,92.7,0.02,45.0,2045,27.041,88.2663,57.54,High
17,Darjeeling Mall Road,Darjeeling,West Bengal (NER Zone),2026-08-05 19:57:09,5.2,60.9,0.084,92.15,15.4,90.2,0.13,45.0,2045,27.041,88.2663,56.6,High
17,Darjeeling Mall Road,Darjeeling,West Bengal (NER Zone),2026-08-06 19:57:09,58.13,73.72,0.778,98.0,18.8,96.7,0.08,45.0,2045,27.041,88.2663,71.47,High
17,Darjeeling Mall Road,Darjeeling,West Bengal (NER Zone),2026-08-07 19:57:09,58.13,121.46,0.475,98.0,17.7,91.5,0.34,45.0,2045,27.041,88.2663,71.23,High
17,Darjeeling Mall Road,Darjeeling,West Bengal (NER Zone),2026-08-08 19:57:09,30.21,146.47,0.205,98.0,20.7,89.4,0.28,45.0,2045,27.041,88.2663,65.73,High
17,Darjeeling Mall Road,Darjeeling,West Bengal (NER Zone),2026-08-09 19:57:09,10.0,98.34,0.101,94.99,15.5,89.2,0.19,45.0,2045,27.041,88.2663,59.15,High
17,Darjeeling Mall Road,Darjeeling,West Bengal (NER Zone),2026-08-10 19:57:09,196.58,236.79,0.827,98.0,17.4,89.9,0.16,45.0,2045,27.041,88.2663,85.83,Critical
17,Darjeeling Mall Road,Darjeeling,West Bengal (NER Zone),2026-08-11 19:57:09,217.58,424.16,0.512,98.0,19.7,97.7,0.33,45.0,2045,27.041,88.2663,86.49,Critical
17,Darjeeling Mall Road,Darjeeling,West Bengal (NER Zone),2026-08-12 19:57:09,175.38,589.54,0.297,98.0,19.9,95.5,0.25,45.0,2045,27.041,88.2663,80.95,Critical
17,Darjeeling Mall Road,Darjeeling,West Bengal (NER Zone),2026-08-13 19:57:09,63.21,456.17,0.138,98.0,18.7,91.0,0.22,45.0,2045,27.041,88.2663,71.57,High
17,Darjeeling Mall Road,Darjeeling,West Bengal (NER Zone),2026-08-14 19:57:09,2.32,240.91,0.01,94.83,20.5,93.1,0.16,45.0,2045,27.041,88.2663,62.84,High
17,Darjeeling Mall Road,Darjeeling,West Bengal (NER Zone),2026-08-15 19:57:09,0.86,66.39,0.013,92.29,17.3,87.6,0.23,45.0,2045,27.041,88.2663,52.33,High
17,Darjeeling Mall Road,Darjeeling,West Bengal (NER Zone),2026-08-16 19:57:09,29.68,32.86,0.877,89.18,20.1,92.4,0.36,45.0,2045,27.041,88.2663,57.23,High
17,Darjeeling Mall Road,Darjeeling,West Bengal (NER Zone),2026-08-17 19:57:09,3.74,34.28,0.106,85.87,16.4,94.9,0.34,45.0,2045,27.041,88.2663,50.23,High
17,Darjeeling Mall Road,Darjeeling,West Bengal (NER Zone),2026-08-18 19:57:09,2.79,36.21,0.075,82.6,17.1,84.5,0.14,45.0,2045,27.041,88.2663,49.2,Moderate
17,Darjeeling Mall Road,Darjeeling,West Bengal (NER Zone),2026-08-19 19:57:09,2.71,9.24,0.265,79.31,19.5,85.5,0.12,45.0,2045,27.041,88.2663,44.26,Moderate
17,Darjeeling Mall Road,Darjeeling,West Bengal (NER Zone),2026-08-20 19:57:09,69.55,75.05,0.915,96.7,18.6,92.6,0.26,45.0,2045,27.041,88.2663,72.2,High
17,Darjeeling Mall Road,Darjeeling,West Bengal (NER Zone),2026-08-21 19:57:09,7.42,79.68,0.092,93.26,17.9,88.9,0.38,45.0,2045,27.041,88.2663,51.89,High
17,Darjeeling Mall Road,Darjeeling,West Bengal (NER Zone),2026-08-22 19:57:09,50.14,127.11,0.391,98.0,17.2,89.7,0.06,45.0,2045,27.041,88.2663,63.96,High
17,Darjeeling Mall Road,Darjeeling,West Bengal (NER Zone),2026-08-23 19:57:09,16.9,74.46,0.224,94.16,17.6,95.6,0.32,45.0,2045,27.041,88.2663,54.02,High
17,Darjeeling Mall Road,Darjeeling,West Bengal (NER Zone),2026-08-24 19:57:09,182.57,249.61,0.729,98.0,16.2,98.3,0.36,45.0,2045,27.041,88.2663,79.57,Critical
17,Darjeeling Mall Road,Darjeeling,West Bengal (NER Zone),2026-08-25 19:57:09,185.81,385.28,0.481,98.0,17.3,89.9,0.05,45.0,2045,27.041,88.2663,83.76,Critical
17,Darjeeling Mall Road,Darjeeling,West Bengal (NER Zone),2026-08-26 19:57:09,198.55,566.93,0.35,98.0,15.2,96.9,0.34,45.0,2045,27.041,88.2663,82.63,Critical
17,Darjeeling Mall Road,Darjeeling,West Bengal (NER Zone),2026-08-27 19:57:09,2.57,386.93,0.007,94.75,17.0,98.1,0.08,45.0,2045,27.041,88.2663,69.51,High
17,Darjeeling Mall Road,Darjeeling,West Bengal (NER Zone),2026-08-28 19:57:09,38.44,239.56,0.16,98.0,16.5,91.3,0.33,45.0,2045,27.041,88.2663,69.82,High
17,Darjeeling Mall Road,Darjeeling,West Bengal (NER Zone),2026-08-29 19:57:09,1.54,42.55,0.035,95.04,18.5,95.0,0.32,45.0,2045,27.041,88.2663,50.57,High
17,Darjeeling Mall Road,Darjeeling,West Bengal (NER Zone),2026-08-30 19:57:09,2.88,42.86,0.066,92.52,18.1,88.1,0.29,45.0,2045,27.041,88.2663,56.6,High
17,Darjeeling Mall Road,Darjeeling,West Bengal (NER Zone),2026-08-31 19:57:09,5.14,9.56,0.487,89.78,19.8,92.1,0.14,45.0,2045,27.041,88.2663,53.94,High
17,Darjeeling Mall Road,Darjeeling,West Bengal (NER Zone),2026-09-01 19:57:09,4.47,12.49,0.331,87.94,15.2,90.1,0.03,45.0,2045,27.041,88.2663,49.91,Moderate
17,Darjeeling Mall Road,Darjeeling,West Bengal (NER Zone),2026-09-02 19:57:09,60.86,70.47,0.852,98.0,16.6,90.5,0.24,45.0,2045,27.041,88.2663,66.88,High
17,Darjeeling Mall Road,Darjeeling,West Bengal (NER Zone),2026-09-03 19:57:09,24.56,89.89,0.27,94.15,20.3,90.5,0.03,45.0,2045,27.041,88.2663,54.68,High
17,Darjeeling Mall Road,Darjeeling,West Bengal (NER Zone),2026-09-04 19:57:09,7.74,93.16,0.082,92.46,18.2,95.9,0.2,45.0,2045,27.041,88.2663,53.9,High
17,Darjeeling Mall Road,Darjeeling,West Bengal (NER Zone),2026-09-05 19:57:09,13.68,45.98,0.291,89.22,15.4,90.9,0.11,45.0,2045,27.041,88.2663,54.12,High
17,Darjeeling Mall Road,Darjeeling,West Bengal (NER Zone),2026-09-06 19:57:09,31.97,53.39,0.588,97.21,16.3,92.4,0.06,45.0,2045,27.041,88.2663,65.2,High
17,Darjeeling Mall Road,Darjeeling,West Bengal (NER Zone),2026-09-07 19:57:09,156.59,202.24,0.77,98.0,19.2,98.5,0.35,45.0,2045,27.041,88.2663,86.12,Critical
17,Darjeeling Mall Road,Darjeeling,West Bengal (NER Zone),2026-09-08 19:57:09,112.99,301.55,0.373,98.0,15.2,98.8,0.28,45.0,2045,27.041,88.2663,78.17,Critical
17,Darjeeling Mall Road,Darjeeling,West Bengal (NER Zone),2026-09-09 19:57:09,187.18,456.76,0.409,98.0,15.0,99.1,0.24,45.0,2045,27.041,88.2663,80.61,Critical
18,Kalimpong Viewpoint,Kalimpong,West Bengal (NER Zone),2026-06-12 19:57:09,45.84,114.61,0.397,53.71,24.4,76.5,0.01,41.5,1250,27.06,88.47,41.54,Moderate
18,Kalimpong Viewpoint,Kalimpong,West Bengal (NER Zone),2026-06-13 19:57:09,5.2,13.01,0.371,51.13,20.6,81.4,0.01,41.5,1250,27.06,88.47,26.71,Moderate
18,Kalimpong Viewpoint,Kalimpong,West Bengal (NER Zone),2026-06-14 19:57:09,60.28,111.32,0.537,66.2,23.6,83.5,0.27,41.5,1250,27.06,88.47,48.61,Moderate
18,Kalimpong Viewpoint,Kalimpong,West Bengal (NER Zone),2026-06-15 19:57:09,4.42,69.9,0.062,64.57,23.3,84.6,0.17,41.5,1250,27.06,88.47,36.76,Moderate
18,Kalimpong Viewpoint,Kalimpong,West Bengal (NER Zone),2026-06-16 19:57:09,38.47,103.17,0.369,74.19,24.1,90.8,0.08,41.5,1250,27.06,88.47,45.06,Moderate
18,Kalimpong Viewpoint,Kalimpong,West Bengal (NER Zone),2026-06-17 19:57:09,0.46,43.35,0.01,72.11,22.3,82.5,0.36,41.5,1250,27.06,88.47,34.26,Moderate
18,Kalimpong Viewpoint,Kalimpong,West Bengal (NER Zone),2026-06-18 19:57:09,4.54,43.47,0.102,68.13,18.8,86.0,0.03,41.5,1250,27.06,88.47,38.2,Moderate
18,Kalimpong Viewpoint,Kalimpong,West Bengal (NER Zone),2026-06-19 19:57:09,97.74,102.74,0.942,92.57,19.8,87.8,0.26,41.5,1250,27.06,88.47,64.83,High
18,Kalimpong Viewpoint,Kalimpong,West Bengal (NER Zone),2026-06-20 19:57:09,114.19,216.47,0.525,98.0,20.5,95.4,0.05,41.5,1250,27.06,88.47,69.03,High
18,Kalimpong Viewpoint,Kalimpong,West Bengal (NER Zone),2026-06-21 19:57:09,26.26,238.19,0.11,95.14,21.7,95.7,0.37,41.5,1250,27.06,88.47,53.63,High
18,Kalimpong Viewpoint,Kalimpong,West Bengal (NER Zone),2026-06-22 19:57:09,56.35,196.8,0.285,98.0,24.4,97.1,0.26,41.5,1250,27.06,88.47,63.05,High
18,Kalimpong Viewpoint,Kalimpong,West Bengal (NER Zone),2026-06-23 19:57:09,2.14,84.75,0.025,94.76,21.8,88.7,0.28,41.5,1250,27.06,88.47,54.85,High
18,Kalimpong Viewpoint,Kalimpong,West Bengal (NER Zone),2026-06-24 19:57:09,2.24,60.73,0.036,92.75,19.6,97.2,0.3,41.5,1250,27.06,88.47,52.38,High
18,Kalimpong Viewpoint,Kalimpong,West Bengal (NER Zone),2026-06-25 19:57:09,34.21,38.59,0.864,98.0,23.6,90.7,0.28,41.5,1250,27.06,88.47,57.52,High
18,Kalimpong Viewpoint,Kalimpong,West Bengal (NER Zone),2026-06-26 19:57:09,3.63,40.08,0.088,96.21,21.7,89.0,0.15,41.5,1250,27.06,88.47,47.45,Moderate
18,Kalimpong Viewpoint,Kalimpong,West Bengal (NER Zone),2026-06-27 19:57:09,0.68,38.52,0.017,94.02,22.4,92.9,0.15,41.5,1250,27.06,88.47,48.61,Moderate
18,Kalimpong Viewpoint,Kalimpong,West Bengal (NER Zone),2026-06-28 19:57:09,23.37,27.68,0.815,92.06,21.3,87.7,0.22,41.5,1250,27.06,88.47,50.9,High
18,Kalimpong Viewpoint,Kalimpong,West Bengal (NER Zone),2026-06-29 19:57:09,0.21,24.26,0.008,89.03,24.1,95.4,0.32,41.5,1250,27.06,88.47,45.16,Moderate
18,Kalimpong Viewpoint,Kalimpong,West Bengal (NER Zone),2026-06-30 19:57:09,6.06,29.64,0.198,86.68,23.7,89.7,0.29,41.5,1250,27.06,88.47,46.03,Moderate
18,Kalimpong Viewpoint,Kalimpong,West Bengal (NER Zone),2026-07-01 19:57:09,0.46,6.73,0.059,84.91,21.1,91.9,0.34,41.5,1250,27.06,88.47,44.73,Moderate
18,Kalimpong Viewpoint,Kalimpong,West Bengal (NER Zone),2026-07-02 19:57:09,3.71,10.23,0.33,81.98,22.2,88.9,0.15,41.5,1250,27.06,88.47,40.7,Moderate
18,Kalimpong Viewpoint,Kalimpong,West Bengal (NER Zone),2026-07-03 19:57:09,7.4,11.57,0.589,80.15,18.8,91.0,0.03,41.5,1250,27.06,88.47,42.61,Moderate
18,Kalimpong Viewpoint,Kalimpong,West Bengal (NER Zone),2026-07-04 19:57:09,45.28,56.39,0.789,91.47,20.8,91.0,0.14,41.5,1250,27.06,88.47,54.2,High
18,Kalimpong Viewpoint,Kalimpong,West Bengal (NER Zone),2026-07-05 19:57:09,6.26,58.94,0.104,87.94,22.4,87.0,0.13,41.5,1250,27.06,88.47,43.96,Moderate
18,Kalimpong Viewpoint,Kalimpong,West Bengal (NER Zone),2026-07-06 19:57:09,1.43,52.97,0.027,85.29,21.4,89.5,0.19,41.5,1250,27.06,88.47,43.5,Moderate
18,Kalimpong Viewpoint,Kalimpong,West Bengal (NER Zone),2026-07-07 19:57:09,1.74,9.43,0.167,83.64,24.4,87.0,0.13,41.5,1250,27.06,88.47,42.04,Moderate
18,Kalimpong Viewpoint,Kalimpong,West Bengal (NER Zone),2026-07-08 19:57:09,21.69,24.86,0.839,80.22,20.4,91.8,0.25,41.5,1250,27.06,88.47,50.2,High
18,Kalimpong Viewpoint,Kalimpong,West Bengal (NER Zone),2026-07-09 19:57:09,100.57,124.0,0.805,98.0,22.5,89.8,0.02,41.5,1250,27.06,88.47,66.75,High
18,Kalimpong Viewpoint,Kalimpong,West Bengal (NER Zone),2026-07-10 19:57:09,175.82,298.08,0.588,98.0,23.9,95.1,0.29,41.5,1250,27.06,88.47,84.2,Critical
18,Kalimpong Viewpoint,Kalimpong,West Bengal (NER Zone),2026-07-11 19:57:09,56.45,332.84,0.169,98.0,20.3,91.9,0.34,41.5,1250,27.06,88.47,67.71,High
18,Kalimpong Viewpoint,Kalimpong,West Bengal (NER Zone),2026-07-12 19:57:09,5.75,238.02,0.024,95.0,20.8,89.0,0.2,41.5,1250,27.06,88.47,58.42,High
18,Kalimpong Viewpoint,Kalimpong,West Bengal (NER Zone),2026-07-13 19:57:09,31.18,93.38,0.33,98.0,21.0,97.5,0.26,41.5,1250,27.06,88.47,53.87,High
18,Kalimpong Viewpoint,Kalimpong,West Bengal (NER Zone),2026-07-14 19:57:09,1.14,38.07,0.029,95.68,23.5,91.8,0.26,41.5,1250,27.06,88.47,42.38,Moderate
18,Kalimpong Viewpoint,Kalimpong,West Bengal (NER Zone),2026-07-15 19:57:09,7.79,40.11,0.189,92.63,19.7,87.9,0.36,41.5,1250,27.06,88.47,49.98,Moderate
18,Kalimpong Viewpoint,Kalimpong,West Bengal (NER Zone),2026-07-16 19:57:09,49.59,58.52,0.833,98.0,23.6,94.4,0.2,41.5,1250,27.06,88.47,62.64,High
18,Kalimpong Viewpoint,Kalimpong,West Bengal (NER Zone),2026-07-17 19:57:09,2.75,60.13,0.045,95.96,23.7,88.9,0.15,41.5,1250,27.06,88.47,49.03,Moderate
18,Kalimpong Viewpoint,Kalimpong,West Bengal (NER Zone),2026-07-18 19:57:09,0.63,52.97,0.012,94.27,24.4,90.2,0.23,41.5,1250,27.06,88.47,48.54,Moderate
18,Kalimpong Viewpoint,Kalimpong,West Bengal (NER Zone),2026-07-19 19:57:09,3.34,6.72,0.433,90.94,23.8,92.1,0.19,41.5,1250,27.06,88.47,47.23,Moderate
18,Kalimpong Viewpoint,Kalimpong,West Bengal (NER Zone),2026-07-20 19:57:09,3.53,7.5,0.415,88.76,23.8,89.0,0.1,41.5,1250,27.06,88.47,40.79,Moderate
18,Kalimpong Viewpoint,Kalimpong,West Bengal (NER Zone),2026-07-21 19:57:09,2.9,9.77,0.269,86.12,23.2,86.3,0.29,41.5,1250,27.06,88.47,41.22,Moderate
18,Kalimpong Viewpoint,Kalimpong,West Bengal (NER Zone),2026-07-22 19:57:09,2.9,9.33,0.28,83.74,21.8,93.5,0.24,41.5,1250,27.06,88.47,43.37,Moderate
18,Kalimpong Viewpoint,Kalimpong,West Bengal (NER Zone),2026-07-23 19:57:09,3.35,9.15,0.33,80.82,23.7,84.5,0.31,41.5,1250,27.06,88.47,37.4,Moderate
18,Kalimpong Viewpoint,Kalimpong,West Bengal (NER Zone),2026-07-24 19:57:09,4.68,10.93,0.392,78.98,20.3,85.5,0.03,41.5,1250,27.06,88.47,41.08,Moderate
18,Kalimpong Viewpoint,Kalimpong,West Bengal (NER Zone),2026-07-25 19:57:09,7.87,15.9,0.466,76.04,22.5,89.3,0.35,41.5,1250,27.06,88.47,37.38,Moderate
18,Kalimpong Viewpoint,Kalimpong,West Bengal (NER Zone),2026-07-26 19:57:09,17.85,30.4,0.568,73.88,22.1,90.2,0.05,41.5,1250,27.06,88.47,43.55,Moderate
18,Kalimpong Viewpoint,Kalimpong,West Bengal (NER Zone),2026-07-27 19:57:09,38.04,63.76,0.587,83.39,22.9,94.1,0.35,41.5,1250,27.06,88.47,50.38,High
18,Kalimpong Viewpoint,Kalimpong,West Bengal (NER Zone),2026-07-28 19:57:09,7.23,63.12,0.113,81.0,21.2,88.9,0.05,41.5,1250,27.06,88.47,39.12,Moderate
18,Kalimpong Viewpoint,Kalimpong,West Bengal (NER Zone),2026-07-29 19:57:09,205.64,250.91,0.816,98.0,24.1,95.2,0.4,41.5,1250,27.06,88.47,83.45,Critical
18,Kalimpong Viewpoint,Kalimpong,West Bengal (NER Zone),2026-07-30 19:57:09,86.33,299.2,0.288,98.0,23.2,92.8,0.16,41.5,1250,27.06,88.47,69.3,High
18,Kalimpong Viewpoint,Kalimpong,West Bengal (NER Zone),2026-07-31 19:57:09,6.68,298.65,0.022,95.78,21.6,89.9,0.31,41.5,1250,27.06,88.47,60.1,High
18,Kalimpong Viewpoint,Kalimpong,West Bengal (NER Zone),2026-08-01 19:57:09,7.49,100.5,0.074,94.07,24.1,93.9,0.26,41.5,1250,27.06,88.47,51.86,High
18,Kalimpong Viewpoint,Kalimpong,West Bengal (NER Zone),2026-08-02 19:57:09,3.51,17.68,0.188,91.3,22.3,96.4,0.12,41.5,1250,27.06,88.47,48.16,Moderate
18,Kalimpong Viewpoint,Kalimpong,West Bengal (NER Zone),2026-08-03 19:57:09,4.51,15.51,0.273,87.55,22.2,94.1,0.13,41.5,1250,27.06,88.47,40.95,Moderate
18,Kalimpong Viewpoint,Kalimpong,West Bengal (NER Zone),2026-08-04 19:57:09,1.43,9.45,0.137,85.69,23.6,92.3,0.08,41.5,1250,27.06,88.47,42.14,Moderate
18,Kalimpong Viewpoint,Kalimpong,West Bengal (NER Zone),2026-08-05 19:57:09,4.6,10.54,0.399,82.66,19.3,86.8,0.11,41.5,1250,27.06,88.47,43.08,Moderate
18,Kalimpong Viewpoint,Kalimpong,West Bengal (NER Zone),2026-08-06 19:57:09,7.08,13.11,0.502,80.43,24.3,93.0,0.37,41.5,1250,27.06,88.47,44.47,Moderate
18,Kalimpong Viewpoint,Kalimpong,West Bengal (NER Zone),2026-08-07 19:57:09,1.13,12.81,0.082,78.42,23.8,90.0,3.97,41.5,1250,27.06,88.47,51.24,High
18,Kalimpong Viewpoint,Kalimpong,West Bengal (NER Zone),2026-08-08 19:57:09,4.32,12.53,0.319,74.92,18.8,89.5,2.29,41.5,1250,27.06,88.47,42.31,Moderate
18,Kalimpong Viewpoint,Kalimpong,West Bengal (NER Zone),2026-08-09 19:57:09,4.57,10.02,0.415,71.59,21.9,88.4,0.04,41.5,1250,27.06,88.47,35.57,Moderate
18,Kalimpong Viewpoint,Kalimpong,West Bengal (NER Zone),2026-08-10 19:57:09,6.76,15.65,0.406,68.98,21.3,81.8,0.4,41.5,1250,27.06,88.47,37.69,Moderate
18,Kalimpong Viewpoint,Kalimpong,West Bengal (NER Zone),2026-08-11 19:57:09,0.93,12.26,0.07,66.59,19.2,86.2,0.13,41.5,1250,27.06,88.47,31.85,Moderate
18,Kalimpong Viewpoint,Kalimpong,West Bengal (NER Zone),2026-08-12 19:57:09,2.21,9.9,0.203,63.52,21.8,85.0,0.13,41.5,1250,27.06,88.47,26.23,Moderate
18,Kalimpong Viewpoint,Kalimpong,West Bengal (NER Zone),2026-08-13 19:57:09,3.47,6.61,0.456,59.69,23.5,79.1,0.26,41.5,1250,27.06,88.47,35.1,Moderate
18,Kalimpong Viewpoint,Kalimpong,West Bengal (NER Zone),2026-08-14 19:57:09,0.29,5.97,0.041,56.6,18.8,76.2,0.38,41.5,1250,27.06,88.47,33.62,Moderate
18,Kalimpong Viewpoint,Kalimpong,West Bengal (NER Zone),2026-08-15 19:57:09,2.12,5.88,0.308,54.72,23.6,81.5,0.08,41.5,1250,27.06,88.47,24.88,Low
18,Kalimpong Viewpoint,Kalimpong,West Bengal (NER Zone),2026-08-16 19:57:09,7.61,10.02,0.69,51.08,23.2,72.9,0.22,41.5,1250,27.06,88.47,32.03,Moderate
18,Kalimpong Viewpoint,Kalimpong,West Bengal (NER Zone),2026-08-17 19:57:09,21.58,31.31,0.668,48.53,20.3,75.8,0.26,41.5,1250,27.06,88.47,37.78,Moderate
18,Kalimpong Viewpoint,Kalimpong,West Bengal (NER Zone),2026-08-18 19:57:09,147.79,176.98,0.83,85.48,22.7,86.7,0.09,41.5,1250,27.06,88.47,75.35,Critical
18,Kalimpong Viewpoint,Kalimpong,West Bengal (NER Zone),2026-08-19 19:57:09,120.9,290.27,0.415,98.0,21.7,97.3,0.14,41.5,1250,27.06,88.47,75.33,Critical
18,Kalimpong Viewpoint,Kalimpong,West Bengal (NER Zone),2026-08-20 19:57:09,0.77,269.46,0.003,96.22,24.0,96.2,0.39,41.5,1250,27.06,88.47,58.6,High
18,Kalimpong Viewpoint,Kalimpong,West Bengal (NER Zone),2026-08-21 19:57:09,5.3,126.97,0.041,94.43,21.5,91.2,0.28,41.5,1250,27.06,88.47,52.22,High
18,Kalimpong Viewpoint,Kalimpong,West Bengal (NER Zone),2026-08-22 19:57:09,6.19,12.26,0.467,91.72,23.6,92.0,0.09,41.5,1250,27.06,88.47,50.59,High
18,Kalimpong Viewpoint,Kalimpong,West Bengal (NER Zone),2026-08-23 19:57:09,4.06,15.55,0.245,88.0,23.4,86.4,0.1,41.5,1250,27.06,88.47,42.02,Moderate
18,Kalimpong Viewpoint,Kalimpong,West Bengal (NER Zone),2026-08-24 19:57:09,3.13,13.38,0.218,85.39,21.1,94.0,0.29,41.5,1250,27.06,88.47,40.42,Moderate
18,Kalimpong Viewpoint,Kalimpong,West Bengal (NER Zone),2026-08-25 19:57:09,6.55,13.74,0.444,83.12,21.2,89.8,0.08,41.5,1250,27.06,88.47,41.79,Moderate
18,Kalimpong Viewpoint,Kalimpong,West Bengal (NER Zone),2026-08-26 19:57:09,7.58,17.26,0.415,80.09,20.7,89.1,3.53,41.5,1250,27.06,88.47,49.21,Moderate
18,Kalimpong Viewpoint,Kalimpong,West Bengal (NER Zone),2026-08-27 19:57:09,0.72,14.85,0.046,76.82,24.2,89.6,0.26,41.5,1250,27.06,88.47,38.85,Moderate
18,Kalimpong Viewpoint,Kalimpong,West Bengal (NER Zone),2026-08-28 19:57:09,2.9,11.2,0.238,74.83,19.7,86.5,0.09,41.5,1250,27.06,88.47,41.7,Moderate
18,Kalimpong Viewpoint,Kalimpong,West Bengal (NER Zone),2026-08-29 19:57:09,7.29,10.91,0.612,72.5,20.0,87.7,0.01,41.5,1250,27.06,88.47,41.06,Moderate
18,Kalimpong Viewpoint,Kalimpong,West Bengal (NER Zone),2026-08-30 19:57:09,71.12,81.31,0.864,90.28,19.4,90.6,0.06,41.5,1250,27.06,88.47,59.71,High
18,Kalimpong Viewpoint,Kalimpong,West Bengal (NER Zone),2026-08-31 19:57:09,1.84,80.25,0.023,86.85,20.2,88.1,0.31,41.5,1250,27.06,88.47,45.59,Moderate
18,Kalimpong Viewpoint,Kalimpong,West Bengal (NER Zone),2026-09-01 19:57:09,1.05,74.01,0.014,83.5,20.4,85.1,0.29,41.5,1250,27.06,88.47,40.48,Moderate
18,Kalimpong Viewpoint,Kalimpong,West Bengal (NER Zone),2026-09-02 19:57:09,3.32,6.21,0.461,81.96,23.7,89.7,0.29,41.5,1250,27.06,88.47,44.37,Moderate
18,Kalimpong Viewpoint,Kalimpong,West Bengal (NER Zone),2026-09-03 19:57:09,1.55,5.92,0.224,78.95,20.6,85.9,0.01,41.5,1250,27.06,88.47,38.66,Moderate
18,Kalimpong Viewpoint,Kalimpong,West Bengal (NER Zone),2026-09-04 19:57:09,1.62,6.49,0.216,76.79,22.7,86.6,0.04,41.5,1250,27.06,88.47,37.56,Moderate
18,Kalimpong Viewpoint,Kalimpong,West Bengal (NER Zone),2026-09-05 19:57:09,4.49,7.66,0.518,74.08,24.2,86.3,0.01,41.5,1250,27.06,88.47,47.45,Moderate
18,Kalimpong Viewpoint,Kalimpong,West Bengal (NER Zone),2026-09-06 19:57:09,3.15,9.26,0.307,71.65,22.0,81.2,0.39,41.5,1250,27.06,88.47,37.5,Moderate
18,Kalimpong Viewpoint,Kalimpong,West Bengal (NER Zone),2026-09-07 19:57:09,135.63,143.27,0.94,98.0,20.1,93.0,0.26,41.5,1250,27.06,88.47,72.89,High
18,Kalimpong Viewpoint,Kalimpong,West Bengal (NER Zone),2026-09-08 19:57:09,126.54,265.32,0.475,98.0,23.6,99.1,0.07,41.5,1250,27.06,88.47,74.08,High
18,Kalimpong Viewpoint,Kalimpong,West Bengal (NER Zone),2026-09-09 19:57:09,3.92,266.09,0.015,95.88,19.6,94.7,0.29,41.5,1250,27.06,88.47,63.12,High
19,Nongpoh Highway Belt,Ri-Bhoi,Meghalaya,2026-06-12 19:57:09,59.88,149.7,0.397,56.3,24.1,77.8,0.06,29.0,485,25.9,91.88,33.88,Moderate
19,Nongpoh Highway Belt,Ri-Bhoi,Meghalaya,2026-06-13 19:57:09,4.52,11.31,0.367,53.79,22.6,80.7,0.32,29.0,485,25.9,91.88,16.81,Low
19,Nongpoh Highway Belt,Ri-Bhoi,Meghalaya,2026-06-14 19:57:09,2.5,66.9,0.037,50.66,24.5,79.8,0.34,29.0,485,25.9,91.88,23.85,Low
19,Nongpoh Highway Belt,Ri-Bhoi,Meghalaya,2026-06-15 19:57:09,0.65,7.67,0.075,48.89,26.8,75.9,0.06,29.0,485,25.9,91.88,16.04,Low
19,Nongpoh Highway Belt,Ri-Bhoi,Meghalaya,2026-06-16 19:57:09,1.33,4.48,0.243,46.3,28.4,71.6,0.07,29.0,485,25.9,91.88,21.72,Low
19,Nongpoh Highway Belt,Ri-Bhoi,Meghalaya,2026-06-17 19:57:09,3.9,5.88,0.567,42.93,25.9,74.0,0.17,29.0,485,25.9,91.88,22.11,Low
19,Nongpoh Highway Belt,Ri-Bhoi,Meghalaya,2026-06-18 19:57:09,7.38,12.61,0.542,39.74,25.7,75.1,0.26,29.0,485,25.9,91.88,18.21,Low
19,Nongpoh Highway Belt,Ri-Bhoi,Meghalaya,2026-06-19 19:57:09,99.81,111.09,0.89,64.69,25.7,79.7,0.29,29.0,485,25.9,91.88,46.52,Moderate
19,Nongpoh Highway Belt,Ri-Bhoi,Meghalaya,2026-06-20 19:57:09,152.71,259.9,0.585,98.0,24.1,93.9,0.37,29.0,485,25.9,91.88,67.33,High
19,Nongpoh Highway Belt,Ri-Bhoi,Meghalaya,2026-06-21 19:57:09,6.82,259.34,0.026,96.16,25.7,97.0,2.8,29.0,485,25.9,91.88,57.81,High
19,Nongpoh Highway Belt,Ri-Bhoi,Meghalaya,2026-06-22 19:57:09,14.36,173.89,0.082,92.22,24.4,89.2,0.22,29.0,485,25.9,91.88,44.48,Moderate
19,Nongpoh Highway Belt,Ri-Bhoi,Meghalaya,2026-06-23 19:57:09,0.49,21.67,0.022,89.55,23.5,89.8,0.09,29.0,485,25.9,91.88,30.73,Moderate
19,Nongpoh Highway Belt,Ri-Bhoi,Meghalaya,2026-06-24 19:57:09,7.42,22.27,0.319,87.36,27.5,94.3,0.12,29.0,485,25.9,91.88,31.13,Moderate
19,Nongpoh Highway Belt,Ri-Bhoi,Meghalaya,2026-06-25 19:57:09,3.23,11.14,0.266,85.22,25.8,91.4,0.06,29.0,485,25.9,91.88,33.12,Moderate
19,Nongpoh Highway Belt,Ri-Bhoi,Meghalaya,2026-06-26 19:57:09,2.24,12.89,0.161,83.07,23.2,92.0,0.31,29.0,485,25.9,91.88,28.97,Moderate
19,Nongpoh Highway Belt,Ri-Bhoi,Meghalaya,2026-06-27 19:57:09,6.18,11.65,0.488,80.09,24.2,91.1,0.27,29.0,485,25.9,91.88,29.68,Moderate
19,Nongpoh Highway Belt,Ri-Bhoi,Meghalaya,2026-06-28 19:57:09,1.34,9.76,0.125,76.63,28.5,82.7,0.06,29.0,485,25.9,91.88,24.24,Low
19,Nongpoh Highway Belt,Ri-Bhoi,Meghalaya,2026-06-29 19:57:09,66.85,74.37,0.887,93.34,24.5,96.6,0.2,29.0,485,25.9,91.88,51.01,High
19,Nongpoh Highway Belt,Ri-Bhoi,Meghalaya,2026-06-30 19:57:09,5.32,73.51,0.071,91.02,25.6,88.0,0.15,29.0,485,25.9,91.88,41.84,Moderate
19,Nongpoh Highway Belt,Ri-Bhoi,Meghalaya,2026-07-01 19:57:09,3.8,75.97,0.049,88.74,25.7,91.4,0.34,29.0,485,25.9,91.88,33.09,Moderate
19,Nongpoh Highway Belt,Ri-Bhoi,Meghalaya,2026-07-02 19:57:09,7.56,16.68,0.428,85.16,26.8,93.2,0.2,29.0,485,25.9,91.88,32.68,Moderate
19,Nongpoh Highway Belt,Ri-Bhoi,Meghalaya,2026-07-03 19:57:09,5.48,16.84,0.307,82.26,25.2,87.3,2.68,29.0,485,25.9,91.88,39.9,Moderate
19,Nongpoh Highway Belt,Ri-Bhoi,Meghalaya,2026-07-04 19:57:09,5.36,18.4,0.276,78.94,23.9,88.2,0.38,29.0,485,25.9,91.88,28.53,Moderate
19,Nongpoh Highway Belt,Ri-Bhoi,Meghalaya,2026-07-05 19:57:09,1.43,12.27,0.108,75.57,22.6,85.9,0.0,29.0,485,25.9,91.88,27.45,Moderate
19,Nongpoh Highway Belt,Ri-Bhoi,Meghalaya,2026-07-06 19:57:09,0.75,7.54,0.088,73.15,24.1,89.8,0.01,29.0,485,25.9,91.88,22.43,Low
19,Nongpoh Highway Belt,Ri-Bhoi,Meghalaya,2026-07-07 19:57:09,3.83,6.01,0.546,71.54,26.7,82.6,0.39,29.0,485,25.9,91.88,28.61,Moderate
19,Nongpoh Highway Belt,Ri-Bhoi,Meghalaya,2026-07-08 19:57:09,6.91,11.49,0.553,67.72,28.6,85.0,0.19,29.0,485,25.9,91.88,26.12,Moderate
19,Nongpoh Highway Belt,Ri-Bhoi,Meghalaya,2026-07-09 19:57:09,202.49,213.23,0.945,98.0,27.1,97.4,1.87,29.0,485,25.9,91.88,74.39,High
19,Nongpoh Highway Belt,Ri-Bhoi,Meghalaya,2026-07-10 19:57:09,205.2,414.6,0.494,98.0,23.5,96.7,0.05,29.0,485,25.9,91.88,70.9,High
19,Nongpoh Highway Belt,Ri-Bhoi,Meghalaya,2026-07-11 19:57:09,6.77,414.46,0.016,96.36,26.4,89.3,0.22,29.0,485,25.9,91.88,57.41,High
19,Nongpoh Highway Belt,Ri-Bhoi,Meghalaya,2026-07-12 19:57:09,1.55,213.52,0.007,93.32,22.7,96.0,0.13,29.0,485,25.9,91.88,45.89,Moderate
19,Nongpoh Highway Belt,Ri-Bhoi,Meghalaya,2026-07-13 19:57:09,7.25,15.57,0.437,90.36,28.2,91.8,0.16,29.0,485,25.9,91.88,35.85,Moderate
19,Nongpoh Highway Belt,Ri-Bhoi,Meghalaya,2026-07-14 19:57:09,5.36,14.16,0.353,88.7,27.5,91.1,0.03,29.0,485,25.9,91.88,33.53,Moderate
19,Nongpoh Highway Belt,Ri-Bhoi,Meghalaya,2026-07-15 19:57:09,2.2,14.81,0.139,86.7,25.6,87.1,0.34,29.0,485,25.9,91.88,30.7,Moderate
19,Nongpoh Highway Belt,Ri-Bhoi,Meghalaya,2026-07-16 19:57:09,27.79,35.35,0.765,84.32,24.6,90.2,0.23,29.0,485,25.9,91.88,39.45,Moderate
19,Nongpoh Highway Belt,Ri-Bhoi,Meghalaya,2026-07-17 19:57:09,0.93,30.92,0.029,82.6,27.0,85.8,0.39,29.0,485,25.9,91.88,29.74,Moderate
19,Nongpoh Highway Belt,Ri-Bhoi,Meghalaya,2026-07-18 19:57:09,6.31,35.03,0.175,80.55,24.8,84.0,0.1,29.0,485,25.9,91.88,30.45,Moderate
19,Nongpoh Highway Belt,Ri-Bhoi,Meghalaya,2026-07-19 19:57:09,5.14,12.38,0.384,76.8,23.7,89.4,0.02,29.0,485,25.9,91.88,31.32,Moderate
19,Nongpoh Highway Belt,Ri-Bhoi,Meghalaya,2026-07-20 19:57:09,1.42,12.87,0.103,74.95,24.5,83.5,0.35,29.0,485,25.9,91.88,23.9,Low
19,Nongpoh Highway Belt,Ri-Bhoi,Meghalaya,2026-07-21 19:57:09,29.17,35.73,0.794,71.7,24.2,85.0,0.14,29.0,485,25.9,91.88,36.66,Moderate
19,Nongpoh Highway Belt,Ri-Bhoi,Meghalaya,2026-07-22 19:57:09,3.6,34.19,0.102,68.63,27.6,79.4,0.15,29.0,485,25.9,91.88,28.43,Moderate
19,Nongpoh Highway Belt,Ri-Bhoi,Meghalaya,2026-07-23 19:57:09,1.69,34.46,0.048,65.37,24.7,86.0,0.08,29.0,485,25.9,91.88,23.5,Low
19,Nongpoh Highway Belt,Ri-Bhoi,Meghalaya,2026-07-24 19:57:09,4.03,9.32,0.391,61.8,27.3,77.5,0.1,29.0,485,25.9,91.88,17.25,Low
19,Nongpoh Highway Belt,Ri-Bhoi,Meghalaya,2026-07-25 19:57:09,0.25,5.97,0.036,60.01,26.5,77.9,0.23,29.0,485,25.9,91.88,19.16,Low
19,Nongpoh Highway Belt,Ri-Bhoi,Meghalaya,2026-07-26 19:57:09,3.02,7.3,0.364,57.04,22.8,82.0,0.35,29.0,485,25.9,91.88,24.19,Low
19,Nongpoh Highway Belt,Ri-Bhoi,Meghalaya,2026-07-27 19:57:09,37.39,40.66,0.898,66.38,24.6,84.7,0.37,29.0,485,25.9,91.88,34.24,Moderate
19,Nongpoh Highway Belt,Ri-Bhoi,Meghalaya,2026-07-28 19:57:09,3.73,44.14,0.083,64.42,22.7,85.6,0.23,29.0,485,25.9,91.88,21.81,Low
19,Nongpoh Highway Belt,Ri-Bhoi,Meghalaya,2026-07-29 19:57:09,140.9,182.02,0.77,98.0,25.0,97.6,0.15,29.0,485,25.9,91.88,62.69,High
19,Nongpoh Highway Belt,Ri-Bhoi,Meghalaya,2026-07-30 19:57:09,127.3,271.93,0.466,98.0,26.6,92.3,0.35,29.0,485,25.9,91.88,66.37,High
19,Nongpoh Highway Belt,Ri-Bhoi,Meghalaya,2026-07-31 19:57:09,7.21,275.41,0.026,95.23,25.1,96.1,0.16,29.0,485,25.9,91.88,50.47,High
19,Nongpoh Highway Belt,Ri-Bhoi,Meghalaya,2026-08-01 19:57:09,43.29,177.8,0.242,98.0,28.1,98.2,0.38,29.0,485,25.9,91.88,48.95,Moderate
19,Nongpoh Highway Belt,Ri-Bhoi,Meghalaya,2026-08-02 19:57:09,73.21,123.71,0.587,98.0,27.1,90.6,0.38,29.0,485,25.9,91.88,51.79,High
19,Nongpoh Highway Belt,Ri-Bhoi,Meghalaya,2026-08-03 19:57:09,2.47,118.97,0.021,94.59,27.4,92.7,0.0,29.0,485,25.9,91.88,39.4,Moderate
19,Nongpoh Highway Belt,Ri-Bhoi,Meghalaya,2026-08-04 19:57:09,67.39,143.07,0.468,98.0,24.4,90.1,0.08,29.0,485,25.9,91.88,49.28,Moderate
19,Nongpoh Highway Belt,Ri-Bhoi,Meghalaya,2026-08-05 19:57:09,25.91,95.77,0.268,94.79,27.6,91.9,0.14,29.0,485,25.9,91.88,45.78,Moderate
19,Nongpoh Highway Belt,Ri-Bhoi,Meghalaya,2026-08-06 19:57:09,5.49,98.79,0.055,91.54,28.1,93.7,0.28,29.0,485,25.9,91.88,37.55,Moderate
19,Nongpoh Highway Belt,Ri-Bhoi,Meghalaya,2026-08-07 19:57:09,0.77,32.17,0.023,89.72,27.2,87.7,0.36,29.0,485,25.9,91.88,36.81,Moderate
19,Nongpoh Highway Belt,Ri-Bhoi,Meghalaya,2026-08-08 19:57:09,5.84,12.1,0.446,87.16,24.9,86.2,0.3,29.0,485,25.9,91.88,37.24,Moderate
19,Nongpoh Highway Belt,Ri-Bhoi,Meghalaya,2026-08-09 19:57:09,1.77,8.38,0.189,84.14,27.2,88.1,0.33,29.0,485,25.9,91.88,32.54,Moderate
19,Nongpoh Highway Belt,Ri-Bhoi,Meghalaya,2026-08-10 19:57:09,6.01,13.62,0.411,80.35,26.4,84.5,0.08,29.0,485,25.9,91.88,28.86,Moderate
19,Nongpoh Highway Belt,Ri-Bhoi,Meghalaya,2026-08-11 19:57:09,2.72,10.5,0.236,77.22,25.1,84.9,0.33,29.0,485,25.9,91.88,28.31,Moderate
19,Nongpoh Highway Belt,Ri-Bhoi,Meghalaya,2026-08-12 19:57:09,72.3,81.03,0.881,95.29,25.1,90.0,0.33,29.0,485,25.9,91.88,51.86,High
19,Nongpoh Highway Belt,Ri-Bhoi,Meghalaya,2026-08-13 19:57:09,0.66,75.68,0.009,92.08,23.2,95.9,0.0,29.0,485,25.9,91.88,34.5,Moderate
19,Nongpoh Highway Belt,Ri-Bhoi,Meghalaya,2026-08-14 19:57:09,4.6,77.56,0.059,89.62,25.3,91.2,0.16,29.0,485,25.9,91.88,36.95,Moderate
19,Nongpoh Highway Belt,Ri-Bhoi,Meghalaya,2026-08-15 19:57:09,2.42,7.68,0.279,87.47,26.4,91.7,0.18,29.0,485,25.9,91.88,28.48,Moderate
19,Nongpoh Highway Belt,Ri-Bhoi,Meghalaya,2026-08-16 19:57:09,3.79,10.81,0.321,85.13,25.8,88.4,0.39,29.0,485,25.9,91.88,34.07,Moderate
19,Nongpoh Highway Belt,Ri-Bhoi,Meghalaya,2026-08-17 19:57:09,3.07,9.28,0.298,81.95,23.5,87.1,0.24,29.0,485,25.9,91.88,27.98,Moderate
19,Nongpoh Highway Belt,Ri-Bhoi,Meghalaya,2026-08-18 19:57:09,107.67,114.53,0.932,98.0,27.5,96.6,0.02,29.0,485,25.9,91.88,59.3,High
19,Nongpoh Highway Belt,Ri-Bhoi,Meghalaya,2026-08-19 19:57:09,119.44,230.18,0.517,98.0,23.3,94.2,0.36,29.0,485,25.9,91.88,62.63,High
19,Nongpoh Highway Belt,Ri-Bhoi,Meghalaya,2026-08-20 19:57:09,2.02,229.13,0.009,95.66,24.4,96.7,0.07,29.0,485,25.9,91.88,45.77,Moderate
19,Nongpoh Highway Belt,Ri-Bhoi,Meghalaya,2026-08-21 19:57:09,0.14,121.6,0.001,93.34,26.4,93.6,0.01,29.0,485,25.9,91.88,41.11,Moderate
19,Nongpoh Highway Belt,Ri-Bhoi,Meghalaya,2026-08-22 19:57:09,1.99,4.15,0.386,91.63,23.1,94.3,0.17,29.0,485,25.9,91.88,32.87,Moderate
19,Nongpoh Highway Belt,Ri-Bhoi,Meghalaya,2026-08-23 19:57:09,7.77,9.9,0.713,88.41,24.0,94.2,0.29,29.0,485,25.9,91.88,38.94,Moderate
19,Nongpoh Highway Belt,Ri-Bhoi,Meghalaya,2026-08-24 19:57:09,3.67,13.43,0.254,86.72,24.8,86.8,0.26,29.0,485,25.9,91.88,28.21,Moderate
19,Nongpoh Highway Belt,Ri-Bhoi,Meghalaya,2026-08-25 19:57:09,3.06,14.5,0.197,82.77,23.0,93.2,0.17,29.0,485,25.9,91.88,30.0,Moderate
19,Nongpoh Highway Belt,Ri-Bhoi,Meghalaya,2026-08-26 19:57:09,71.77,78.5,0.903,98.0,24.1,95.8,0.33,29.0,485,25.9,91.88,58.24,High
19,Nongpoh Highway Belt,Ri-Bhoi,Meghalaya,2026-08-27 19:57:09,0.93,75.76,0.012,96.02,24.1,91.6,0.34,29.0,485,25.9,91.88,36.6,Moderate
19,Nongpoh Highway Belt,Ri-Bhoi,Meghalaya,2026-08-28 19:57:09,61.93,134.63,0.457,98.0,24.8,94.0,0.17,29.0,485,25.9,91.88,48.88,Moderate
19,Nongpoh Highway Belt,Ri-Bhoi,Meghalaya,2026-08-29 19:57:09,6.23,69.09,0.089,95.81,26.6,94.6,0.27,29.0,485,25.9,91.88,40.39,Moderate
19,Nongpoh Highway Belt,Ri-Bhoi,Meghalaya,2026-08-30 19:57:09,3.26,71.42,0.045,94.26,25.1,89.3,0.24,29.0,485,25.9,91.88,38.54,Moderate
19,Nongpoh Highway Belt,Ri-Bhoi,Meghalaya,2026-08-31 19:57:09,2.55,12.04,0.195,92.21,22.7,90.5,0.12,29.0,485,25.9,91.88,34.77,Moderate
19,Nongpoh Highway Belt,Ri-Bhoi,Meghalaya,2026-09-01 19:57:09,6.62,12.43,0.493,89.24,26.4,89.5,0.37,29.0,485,25.9,91.88,36.3,Moderate
19,Nongpoh Highway Belt,Ri-Bhoi,Meghalaya,2026-09-02 19:57:09,32.14,41.31,0.76,97.27,24.7,93.5,0.3,29.0,485,25.9,91.88,47.3,Moderate
19,Nongpoh Highway Belt,Ri-Bhoi,Meghalaya,2026-09-03 19:57:09,55.35,94.11,0.582,98.0,26.6,91.9,3.85,29.0,485,25.9,91.88,63.14,High
19,Nongpoh Highway Belt,Ri-Bhoi,Meghalaya,2026-09-04 19:57:09,5.05,92.54,0.054,95.1,24.6,90.4,0.15,29.0,485,25.9,91.88,40.69,Moderate
19,Nongpoh Highway Belt,Ri-Bhoi,Meghalaya,2026-09-05 19:57:09,2.52,62.92,0.039,91.91,22.8,93.4,0.14,29.0,485,25.9,91.88,35.7,Moderate
19,Nongpoh Highway Belt,Ri-Bhoi,Meghalaya,2026-09-06 19:57:09,7.97,15.54,0.482,90.35,28.4,92.2,0.09,29.0,485,25.9,91.88,37.18,Moderate
19,Nongpoh Highway Belt,Ri-Bhoi,Meghalaya,2026-09-07 19:57:09,208.96,219.45,0.948,98.0,23.4,95.4,0.04,29.0,485,25.9,91.88,73.19,High
19,Nongpoh Highway Belt,Ri-Bhoi,Meghalaya,2026-09-08 19:57:09,110.56,327.49,0.337,98.0,28.5,95.0,0.06,29.0,485,25.9,91.88,62.09,High
19,Nongpoh Highway Belt,Ri-Bhoi,Meghalaya,2026-09-09 19:57:09,5.88,325.4,0.018,95.5,25.0,95.9,0.24,29.0,485,25.9,91.88,47.98,Moderate
20,Jowai Plateau Edge,West Jaintia Hills,Meghalaya,2026-06-12 19:57:09,0.85,2.11,0.271,32.68,23.9,74.1,0.21,33.0,1380,25.45,92.2,21.74,Low
20,Jowai Plateau Edge,West Jaintia Hills,Meghalaya,2026-06-13 19:57:09,6.87,17.18,0.378,29.94,20.9,73.7,0.37,33.0,1380,25.45,92.2,20.62,Low
20,Jowai Plateau Edge,West Jaintia Hills,Meghalaya,2026-06-14 19:57:09,28.75,36.47,0.767,27.11,20.1,69.1,0.36,33.0,1380,25.45,92.2,22.18,Low
20,Jowai Plateau Edge,West Jaintia Hills,Meghalaya,2026-06-15 19:57:09,5.22,40.84,0.125,23.17,20.6,69.5,0.06,33.0,1380,25.45,92.2,22.21,Low
20,Jowai Plateau Edge,West Jaintia Hills,Meghalaya,2026-06-16 19:57:09,7.99,41.96,0.186,20.17,22.5,71.5,0.1,33.0,1380,25.45,92.2,18.85,Low
20,Jowai Plateau Edge,West Jaintia Hills,Meghalaya,2026-06-17 19:57:09,3.78,16.99,0.21,20.0,20.3,69.4,0.26,33.0,1380,25.45,92.2,18.42,Low
20,Jowai Plateau Edge,West Jaintia Hills,Meghalaya,2026-06-18 19:57:09,6.91,18.68,0.351,20.0,19.1,65.7,0.07,33.0,1380,25.45,92.2,20.22,Low
20,Jowai Plateau Edge,West Jaintia Hills,Meghalaya,2026-06-19 19:57:09,211.2,221.89,0.948,72.8,23.6,83.7,0.36,33.0,1380,25.45,92.2,62.31,High
20,Jowai Plateau Edge,West Jaintia Hills,Meghalaya,2026-06-20 19:57:09,108.98,327.09,0.332,98.0,20.9,91.8,0.4,33.0,1380,25.45,92.2,68.78,High
20,Jowai Plateau Edge,West Jaintia Hills,Meghalaya,2026-06-21 19:57:09,7.78,327.96,0.024,95.25,18.8,94.4,0.37,33.0,1380,25.45,92.2,53.99,High
20,Jowai Plateau Edge,West Jaintia Hills,Meghalaya,2026-06-22 19:57:09,40.04,156.8,0.254,98.0,23.9,89.4,3.42,33.0,1380,25.45,92.2,63.03,High
20,Jowai Plateau Edge,West Jaintia Hills,Meghalaya,2026-06-23 19:57:09,7.96,55.78,0.14,94.34,18.5,92.2,0.29,33.0,1380,25.45,92.2,41.67,Moderate
20,Jowai Plateau Edge,West Jaintia Hills,Meghalaya,2026-06-24 19:57:09,60.48,108.48,0.552,98.0,22.0,94.6,2.95,33.0,1380,25.45,92.2,63.85,High
20,Jowai Plateau Edge,West Jaintia Hills,Meghalaya,2026-06-25 19:57:09,2.34,70.78,0.033,95.5,23.0,96.1,0.29,33.0,1380,25.45,92.2,44.64,Moderate
20,Jowai Plateau Edge,West Jaintia Hills,Meghalaya,2026-06-26 19:57:09,5.2,68.02,0.075,92.93,18.8,89.0,0.33,33.0,1380,25.45,92.2,39.64,Moderate
20,Jowai Plateau Edge,West Jaintia Hills,Meghalaya,2026-06-27 19:57:09,0.89,8.43,0.095,91.01,20.6,90.3,0.32,33.0,1380,25.45,92.2,40.32,Moderate
20,Jowai Plateau Edge,West Jaintia Hills,Meghalaya,2026-06-28 19:57:09,16.31,22.4,0.697,87.91,18.5,94.8,0.1,33.0,1380,25.45,92.2,40.76,Moderate
20,Jowai Plateau Edge,West Jaintia Hills,Meghalaya,2026-06-29 19:57:09,2.36,19.56,0.115,85.29,22.8,91.8,0.24,33.0,1380,25.45,92.2,37.53,Moderate
20,Jowai Plateau Edge,West Jaintia Hills,Meghalaya,2026-06-30 19:57:09,1.18,19.85,0.057,83.07,19.4,87.8,0.12,33.0,1380,25.45,92.2,35.22,Moderate
20,Jowai Plateau Edge,West Jaintia Hills,Meghalaya,2026-07-01 19:57:09,1.27,4.81,0.218,79.99,21.0,87.4,0.3,33.0,1380,25.45,92.2,37.01,Moderate
20,Jowai Plateau Edge,West Jaintia Hills,Meghalaya,2026-07-02 19:57:09,1.17,3.62,0.254,77.76,20.4,88.6,2.31,33.0,1380,25.45,92.2,35.88,Moderate
20,Jowai Plateau Edge,West Jaintia Hills,Meghalaya,2026-07-03 19:57:09,4.67,7.11,0.576,75.61,22.4,88.9,0.16,33.0,1380,25.45,92.2,32.82,Moderate
20,Jowai Plateau Edge,West Jaintia Hills,Meghalaya,2026-07-04 19:57:09,1.36,7.2,0.166,73.25,19.0,89.2,0.15,33.0,1380,25.45,92.2,29.64,Moderate
20,Jowai Plateau Edge,West Jaintia Hills,Meghalaya,2026-07-05 19:57:09,3.88,9.91,0.356,71.32,21.3,81.7,0.01,33.0,1380,25.45,92.2,29.07,Moderate
20,Jowai Plateau Edge,West Jaintia Hills,Meghalaya,2026-07-06 19:57:09,2.74,7.98,0.305,69.05,19.4,82.0,0.32,33.0,1380,25.45,92.2,30.56,Moderate
20,Jowai Plateau Edge,West Jaintia Hills,Meghalaya,2026-07-07 19:57:09,2.85,9.47,0.272,66.4,23.6,87.3,0.34,33.0,1380,25.45,92.2,23.67,Low
20,Jowai Plateau Edge,West Jaintia Hills,Meghalaya,2026-07-08 19:57:09,4.19,9.78,0.389,64.33,19.3,84.2,0.04,33.0,1380,25.45,92.2,25.15,Moderate
20,Jowai Plateau Edge,West Jaintia Hills,Meghalaya,2026-07-09 19:57:09,126.13,133.17,0.94,95.87,18.5,94.1,0.3,33.0,1380,25.45,92.2,62.53,High
20,Jowai Plateau Edge,West Jaintia Hills,Meghalaya,2026-07-10 19:57:09,202.17,332.49,0.606,98.0,23.9,89.9,0.1,33.0,1380,25.45,92.2,75.9,Critical
20,Jowai Plateau Edge,West Jaintia Hills,Meghalaya,2026-07-11 19:57:09,5.92,334.22,0.018,94.78,22.0,90.6,0.18,33.0,1380,25.45,92.2,58.7,High
20,Jowai Plateau Edge,West Jaintia Hills,Meghalaya,2026-07-12 19:57:09,49.59,257.68,0.192,98.0,21.4,90.2,0.33,33.0,1380,25.45,92.2,58.28,High
20,Jowai Plateau Edge,West Jaintia Hills,Meghalaya,2026-07-13 19:57:09,68.7,124.21,0.549,98.0,21.2,89.9,0.23,33.0,1380,25.45,92.2,55.73,High
20,Jowai Plateau Edge,West Jaintia Hills,Meghalaya,2026-07-14 19:57:09,3.71,122.0,0.03,95.16,22.8,91.5,0.08,33.0,1380,25.45,92.2,45.59,Moderate
20,Jowai Plateau Edge,West Jaintia Hills,Meghalaya,2026-07-15 19:57:09,15.42,87.83,0.174,93.16,21.4,89.8,0.23,33.0,1380,25.45,92.2,46.9,Moderate
20,Jowai Plateau Edge,West Jaintia Hills,Meghalaya,2026-07-16 19:57:09,6.89,26.02,0.255,91.39,23.4,94.8,0.32,33.0,1380,25.45,92.2,36.95,Moderate
20,Jowai Plateau Edge,West Jaintia Hills,Meghalaya,2026-07-17 19:57:09,3.65,25.96,0.135,89.88,22.6,92.5,0.07,33.0,1380,25.45,92.2,38.56,Moderate
20,Jowai Plateau Edge,West Jaintia Hills,Meghalaya,2026-07-18 19:57:09,4.11,14.65,0.263,86.01,19.9,93.8,0.11,33.0,1380,25.45,92.2,38.08,Moderate
20,Jowai Plateau Edge,West Jaintia Hills,Meghalaya,2026-07-19 19:57:09,2.47,10.23,0.22,83.41,24.0,93.6,0.13,33.0,1380,25.45,92.2,35.35,Moderate
20,Jowai Plateau Edge,West Jaintia Hills,Meghalaya,2026-07-20 19:57:09,3.76,10.34,0.332,81.5,18.5,87.8,0.37,33.0,1380,25.45,92.2,34.46,Moderate
20,Jowai Plateau Edge,West Jaintia Hills,Meghalaya,2026-07-21 19:57:09,5.1,11.33,0.414,78.65,19.2,90.3,0.09,33.0,1380,25.45,92.2,36.0,Moderate
20,Jowai Plateau Edge,West Jaintia Hills,Meghalaya,2026-07-22 19:57:09,2.56,11.42,0.206,75.83,18.7,84.5,0.23,33.0,1380,25.45,92.2,24.33,Low
20,Jowai Plateau Edge,West Jaintia Hills,Meghalaya,2026-07-23 19:57:09,20.17,27.83,0.7,72.41,22.8,88.9,0.06,33.0,1380,25.45,92.2,37.91,Moderate
20,Jowai Plateau Edge,West Jaintia Hills,Meghalaya,2026-07-24 19:57:09,7.85,30.58,0.249,69.28,22.8,87.0,0.37,33.0,1380,25.45,92.2,28.67,Moderate
20,Jowai Plateau Edge,West Jaintia Hills,Meghalaya,2026-07-25 19:57:09,6.85,34.87,0.191,67.02,19.0,81.8,0.3,33.0,1380,25.45,92.2,24.96,Low
20,Jowai Plateau Edge,West Jaintia Hills,Meghalaya,2026-07-26 19:57:09,3.4,18.1,0.178,64.53,20.6,85.2,0.39,33.0,1380,25.45,92.2,28.93,Moderate
20,Jowai Plateau Edge,West Jaintia Hills,Meghalaya,2026-07-27 19:57:09,6.44,16.69,0.364,60.6,22.7,76.4,0.08,33.0,1380,25.45,92.2,30.39,Moderate
20,Jowai Plateau Edge,West Jaintia Hills,Meghalaya,2026-07-28 19:57:09,2.36,12.2,0.179,58.16,20.0,83.3,0.22,33.0,1380,25.45,92.2,24.75,Low
20,Jowai Plateau Edge,West Jaintia Hills,Meghalaya,2026-07-29 19:57:09,107.92,116.72,0.917,85.14,19.4,89.8,0.04,33.0,1380,25.45,92.2,59.24,High
20,Jowai Plateau Edge,West Jaintia Hills,Meghalaya,2026-07-30 19:57:09,114.04,224.32,0.506,98.0,20.1,94.1,0.19,33.0,1380,25.45,92.2,69.25,High
20,Jowai Plateau Edge,West Jaintia Hills,Meghalaya,2026-07-31 19:57:09,0.37,222.33,0.002,94.85,22.2,97.3,0.11,33.0,1380,25.45,92.2,53.25,High
20,Jowai Plateau Edge,West Jaintia Hills,Meghalaya,2026-08-01 19:57:09,3.0,117.41,0.025,93.1,21.9,90.3,0.37,33.0,1380,25.45,92.2,48.47,Moderate
20,Jowai Plateau Edge,West Jaintia Hills,Meghalaya,2026-08-02 19:57:09,18.73,22.1,0.811,89.72,20.0,94.2,0.06,33.0,1380,25.45,92.2,46.16,Moderate
20,Jowai Plateau Edge,West Jaintia Hills,Meghalaya,2026-08-03 19:57:09,29.43,51.16,0.564,87.72,18.6,88.2,0.31,33.0,1380,25.45,92.2,43.83,Moderate
20,Jowai Plateau Edge,West Jaintia Hills,Meghalaya,2026-08-04 19:57:09,4.25,52.41,0.08,85.49,18.2,92.6,0.31,33.0,1380,25.45,92.2,33.51,Moderate
20,Jowai Plateau Edge,West Jaintia Hills,Meghalaya,2026-08-05 19:57:09,2.51,36.19,0.068,81.86,23.5,88.1,0.07,33.0,1380,25.45,92.2,34.07,Moderate
20,Jowai Plateau Edge,West Jaintia Hills,Meghalaya,2026-08-06 19:57:09,3.69,10.45,0.322,79.53,22.2,89.9,0.3,33.0,1380,25.45,92.2,30.85,Moderate
20,Jowai Plateau Edge,West Jaintia Hills,Meghalaya,2026-08-07 19:57:09,17.75,23.95,0.711,77.0,20.5,86.8,0.21,33.0,1380,25.45,92.2,43.22,Moderate
20,Jowai Plateau Edge,West Jaintia Hills,Meghalaya,2026-08-08 19:57:09,4.1,25.54,0.154,75.46,20.7,81.7,0.32,33.0,1380,25.45,92.2,31.48,Moderate
20,Jowai Plateau Edge,West Jaintia Hills,Meghalaya,2026-08-09 19:57:09,3.94,25.79,0.147,72.52,21.9,87.7,0.39,33.0,1380,25.45,92.2,31.19,Moderate
20,Jowai Plateau Edge,West Jaintia Hills,Meghalaya,2026-08-10 19:57:09,4.25,12.29,0.32,69.03,23.2,80.0,0.24,33.0,1380,25.45,92.2,30.36,Moderate
20,Jowai Plateau Edge,West Jaintia Hills,Meghalaya,2026-08-11 19:57:09,6.02,14.21,0.396,65.61,20.7,80.7,0.35,33.0,1380,25.45,92.2,29.08,Moderate
20,Jowai Plateau Edge,West Jaintia Hills,Meghalaya,2026-08-12 19:57:09,5.2,15.47,0.316,63.93,22.0,80.8,0.28,33.0,1380,25.45,92.2,31.76,Moderate
20,Jowai Plateau Edge,West Jaintia Hills,Meghalaya,2026-08-13 19:57:09,3.46,14.68,0.221,62.37,21.5,76.9,0.01,33.0,1380,25.45,92.2,24.88,Low
20,Jowai Plateau Edge,West Jaintia Hills,Meghalaya,2026-08-14 19:57:09,37.76,46.42,0.796,71.81,19.7,82.4,0.13,33.0,1380,25.45,92.2,40.18,Moderate
20,Jowai Plateau Edge,West Jaintia Hills,Meghalaya,2026-08-15 19:57:09,5.32,46.54,0.112,68.39,21.5,82.5,0.35,33.0,1380,25.45,92.2,28.65,Moderate
20,Jowai Plateau Edge,West Jaintia Hills,Meghalaya,2026-08-16 19:57:09,60.24,103.32,0.577,83.45,19.3,86.0,3.24,33.0,1380,25.45,92.2,52.7,High
20,Jowai Plateau Edge,West Jaintia Hills,Meghalaya,2026-08-17 19:57:09,6.24,71.8,0.086,80.6,23.8,86.5,0.09,33.0,1380,25.45,92.2,34.78,Moderate
20,Jowai Plateau Edge,West Jaintia Hills,Meghalaya,2026-08-18 19:57:09,109.23,175.71,0.618,98.0,19.9,93.5,0.37,33.0,1380,25.45,92.2,63.55,High
20,Jowai Plateau Edge,West Jaintia Hills,Meghalaya,2026-08-19 19:57:09,110.41,225.88,0.487,98.0,20.2,90.7,0.18,33.0,1380,25.45,92.2,63.66,High
20,Jowai Plateau Edge,West Jaintia Hills,Meghalaya,2026-08-20 19:57:09,3.0,222.64,0.013,95.39,22.6,95.8,0.18,33.0,1380,25.45,92.2,48.85,Moderate
20,Jowai Plateau Edge,West Jaintia Hills,Meghalaya,2026-08-21 19:57:09,1.65,115.06,0.014,92.94,23.0,88.5,0.37,33.0,1380,25.45,92.2,40.52,Moderate
20,Jowai Plateau Edge,West Jaintia Hills,Meghalaya,2026-08-22 19:57:09,0.97,5.62,0.147,89.55,18.8,91.2,0.3,33.0,1380,25.45,92.2,36.53,Moderate
20,Jowai Plateau Edge,West Jaintia Hills,Meghalaya,2026-08-23 19:57:09,1.53,4.15,0.297,85.58,22.9,88.6,0.04,33.0,1380,25.45,92.2,30.86,Moderate
20,Jowai Plateau Edge,West Jaintia Hills,Meghalaya,2026-08-24 19:57:09,0.06,2.56,0.016,82.08,20.5,92.3,0.38,33.0,1380,25.45,92.2,35.07,Moderate
20,Jowai Plateau Edge,West Jaintia Hills,Meghalaya,2026-08-25 19:57:09,3.47,5.06,0.573,78.46,19.9,92.5,0.26,33.0,1380,25.45,92.2,34.9,Moderate
20,Jowai Plateau Edge,West Jaintia Hills,Meghalaya,2026-08-26 19:57:09,3.77,7.3,0.454,74.58,19.7,87.6,0.06,33.0,1380,25.45,92.2,28.27,Moderate
20,Jowai Plateau Edge,West Jaintia Hills,Meghalaya,2026-08-27 19:57:09,46.7,53.94,0.85,86.25,18.9,86.7,0.3,33.0,1380,25.45,92.2,46.9,Moderate
20,Jowai Plateau Edge,West Jaintia Hills,Meghalaya,2026-08-28 19:57:09,62.15,112.62,0.547,98.0,23.3,95.9,0.17,33.0,1380,25.45,92.2,52.96,High
20,Jowai Plateau Edge,West Jaintia Hills,Meghalaya,2026-08-29 19:57:09,21.21,130.06,0.162,94.16,23.9,95.4,0.07,33.0,1380,25.45,92.2,47.85,Moderate
20,Jowai Plateau Edge,West Jaintia Hills,Meghalaya,2026-08-30 19:57:09,0.88,84.24,0.01,92.25,21.1,90.3,0.36,33.0,1380,25.45,92.2,45.41,Moderate
20,Jowai Plateau Edge,West Jaintia Hills,Meghalaya,2026-08-31 19:57:09,2.57,24.66,0.1,88.8,20.1,95.0,3.89,33.0,1380,25.45,92.2,44.06,Moderate
20,Jowai Plateau Edge,West Jaintia Hills,Meghalaya,2026-09-01 19:57:09,0.37,3.82,0.077,86.35,21.7,90.5,0.01,33.0,1380,25.45,92.2,35.12,Moderate
20,Jowai Plateau Edge,West Jaintia Hills,Meghalaya,2026-09-02 19:57:09,0.74,3.68,0.158,82.38,18.8,88.6,0.34,33.0,1380,25.45,92.2,32.98,Moderate
20,Jowai Plateau Edge,West Jaintia Hills,Meghalaya,2026-09-03 19:57:09,1.08,2.19,0.338,79.37,21.9,85.9,0.36,33.0,1380,25.45,92.2,34.14,Moderate
20,Jowai Plateau Edge,West Jaintia Hills,Meghalaya,2026-09-04 19:57:09,52.66,54.48,0.949,92.54,20.3,93.5,0.19,33.0,1380,25.45,92.2,52.72,High
20,Jowai Plateau Edge,West Jaintia Hills,Meghalaya,2026-09-05 19:57:09,6.82,60.56,0.111,90.55,19.4,88.0,0.09,33.0,1380,25.45,92.2,38.47,Moderate
20,Jowai Plateau Edge,West Jaintia Hills,Meghalaya,2026-09-06 19:57:09,16.16,75.64,0.211,88.04,23.4,86.9,0.07,33.0,1380,25.45,92.2,40.02,Moderate
20,Jowai Plateau Edge,West Jaintia Hills,Meghalaya,2026-09-07 19:57:09,172.31,195.29,0.878,98.0,20.1,99.0,0.21,33.0,1380,25.45,92.2,69.11,High
20,Jowai Plateau Edge,West Jaintia Hills,Meghalaya,2026-09-08 19:57:09,160.8,349.27,0.459,98.0,23.4,96.9,0.17,33.0,1380,25.45,92.2,74.8,High
20,Jowai Plateau Edge,West Jaintia Hills,Meghalaya,2026-09-09 19:57:09,4.63,337.74,0.014,94.16,18.3,97.0,0.02,33.0,1380,25.45,92.2,53.92,High
21,Namchi Helipad Hill,South Sikkim,Sikkim,2026-06-12 19:57:09,19.29,48.23,0.392,32.37,23.2,67.9,0.23,37.5,1315,27.1667,88.35,32.34,Moderate
21,Namchi Helipad Hill,South Sikkim,Sikkim,2026-06-13 19:57:09,2.75,6.88,0.349,29.3,23.3,71.0,0.09,37.5,1315,27.1667,88.35,22.74,Low
21,Namchi Helipad Hill,South Sikkim,Sikkim,2026-06-14 19:57:09,4.37,26.41,0.159,27.51,20.1,72.3,0.13,37.5,1315,27.1667,88.35,21.58,Low
21,Namchi Helipad Hill,South Sikkim,Sikkim,2026-06-15 19:57:09,204.95,212.07,0.962,78.74,20.0,90.6,0.22,37.5,1315,27.1667,88.35,63.44,High
21,Namchi Helipad Hill,South Sikkim,Sikkim,2026-06-16 19:57:09,172.85,382.17,0.451,98.0,22.4,92.7,0.03,37.5,1315,27.1667,88.35,70.99,High
21,Namchi Helipad Hill,South Sikkim,Sikkim,2026-06-17 19:57:09,131.16,508.96,0.257,98.0,22.3,98.9,0.09,37.5,1315,27.1667,88.35,68.18,High
21,Namchi Helipad Hill,South Sikkim,Sikkim,2026-06-18 19:57:09,0.89,304.9,0.003,95.12,20.2,97.0,0.17,37.5,1315,27.1667,88.35,58.32,High
21,Namchi Helipad Hill,South Sikkim,Sikkim,2026-06-19 19:57:09,0.66,132.71,0.005,91.46,21.5,91.0,0.4,37.5,1315,27.1667,88.35,48.96,Moderate
21,Namchi Helipad Hill,South Sikkim,Sikkim,2026-06-20 19:57:09,64.6,66.15,0.962,98.0,19.8,89.5,0.14,37.5,1315,27.1667,88.35,56.49,High
21,Namchi Helipad Hill,South Sikkim,Sikkim,2026-06-21 19:57:09,1.21,66.47,0.018,94.35,21.6,96.0,0.09,37.5,1315,27.1667,88.35,47.79,Moderate
21,Namchi Helipad Hill,South Sikkim,Sikkim,2026-06-22 19:57:09,4.25,70.06,0.06,91.91,19.0,88.8,0.25,37.5,1315,27.1667,88.35,43.74,Moderate
21,Namchi Helipad Hill,South Sikkim,Sikkim,2026-06-23 19:57:09,6.01,11.47,0.482,90.03,24.1,92.6,0.11,37.5,1315,27.1667,88.35,43.33,Moderate
21,Namchi Helipad Hill,South Sikkim,Sikkim,2026-06-24 19:57:09,7.59,17.85,0.403,87.79,23.8,95.4,0.19,37.5,1315,27.1667,88.35,45.68,Moderate
21,Namchi Helipad Hill,South Sikkim,Sikkim,2026-06-25 19:57:09,70.98,84.58,0.829,98.0,18.4,91.8,0.12,37.5,1315,27.1667,88.35,62.9,High
21,Namchi Helipad Hill,South Sikkim,Sikkim,2026-06-26 19:57:09,4.9,83.47,0.058,94.1,18.8,92.0,0.33,37.5,1315,27.1667,88.35,46.21,Moderate
21,Namchi Helipad Hill,South Sikkim,Sikkim,2026-06-27 19:57:09,6.46,82.34,0.077,90.22,19.9,94.4,0.16,37.5,1315,27.1667,88.35,42.63,Moderate
21,Namchi Helipad Hill,South Sikkim,Sikkim,2026-06-28 19:57:09,64.23,75.59,0.839,98.0,18.8,98.9,0.36,37.5,1315,27.1667,88.35,54.52,High
21,Namchi Helipad Hill,South Sikkim,Sikkim,2026-06-29 19:57:09,97.29,167.98,0.576,98.0,22.9,98.7,0.18,37.5,1315,27.1667,88.35,63.18,High
21,Namchi Helipad Hill,South Sikkim,Sikkim,2026-06-30 19:57:09,174.11,335.63,0.517,98.0,23.0,89.4,0.12,37.5,1315,27.1667,88.35,75.68,Critical
21,Namchi Helipad Hill,South Sikkim,Sikkim,2026-07-01 19:57:09,94.37,365.77,0.257,98.0,22.2,94.0,0.12,37.5,1315,27.1667,88.35,66.01,High
21,Namchi Helipad Hill,South Sikkim,Sikkim,2026-07-02 19:57:09,58.29,326.77,0.178,98.0,21.2,90.0,0.36,37.5,1315,27.1667,88.35,64.8,High
21,Namchi Helipad Hill,South Sikkim,Sikkim,2026-07-03 19:57:09,27.69,180.35,0.153,94.03,20.7,96.8,0.19,37.5,1315,27.1667,88.35,54.0,High
21,Namchi Helipad Hill,South Sikkim,Sikkim,2026-07-04 19:57:09,7.01,92.99,0.075,90.8,23.2,94.4,0.04,37.5,1315,27.1667,88.35,45.08,Moderate
21,Namchi Helipad Hill,South Sikkim,Sikkim,2026-07-05 19:57:09,4.83,39.53,0.119,87.8,20.6,94.4,0.33,37.5,1315,27.1667,88.35,39.96,Moderate
21,Namchi Helipad Hill,South Sikkim,Sikkim,2026-07-06 19:57:09,3.37,15.21,0.208,84.71,23.6,87.5,0.11,37.5,1315,27.1667,88.35,38.99,Moderate
21,Namchi Helipad Hill,South Sikkim,Sikkim,2026-07-07 19:57:09,43.01,51.21,0.824,95.46,20.9,96.8,0.03,37.5,1315,27.1667,88.35,55.85,High
21,Namchi Helipad Hill,South Sikkim,Sikkim,2026-07-08 19:57:09,62.39,108.77,0.568,98.0,19.9,94.2,0.27,37.5,1315,27.1667,88.35,55.82,High
21,Namchi Helipad Hill,South Sikkim,Sikkim,2026-07-09 19:57:09,60.76,166.16,0.363,98.0,22.7,94.9,0.15,37.5,1315,27.1667,88.35,62.61,High
21,Namchi Helipad Hill,South Sikkim,Sikkim,2026-07-10 19:57:09,7.4,130.55,0.056,95.54,22.0,94.3,0.38,37.5,1315,27.1667,88.35,50.05,High
21,Namchi Helipad Hill,South Sikkim,Sikkim,2026-07-11 19:57:09,0.94,69.1,0.013,92.13,20.6,94.0,0.17,37.5,1315,27.1667,88.35,44.64,Moderate
21,Namchi Helipad Hill,South Sikkim,Sikkim,2026-07-12 19:57:09,58.38,66.72,0.862,98.0,20.5,97.2,0.23,37.5,1315,27.1667,88.35,60.71,High
21,Namchi Helipad Hill,South Sikkim,Sikkim,2026-07-13 19:57:09,153.19,212.51,0.717,98.0,24.1,97.4,0.31,37.5,1315,27.1667,88.35,74.62,High
21,Namchi Helipad Hill,South Sikkim,Sikkim,2026-07-14 19:57:09,173.67,385.24,0.45,98.0,18.6,95.0,4.07,37.5,1315,27.1667,88.35,89.86,Critical
21,Namchi Helipad Hill,South Sikkim,Sikkim,2026-07-15 19:57:09,93.83,420.69,0.223,98.0,23.9,97.3,0.34,37.5,1315,27.1667,88.35,69.38,High
21,Namchi Helipad Hill,South Sikkim,Sikkim,2026-07-16 19:57:09,63.19,330.69,0.191,98.0,20.5,99.0,0.18,37.5,1315,27.1667,88.35,63.88,High
21,Namchi Helipad Hill,South Sikkim,Sikkim,2026-07-17 19:57:09,39.78,196.8,0.201,98.0,24.4,91.9,0.08,37.5,1315,27.1667,88.35,58.74,High
21,Namchi Helipad Hill,South Sikkim,Sikkim,2026-07-18 19:57:09,4.38,107.35,0.04,95.7,20.8,92.0,0.34,37.5,1315,27.1667,88.35,46.0,Moderate
21,Namchi Helipad Hill,South Sikkim,Sikkim,2026-07-19 19:57:09,2.67,46.83,0.056,92.65,22.9,95.8,0.33,37.5,1315,27.1667,88.35,44.37,Moderate
21,Namchi Helipad Hill,South Sikkim,Sikkim,2026-07-20 19:57:09,56.93,63.98,0.876,98.0,22.3,92.4,0.07,37.5,1315,27.1667,88.35,58.58,High
21,Namchi Helipad Hill,South Sikkim,Sikkim,2026-07-21 19:57:09,27.2,86.8,0.31,94.73,20.5,96.2,0.3,37.5,1315,27.1667,88.35,49.15,Moderate
21,Namchi Helipad Hill,South Sikkim,Sikkim,2026-07-22 19:57:09,2.58,86.71,0.029,92.95,21.9,96.6,0.22,37.5,1315,27.1667,88.35,45.78,Moderate
21,Namchi Helipad Hill,South Sikkim,Sikkim,2026-07-23 19:57:09,4.31,34.09,0.123,90.46,22.6,88.6,0.24,37.5,1315,27.1667,88.35,37.72,Moderate
21,Namchi Helipad Hill,South Sikkim,Sikkim,2026-07-24 19:57:09,3.24,10.13,0.291,88.3,22.7,91.2,0.37,37.5,1315,27.1667,88.35,38.87,Moderate
21,Namchi Helipad Hill,South Sikkim,Sikkim,2026-07-25 19:57:09,72.14,79.69,0.894,98.0,23.3,98.2,0.23,37.5,1315,27.1667,88.35,61.52,High
21,Namchi Helipad Hill,South Sikkim,Sikkim,2026-07-26 19:57:09,74.96,150.34,0.495,98.0,21.1,89.7,0.27,37.5,1315,27.1667,88.35,61.55,High
21,Namchi Helipad Hill,South Sikkim,Sikkim,2026-07-27 19:57:09,118.33,265.43,0.444,98.0,21.4,97.6,0.1,37.5,1315,27.1667,88.35,68.0,High
21,Namchi Helipad Hill,South Sikkim,Sikkim,2026-07-28 19:57:09,111.62,304.91,0.365,98.0,22.3,91.5,2.38,37.5,1315,27.1667,88.35,79.46,Critical
21,Namchi Helipad Hill,South Sikkim,Sikkim,2026-07-29 19:57:09,82.91,312.86,0.264,98.0,22.1,97.7,0.22,37.5,1315,27.1667,88.35,65.26,High
21,Namchi Helipad Hill,South Sikkim,Sikkim,2026-07-30 19:57:09,3.3,197.83,0.017,94.38,21.9,94.3,0.39,37.5,1315,27.1667,88.35,55.09,High
21,Namchi Helipad Hill,South Sikkim,Sikkim,2026-07-31 19:57:09,5.65,91.86,0.061,90.43,23.2,89.3,0.36,37.5,1315,27.1667,88.35,46.65,Moderate
21,Namchi Helipad Hill,South Sikkim,Sikkim,2026-08-01 19:57:09,2.56,11.51,0.205,88.03,24.2,87.2,0.39,37.5,1315,27.1667,88.35,38.53,Moderate
21,Namchi Helipad Hill,South Sikkim,Sikkim,2026-08-02 19:57:09,44.99,53.2,0.83,98.0,19.2,99.1,0.2,37.5,1315,27.1667,88.35,61.01,High
21,Namchi Helipad Hill,South Sikkim,Sikkim,2026-08-03 19:57:09,2.51,50.06,0.049,94.48,22.0,95.3,0.26,37.5,1315,27.1667,88.35,42.1,Moderate
21,Namchi Helipad Hill,South Sikkim,Sikkim,2026-08-04 19:57:09,7.88,55.38,0.14,91.82,21.9,87.7,0.2,37.5,1315,27.1667,88.35,46.78,Moderate
21,Namchi Helipad Hill,South Sikkim,Sikkim,2026-08-05 19:57:09,71.96,82.35,0.863,98.0,19.5,94.9,0.02,37.5,1315,27.1667,88.35,63.43,High
21,Namchi Helipad Hill,South Sikkim,Sikkim,2026-08-06 19:57:09,66.39,146.23,0.451,98.0,19.3,96.1,0.29,37.5,1315,27.1667,88.35,58.0,High
21,Namchi Helipad Hill,South Sikkim,Sikkim,2026-08-07 19:57:09,7.58,145.93,0.052,94.68,22.7,93.0,0.38,37.5,1315,27.1667,88.35,54.12,High
21,Namchi Helipad Hill,South Sikkim,Sikkim,2026-08-08 19:57:09,1.72,75.69,0.022,92.05,21.7,94.0,0.23,37.5,1315,27.1667,88.35,44.4,Moderate
21,Namchi Helipad Hill,South Sikkim,Sikkim,2026-08-09 19:57:09,7.57,16.87,0.424,90.19,21.7,93.4,0.0,37.5,1315,27.1667,88.35,43.55,Moderate
21,Namchi Helipad Hill,South Sikkim,Sikkim,2026-08-10 19:57:09,165.34,174.63,0.941,98.0,22.7,92.9,0.39,37.5,1315,27.1667,88.35,75.14,Critical
21,Namchi Helipad Hill,South Sikkim,Sikkim,2026-08-11 19:57:09,165.94,338.85,0.488,98.0,21.6,96.6,0.1,37.5,1315,27.1667,88.35,75.57,Critical
21,Namchi Helipad Hill,South Sikkim,Sikkim,2026-08-12 19:57:09,164.21,495.49,0.331,98.0,23.0,91.1,0.26,37.5,1315,27.1667,88.35,76.52,Critical
21,Namchi Helipad Hill,South Sikkim,Sikkim,2026-08-13 19:57:09,0.96,331.11,0.003,96.28,24.1,94.4,0.15,37.5,1315,27.1667,88.35,60.23,High
21,Namchi Helipad Hill,South Sikkim,Sikkim,2026-08-14 19:57:09,55.27,220.44,0.25,98.0,19.3,92.7,0.14,37.5,1315,27.1667,88.35,56.24,High
21,Namchi Helipad Hill,South Sikkim,Sikkim,2026-08-15 19:57:09,7.03,63.26,0.109,95.25,19.5,92.4,0.39,37.5,1315,27.1667,88.35,50.02,High
21,Namchi Helipad Hill,South Sikkim,Sikkim,2026-08-16 19:57:09,2.72,65.02,0.041,91.87,21.6,87.4,0.39,37.5,1315,27.1667,88.35,40.54,Moderate
21,Namchi Helipad Hill,South Sikkim,Sikkim,2026-08-17 19:57:09,34.25,44.0,0.761,98.0,19.4,98.9,0.0,37.5,1315,27.1667,88.35,56.8,High
21,Namchi Helipad Hill,South Sikkim,Sikkim,2026-08-18 19:57:09,11.8,48.77,0.237,94.24,21.8,96.6,0.08,37.5,1315,27.1667,88.35,48.47,Moderate
21,Namchi Helipad Hill,South Sikkim,Sikkim,2026-08-19 19:57:09,1.45,47.5,0.03,92.19,20.5,96.0,0.24,37.5,1315,27.1667,88.35,40.94,Moderate
21,Namchi Helipad Hill,South Sikkim,Sikkim,2026-08-20 19:57:09,7.13,20.38,0.334,88.93,23.7,87.9,0.33,37.5,1315,27.1667,88.35,40.71,Moderate
21,Namchi Helipad Hill,South Sikkim,Sikkim,2026-08-21 19:57:09,12.52,21.1,0.567,86.08,24.2,94.5,0.12,37.5,1315,27.1667,88.35,40.32,Moderate
21,Namchi Helipad Hill,South Sikkim,Sikkim,2026-08-22 19:57:09,32.69,52.34,0.613,94.25,19.5,93.2,0.2,37.5,1315,27.1667,88.35,50.63,High
21,Namchi Helipad Hill,South Sikkim,Sikkim,2026-08-23 19:57:09,7.98,53.19,0.147,90.45,24.1,95.9,0.16,37.5,1315,27.1667,88.35,42.9,Moderate
21,Namchi Helipad Hill,South Sikkim,Sikkim,2026-08-24 19:57:09,142.71,183.38,0.774,98.0,19.1,94.8,0.15,37.5,1315,27.1667,88.35,74.2,High
21,Namchi Helipad Hill,South Sikkim,Sikkim,2026-08-25 19:57:09,113.52,264.21,0.428,98.0,23.3,91.2,0.14,37.5,1315,27.1667,88.35,73.18,High
21,Namchi Helipad Hill,South Sikkim,Sikkim,2026-08-26 19:57:09,208.33,464.56,0.447,98.0,24.0,97.4,0.28,37.5,1315,27.1667,88.35,79.16,Critical
21,Namchi Helipad Hill,South Sikkim,Sikkim,2026-08-27 19:57:09,0.79,322.64,0.002,95.2,22.4,91.5,0.23,37.5,1315,27.1667,88.35,56.34,High
21,Namchi Helipad Hill,South Sikkim,Sikkim,2026-08-28 19:57:09,3.15,212.27,0.015,92.33,19.6,90.5,0.08,37.5,1315,27.1667,88.35,51.48,High
21,Namchi Helipad Hill,South Sikkim,Sikkim,2026-08-29 19:57:09,3.41,7.35,0.408,89.75,18.9,86.6,0.22,37.5,1315,27.1667,88.35,37.51,Moderate
21,Namchi Helipad Hill,South Sikkim,Sikkim,2026-08-30 19:57:09,2.45,9.01,0.245,85.77,23.0,92.7,0.21,37.5,1315,27.1667,88.35,36.72,Moderate
21,Namchi Helipad Hill,South Sikkim,Sikkim,2026-08-31 19:57:09,71.54,77.4,0.913,98.0,20.3,95.2,0.22,37.5,1315,27.1667,88.35,63.7,High
21,Namchi Helipad Hill,South Sikkim,Sikkim,2026-09-01 19:57:09,5.91,79.9,0.073,95.16,18.7,91.3,0.39,37.5,1315,27.1667,88.35,51.47,High
21,Namchi Helipad Hill,South Sikkim,Sikkim,2026-09-02 19:57:09,63.65,141.1,0.448,98.0,23.7,96.7,0.07,37.5,1315,27.1667,88.35,55.82,High
21,Namchi Helipad Hill,South Sikkim,Sikkim,2026-09-03 19:57:09,55.45,125.01,0.44,98.0,23.9,90.3,0.36,37.5,1315,27.1667,88.35,56.02,High
21,Namchi Helipad Hill,South Sikkim,Sikkim,2026-09-04 19:57:09,0.58,119.68,0.005,95.99,19.7,95.0,4.01,37.5,1315,27.1667,88.35,60.89,High
21,Namchi Helipad Hill,South Sikkim,Sikkim,2026-09-05 19:57:09,54.81,110.84,0.49,98.0,24.0,89.3,0.33,37.5,1315,27.1667,88.35,57.89,High
21,Namchi Helipad Hill,South Sikkim,Sikkim,2026-09-06 19:57:09,7.88,63.27,0.123,94.03,23.4,91.6,0.02,37.5,1315,27.1667,88.35,43.83,Moderate
21,Namchi Helipad Hill,South Sikkim,Sikkim,2026-09-07 19:57:09,99.83,162.52,0.611,98.0,19.9,96.0,0.17,37.5,1315,27.1667,88.35,66.36,High
21,Namchi Helipad Hill,South Sikkim,Sikkim,2026-09-08 19:57:09,159.88,267.59,0.595,98.0,23.6,95.6,0.35,37.5,1315,27.1667,88.35,74.43,High
21,Namchi Helipad Hill,South Sikkim,Sikkim,2026-09-09 19:57:09,183.13,442.84,0.413,98.0,20.1,96.2,0.17,37.5,1315,27.1667,88.35,75.18,Critical
22,Bomdila Pass,West Kameng,Arunachal Pradesh,2026-06-12 19:57:09,6.53,16.33,0.377,32.84,17.5,72.8,0.28,43.2,2217,27.25,92.4,32.74,Moderate
22,Bomdila Pass,West Kameng,Arunachal Pradesh,2026-06-13 19:57:09,5.3,13.26,0.372,30.78,17.7,66.9,0.2,43.2,2217,27.25,92.4,30.69,Moderate
22,Bomdila Pass,West Kameng,Arunachal Pradesh,2026-06-14 19:57:09,31.28,43.11,0.709,38.6,19.6,71.1,0.37,43.2,2217,27.25,92.4,38.45,Moderate
22,Bomdila Pass,West Kameng,Arunachal Pradesh,2026-06-15 19:57:09,4.29,40.87,0.102,36.39,17.3,68.8,0.33,43.2,2217,27.25,92.4,31.94,Moderate
22,Bomdila Pass,West Kameng,Arunachal Pradesh,2026-06-16 19:57:09,7.6,43.17,0.172,33.51,16.9,68.0,0.19,43.2,2217,27.25,92.4,31.83,Moderate
22,Bomdila Pass,West Kameng,Arunachal Pradesh,2026-06-17 19:57:09,24.86,36.75,0.659,29.92,15.0,73.1,0.1,43.2,2217,27.25,92.4,35.55,Moderate
22,Bomdila Pass,West Kameng,Arunachal Pradesh,2026-06-18 19:57:09,3.5,35.96,0.095,28.07,17.5,65.2,0.31,43.2,2217,27.25,92.4,30.04,Moderate
22,Bomdila Pass,West Kameng,Arunachal Pradesh,2026-06-19 19:57:09,106.46,134.82,0.784,54.68,15.2,77.3,0.38,43.2,2217,27.25,92.4,59.95,High
22,Bomdila Pass,West Kameng,Arunachal Pradesh,2026-06-20 19:57:09,127.79,237.75,0.535,86.63,19.6,94.5,0.08,43.2,2217,27.25,92.4,73.44,High
22,Bomdila Pass,West Kameng,Arunachal Pradesh,2026-06-21 19:57:09,3.13,237.38,0.013,84.74,15.7,85.3,0.08,43.2,2217,27.25,92.4,55.6,High
22,Bomdila Pass,West Kameng,Arunachal Pradesh,2026-06-22 19:57:09,3.51,134.43,0.026,81.07,14.3,85.8,0.22,43.2,2217,27.25,92.4,51.48,High
22,Bomdila Pass,West Kameng,Arunachal Pradesh,2026-06-23 19:57:09,72.67,79.31,0.905,98.0,14.3,96.1,0.21,43.2,2217,27.25,92.4,67.26,High
22,Bomdila Pass,West Kameng,Arunachal Pradesh,2026-06-24 19:57:09,1.36,77.54,0.017,94.17,16.1,89.4,0.09,43.2,2217,27.25,92.4,55.64,High
22,Bomdila Pass,West Kameng,Arunachal Pradesh,2026-06-25 19:57:09,4.5,78.53,0.057,90.63,18.5,87.9,0.25,43.2,2217,27.25,92.4,52.38,High
22,Bomdila Pass,West Kameng,Arunachal Pradesh,2026-06-26 19:57:09,0.59,6.45,0.079,87.51,19.4,95.0,0.11,43.2,2217,27.25,92.4,45.56,Moderate
22,Bomdila Pass,West Kameng,Arunachal Pradesh,2026-06-27 19:57:09,3.6,8.69,0.371,84.14,18.0,90.6,0.4,43.2,2217,27.25,92.4,46.86,Moderate
22,Bomdila Pass,West Kameng,Arunachal Pradesh,2026-06-28 19:57:09,7.36,11.55,0.586,82.26,17.1,87.4,0.25,43.2,2217,27.25,92.4,43.46,Moderate
22,Bomdila Pass,West Kameng,Arunachal Pradesh,2026-06-29 19:57:09,72.88,83.84,0.859,98.0,19.9,98.1,0.01,43.2,2217,27.25,92.4,64.92,High
22,Bomdila Pass,West Kameng,Arunachal Pradesh,2026-06-30 19:57:09,1.15,81.39,0.014,95.35,18.2,93.8,0.16,43.2,2217,27.25,92.4,50.56,High
22,Bomdila Pass,West Kameng,Arunachal Pradesh,2026-07-01 19:57:09,2.82,76.85,0.036,91.5,16.4,91.2,0.18,43.2,2217,27.25,92.4,51.91,High
22,Bomdila Pass,West Kameng,Arunachal Pradesh,2026-07-02 19:57:09,2.91,6.88,0.369,89.18,16.3,93.4,0.09,43.2,2217,27.25,92.4,51.88,High
22,Bomdila Pass,West Kameng,Arunachal Pradesh,2026-07-03 19:57:09,22.65,28.38,0.771,85.5,17.9,91.1,0.22,43.2,2217,27.25,92.4,58.59,High
22,Bomdila Pass,West Kameng,Arunachal Pradesh,2026-07-04 19:57:09,3.27,28.83,0.109,82.39,15.2,85.2,0.26,43.2,2217,27.25,92.4,46.64,Moderate
22,Bomdila Pass,West Kameng,Arunachal Pradesh,2026-07-05 19:57:09,6.66,32.58,0.198,78.95,17.7,83.1,0.22,43.2,2217,27.25,92.4,45.32,Moderate
22,Bomdila Pass,West Kameng,Arunachal Pradesh,2026-07-06 19:57:09,34.98,44.91,0.762,87.69,17.0,87.5,0.28,43.2,2217,27.25,92.4,51.56,High
22,Bomdila Pass,West Kameng,Arunachal Pradesh,2026-07-07 19:57:09,5.34,46.98,0.111,85.51,18.4,90.6,0.16,43.2,2217,27.25,92.4,46.09,Moderate
22,Bomdila Pass,West Kameng,Arunachal Pradesh,2026-07-08 19:57:09,1.58,41.9,0.037,82.98,16.7,92.7,0.37,43.2,2217,27.25,92.4,43.96,Moderate
22,Bomdila Pass,West Kameng,Arunachal Pradesh,2026-07-09 19:57:09,124.27,131.19,0.94,98.0,19.5,95.4,0.35,43.2,2217,27.25,92.4,74.81,High
22,Bomdila Pass,West Kameng,Arunachal Pradesh,2026-07-10 19:57:09,174.67,300.52,0.579,98.0,18.6,90.2,3.87,43.2,2217,27.25,92.4,94.46,Critical
22,Bomdila Pass,West Kameng,Arunachal Pradesh,2026-07-11 19:57:09,65.42,364.36,0.179,98.0,15.8,98.3,0.06,43.2,2217,27.25,92.4,71.05,High
22,Bomdila Pass,West Kameng,Arunachal Pradesh,2026-07-12 19:57:09,64.64,304.73,0.211,98.0,16.1,98.4,0.33,43.2,2217,27.25,92.4,67.47,High
22,Bomdila Pass,West Kameng,Arunachal Pradesh,2026-07-13 19:57:09,5.63,135.69,0.041,95.78,14.5,94.1,0.06,43.2,2217,27.25,92.4,58.73,High
22,Bomdila Pass,West Kameng,Arunachal Pradesh,2026-07-14 19:57:09,4.26,74.53,0.056,92.73,14.9,93.0,0.39,43.2,2217,27.25,92.4,49.77,Moderate
22,Bomdila Pass,West Kameng,Arunachal Pradesh,2026-07-15 19:57:09,7.23,17.12,0.399,88.79,17.9,87.5,0.3,43.2,2217,27.25,92.4,49.41,Moderate
22,Bomdila Pass,West Kameng,Arunachal Pradesh,2026-07-16 19:57:09,34.76,46.25,0.736,97.48,16.2,90.8,3.45,43.2,2217,27.25,92.4,75.34,Critical
22,Bomdila Pass,West Kameng,Arunachal Pradesh,2026-07-17 19:57:09,7.45,49.44,0.148,94.52,15.0,97.0,0.38,43.2,2217,27.25,92.4,50.11,High
22,Bomdila Pass,West Kameng,Arunachal Pradesh,2026-07-18 19:57:09,7.08,49.29,0.141,90.55,19.2,87.4,0.12,43.2,2217,27.25,92.4,43.76,Moderate
22,Bomdila Pass,West Kameng,Arunachal Pradesh,2026-07-19 19:57:09,1.2,15.73,0.071,86.57,18.7,92.0,0.13,43.2,2217,27.25,92.4,45.22,Moderate
22,Bomdila Pass,West Kameng,Arunachal Pradesh,2026-07-20 19:57:09,7.59,15.87,0.45,84.86,17.5,92.7,3.94,43.2,2217,27.25,92.4,61.71,High
22,Bomdila Pass,West Kameng,Arunachal Pradesh,2026-07-21 19:57:09,1.35,10.14,0.121,81.23,15.1,86.2,0.37,43.2,2217,27.25,92.4,48.45,Moderate
22,Bomdila Pass,West Kameng,Arunachal Pradesh,2026-07-22 19:57:09,7.25,16.19,0.422,79.6,15.3,85.9,0.17,43.2,2217,27.25,92.4,41.67,Moderate
22,Bomdila Pass,West Kameng,Arunachal Pradesh,2026-07-23 19:57:09,58.75,67.35,0.86,94.29,18.5,92.6,0.22,43.2,2217,27.25,92.4,64.96,High
22,Bomdila Pass,West Kameng,Arunachal Pradesh,2026-07-24 19:57:09,73.59,139.59,0.523,98.0,17.7,96.6,2.71,43.2,2217,27.25,92.4,72.76,High
22,Bomdila Pass,West Kameng,Arunachal Pradesh,2026-07-25 19:57:09,3.04,135.38,0.022,96.41,17.9,95.7,0.32,43.2,2217,27.25,92.4,56.9,High
22,Bomdila Pass,West Kameng,Arunachal Pradesh,2026-07-26 19:57:09,6.27,82.9,0.075,93.89,16.0,97.3,0.22,43.2,2217,27.25,92.4,60.06,High
22,Bomdila Pass,West Kameng,Arunachal Pradesh,2026-07-27 19:57:09,2.13,11.44,0.171,90.11,19.4,87.4,0.13,43.2,2217,27.25,92.4,43.73,Moderate
22,Bomdila Pass,West Kameng,Arunachal Pradesh,2026-07-28 19:57:09,0.91,9.31,0.088,86.58,18.8,86.4,0.15,43.2,2217,27.25,92.4,46.24,Moderate
22,Bomdila Pass,West Kameng,Arunachal Pradesh,2026-07-29 19:57:09,101.56,104.6,0.962,98.0,18.7,97.1,0.0,43.2,2217,27.25,92.4,73.84,High
22,Bomdila Pass,West Kameng,Arunachal Pradesh,2026-07-30 19:57:09,81.88,184.35,0.442,98.0,18.8,98.0,0.06,43.2,2217,27.25,92.4,72.23,High
22,Bomdila Pass,West Kameng,Arunachal Pradesh,2026-07-31 19:57:09,6.97,190.41,0.036,95.35,19.2,96.2,0.05,43.2,2217,27.25,92.4,59.75,High
22,Bomdila Pass,West Kameng,Arunachal Pradesh,2026-08-01 19:57:09,1.6,90.45,0.017,91.98,14.4,88.1,0.0,43.2,2217,27.25,92.4,53.01,High
22,Bomdila Pass,West Kameng,Arunachal Pradesh,2026-08-02 19:57:09,1.86,10.43,0.163,90.36,14.4,89.8,0.19,43.2,2217,27.25,92.4,46.61,Moderate
22,Bomdila Pass,West Kameng,Arunachal Pradesh,2026-08-03 19:57:09,74.22,77.68,0.943,98.0,17.5,91.2,0.27,43.2,2217,27.25,92.4,69.29,High
22,Bomdila Pass,West Kameng,Arunachal Pradesh,2026-08-04 19:57:09,0.49,76.57,0.006,96.04,14.0,90.4,0.06,43.2,2217,27.25,92.4,52.67,High
22,Bomdila Pass,West Kameng,Arunachal Pradesh,2026-08-05 19:57:09,7.78,82.49,0.093,92.79,18.1,88.2,0.13,43.2,2217,27.25,92.4,54.49,High
22,Bomdila Pass,West Kameng,Arunachal Pradesh,2026-08-06 19:57:09,1.3,9.57,0.123,89.7,17.5,92.4,0.11,43.2,2217,27.25,92.4,46.18,Moderate
22,Bomdila Pass,West Kameng,Arunachal Pradesh,2026-08-07 19:57:09,6.6,15.68,0.396,86.36,17.1,91.8,0.1,43.2,2217,27.25,92.4,48.25,Moderate
22,Bomdila Pass,West Kameng,Arunachal Pradesh,2026-08-08 19:57:09,0.52,8.42,0.055,84.7,16.0,92.0,0.33,43.2,2217,27.25,92.4,44.79,Moderate
22,Bomdila Pass,West Kameng,Arunachal Pradesh,2026-08-09 19:57:09,59.69,66.81,0.88,98.0,18.2,89.4,0.04,43.2,2217,27.25,92.4,68.6,High
22,Bomdila Pass,West Kameng,Arunachal Pradesh,2026-08-10 19:57:09,7.33,67.54,0.107,95.6,18.0,95.2,0.1,43.2,2217,27.25,92.4,53.43,High
22,Bomdila Pass,West Kameng,Arunachal Pradesh,2026-08-11 19:57:09,3.61,70.63,0.05,92.24,16.8,92.3,0.13,43.2,2217,27.25,92.4,47.21,Moderate
22,Bomdila Pass,West Kameng,Arunachal Pradesh,2026-08-12 19:57:09,1.52,12.46,0.113,89.27,14.2,89.8,0.18,43.2,2217,27.25,92.4,50.28,High
22,Bomdila Pass,West Kameng,Arunachal Pradesh,2026-08-13 19:57:09,6.77,11.9,0.525,85.34,16.7,93.9,0.06,43.2,2217,27.25,92.4,45.67,Moderate
22,Bomdila Pass,West Kameng,Arunachal Pradesh,2026-08-14 19:57:09,3.36,11.65,0.265,83.78,14.8,87.5,0.25,43.2,2217,27.25,92.4,43.16,Moderate
22,Bomdila Pass,West Kameng,Arunachal Pradesh,2026-08-15 19:57:09,0.11,10.24,0.01,80.3,17.9,84.8,0.07,43.2,2217,27.25,92.4,41.25,Moderate
22,Bomdila Pass,West Kameng,Arunachal Pradesh,2026-08-16 19:57:09,35.43,38.9,0.888,89.16,14.8,89.6,2.74,43.2,2217,27.25,92.4,67.79,High
22,Bomdila Pass,West Kameng,Arunachal Pradesh,2026-08-17 19:57:09,7.64,43.18,0.173,86.29,15.3,90.1,0.17,43.2,2217,27.25,92.4,42.52,Moderate
22,Bomdila Pass,West Kameng,Arunachal Pradesh,2026-08-18 19:57:09,212.63,255.7,0.828,98.0,14.9,99.0,0.38,43.2,2217,27.25,92.4,91.93,Critical
22,Bomdila Pass,West Kameng,Arunachal Pradesh,2026-08-19 19:57:09,89.37,309.64,0.288,98.0,15.9,94.1,0.09,43.2,2217,27.25,92.4,77.28,Critical
22,Bomdila Pass,West Kameng,Arunachal Pradesh,2026-08-20 19:57:09,6.43,308.43,0.021,95.46,14.0,91.5,0.25,43.2,2217,27.25,92.4,65.71,High
22,Bomdila Pass,West Kameng,Arunachal Pradesh,2026-08-21 19:57:09,3.43,99.23,0.034,93.65,14.7,90.6,0.32,43.2,2217,27.25,92.4,53.84,High
22,Bomdila Pass,West Kameng,Arunachal Pradesh,2026-08-22 19:57:09,2.96,12.82,0.214,89.73,14.3,90.9,0.08,43.2,2217,27.25,92.4,48.13,Moderate
22,Bomdila Pass,West Kameng,Arunachal Pradesh,2026-08-23 19:57:09,1.87,8.26,0.202,86.05,15.8,94.3,0.31,43.2,2217,27.25,92.4,46.88,Moderate
22,Bomdila Pass,West Kameng,Arunachal Pradesh,2026-08-24 19:57:09,4.62,9.45,0.442,83.72,15.1,85.6,0.25,43.2,2217,27.25,92.4,47.82,Moderate
22,Bomdila Pass,West Kameng,Arunachal Pradesh,2026-08-25 19:57:09,1.83,8.32,0.196,80.74,15.3,91.5,0.19,43.2,2217,27.25,92.4,44.48,Moderate
22,Bomdila Pass,West Kameng,Arunachal Pradesh,2026-08-26 19:57:09,43.21,49.66,0.853,91.54,14.5,94.5,0.03,43.2,2217,27.25,92.4,59.9,High
22,Bomdila Pass,West Kameng,Arunachal Pradesh,2026-08-27 19:57:09,4.82,49.86,0.095,87.81,19.7,88.4,0.31,43.2,2217,27.25,92.4,48.28,Moderate
22,Bomdila Pass,West Kameng,Arunachal Pradesh,2026-08-28 19:57:09,2.21,50.24,0.043,85.96,19.0,85.7,0.25,43.2,2217,27.25,92.4,47.22,Moderate
22,Bomdila Pass,West Kameng,Arunachal Pradesh,2026-08-29 19:57:09,6.6,13.63,0.451,83.25,14.8,86.9,0.39,43.2,2217,27.25,92.4,46.19,Moderate
22,Bomdila Pass,West Kameng,Arunachal Pradesh,2026-08-30 19:57:09,4.29,13.1,0.304,79.69,17.8,92.5,0.05,43.2,2217,27.25,92.4,45.9,Moderate
22,Bomdila Pass,West Kameng,Arunachal Pradesh,2026-08-31 19:57:09,5.88,16.77,0.331,77.7,18.7,85.0,0.17,43.2,2217,27.25,92.4,44.43,Moderate
22,Bomdila Pass,West Kameng,Arunachal Pradesh,2026-09-01 19:57:09,0.09,10.26,0.008,75.55,14.8,81.7,0.3,43.2,2217,27.25,92.4,33.66,Moderate
22,Bomdila Pass,West Kameng,Arunachal Pradesh,2026-09-02 19:57:09,40.22,46.19,0.852,85.61,19.4,86.4,0.22,43.2,2217,27.25,92.4,58.16,High
22,Bomdila Pass,West Kameng,Arunachal Pradesh,2026-09-03 19:57:09,6.07,46.38,0.128,83.84,15.6,87.1,0.18,43.2,2217,27.25,92.4,47.24,Moderate
22,Bomdila Pass,West Kameng,Arunachal Pradesh,2026-09-04 19:57:09,18.35,64.64,0.28,79.95,14.7,91.7,0.15,43.2,2217,27.25,92.4,47.14,Moderate
22,Bomdila Pass,West Kameng,Arunachal Pradesh,2026-09-05 19:57:09,5.76,30.18,0.185,77.07,17.7,88.4,0.13,43.2,2217,27.25,92.4,42.04,Moderate
22,Bomdila Pass,West Kameng,Arunachal Pradesh,2026-09-06 19:57:09,0.28,24.39,0.011,74.86,17.3,86.9,0.02,43.2,2217,27.25,92.4,44.04,Moderate
22,Bomdila Pass,West Kameng,Arunachal Pradesh,2026-09-07 19:57:09,180.42,186.46,0.962,98.0,14.7,89.9,0.06,43.2,2217,27.25,92.4,84.0,Critical
22,Bomdila Pass,West Kameng,Arunachal Pradesh,2026-09-08 19:57:09,153.19,333.89,0.457,98.0,19.6,91.7,0.39,43.2,2217,27.25,92.4,80.67,Critical
22,Bomdila Pass,West Kameng,Arunachal Pradesh,2026-09-09 19:57:09,3.3,336.91,0.01,94.62,16.9,93.6,0.26,43.2,2217,27.25,92.4,65.44,High
23,Champhai Border Ridge,Champhai,Mizoram,2026-06-12 19:57:09,63.48,158.71,0.397,53.79,21.5,78.3,0.36,35.0,1678,23.47,93.32,38.12,Moderate
23,Champhai Border Ridge,Champhai,Mizoram,2026-06-13 19:57:09,1.91,4.79,0.331,50.68,20.0,73.3,0.09,35.0,1678,23.47,93.32,21.52,Low
23,Champhai Border Ridge,Champhai,Mizoram,2026-06-14 19:57:09,24.24,89.63,0.267,48.6,17.5,80.7,0.13,35.0,1678,23.47,93.32,29.1,Moderate
23,Champhai Border Ridge,Champhai,Mizoram,2026-06-15 19:57:09,5.36,31.51,0.165,47.05,21.2,76.4,0.28,35.0,1678,23.47,93.32,27.83,Moderate
23,Champhai Border Ridge,Champhai,Mizoram,2026-06-16 19:57:09,0.32,29.92,0.01,44.08,17.9,76.3,3.48,35.0,1678,23.47,93.32,36.35,Moderate
23,Champhai Border Ridge,Champhai,Mizoram,2026-06-17 19:57:09,2.94,8.62,0.306,40.33,17.6,71.2,0.37,35.0,1678,23.47,93.32,24.38,Low
23,Champhai Border Ridge,Champhai,Mizoram,2026-06-18 19:57:09,2.25,5.51,0.346,37.44,19.7,69.7,0.24,35.0,1678,23.47,93.32,24.41,Low
23,Champhai Border Ridge,Champhai,Mizoram,2026-06-19 19:57:09,126.83,132.02,0.953,69.15,18.6,81.8,0.11,35.0,1678,23.47,93.32,56.84,High
23,Champhai Border Ridge,Champhai,Mizoram,2026-06-20 19:57:09,84.03,213.11,0.392,90.15,20.2,93.1,0.16,35.0,1678,23.47,93.32,56.96,High
23,Champhai Border Ridge,Champhai,Mizoram,2026-06-21 19:57:09,12.71,223.57,0.057,86.64,21.1,94.1,0.23,35.0,1678,23.47,93.32,50.51,High
23,Champhai Border Ridge,Champhai,Mizoram,2026-06-22 19:57:09,6.66,103.4,0.064,83.46,21.9,92.4,0.02,35.0,1678,23.47,93.32,43.22,Moderate
23,Champhai Border Ridge,Champhai,Mizoram,2026-06-23 19:57:09,4.53,23.9,0.182,79.75,18.1,88.0,0.09,35.0,1678,23.47,93.32,37.35,Moderate
23,Champhai Border Ridge,Champhai,Mizoram,2026-06-24 19:57:09,31.71,42.9,0.722,87.67,19.6,92.9,0.18,35.0,1678,23.47,93.32,49.92,Moderate
23,Champhai Border Ridge,Champhai,Mizoram,2026-06-25 19:57:09,6.03,42.27,0.139,83.87,19.5,90.3,0.27,35.0,1678,23.47,93.32,40.26,Moderate
23,Champhai Border Ridge,Champhai,Mizoram,2026-06-26 19:57:09,0.62,38.36,0.016,82.1,16.6,84.0,0.0,35.0,1678,23.47,93.32,37.64,Moderate
23,Champhai Border Ridge,Champhai,Mizoram,2026-06-27 19:57:09,0.0,6.65,0.0,79.49,21.0,92.4,0.15,35.0,1678,23.47,93.32,36.77,Moderate
23,Champhai Border Ridge,Champhai,Mizoram,2026-06-28 19:57:09,7.77,8.39,0.827,76.13,18.8,84.4,0.12,35.0,1678,23.47,93.32,38.77,Moderate
23,Champhai Border Ridge,Champhai,Mizoram,2026-06-29 19:57:09,17.8,25.57,0.67,74.28,19.4,90.3,0.37,35.0,1678,23.47,93.32,36.47,Moderate
23,Champhai Border Ridge,Champhai,Mizoram,2026-06-30 19:57:09,51.39,76.96,0.659,87.13,22.3,93.4,0.37,35.0,1678,23.47,93.32,49.55,Moderate
23,Champhai Border Ridge,Champhai,Mizoram,2026-07-01 19:57:09,17.32,86.51,0.198,83.81,19.3,93.2,0.11,35.0,1678,23.47,93.32,39.79,Moderate
23,Champhai Border Ridge,Champhai,Mizoram,2026-07-02 19:57:09,46.61,115.32,0.401,95.47,17.0,95.3,0.16,35.0,1678,23.47,93.32,51.0,High
23,Champhai Border Ridge,Champhai,Mizoram,2026-07-03 19:57:09,0.3,64.23,0.005,92.89,19.4,89.3,3.95,35.0,1678,23.47,93.32,54.49,High
23,Champhai Border Ridge,Champhai,Mizoram,2026-07-04 19:57:09,7.68,54.59,0.138,89.19,20.9,93.4,0.11,35.0,1678,23.47,93.32,39.59,Moderate
23,Champhai Border Ridge,Champhai,Mizoram,2026-07-05 19:57:09,7.71,15.69,0.462,87.22,20.7,93.6,0.02,35.0,1678,23.47,93.32,39.5,Moderate
23,Champhai Border Ridge,Champhai,Mizoram,2026-07-06 19:57:09,6.86,22.25,0.295,84.33,20.8,92.4,0.3,35.0,1678,23.47,93.32,33.08,Moderate
23,Champhai Border Ridge,Champhai,Mizoram,2026-07-07 19:57:09,0.71,15.28,0.043,81.91,21.5,89.1,0.36,35.0,1678,23.47,93.32,36.39,Moderate
23,Champhai Border Ridge,Champhai,Mizoram,2026-07-08 19:57:09,4.33,11.9,0.335,79.61,20.4,86.9,0.15,35.0,1678,23.47,93.32,35.19,Moderate
23,Champhai Border Ridge,Champhai,Mizoram,2026-07-09 19:57:09,217.69,222.73,0.973,98.0,21.2,90.8,0.36,35.0,1678,23.47,93.32,73.64,High
23,Champhai Border Ridge,Champhai,Mizoram,2026-07-10 19:57:09,174.6,396.62,0.439,98.0,19.1,98.9,0.1,35.0,1678,23.47,93.32,75.58,Critical
23,Champhai Border Ridge,Champhai,Mizoram,2026-07-11 19:57:09,70.11,462.4,0.151,98.0,20.5,93.8,0.27,35.0,1678,23.47,93.32,67.06,High
23,Champhai Border Ridge,Champhai,Mizoram,2026-07-12 19:57:09,2.75,247.46,0.011,94.2,22.5,89.4,0.25,35.0,1678,23.47,93.32,49.32,Moderate
23,Champhai Border Ridge,Champhai,Mizoram,2026-07-13 19:57:09,6.81,79.67,0.084,91.27,22.5,94.9,0.16,35.0,1678,23.47,93.32,41.89,Moderate
23,Champhai Border Ridge,Champhai,Mizoram,2026-07-14 19:57:09,7.05,16.61,0.4,87.29,19.9,90.7,0.1,35.0,1678,23.47,93.32,37.78,Moderate
23,Champhai Border Ridge,Champhai,Mizoram,2026-07-15 19:57:09,7.54,21.4,0.337,83.94,20.7,92.3,0.13,35.0,1678,23.47,93.32,35.51,Moderate
23,Champhai Border Ridge,Champhai,Mizoram,2026-07-16 19:57:09,2.99,17.58,0.161,80.1,19.7,91.2,0.14,35.0,1678,23.47,93.32,37.26,Moderate
23,Champhai Border Ridge,Champhai,Mizoram,2026-07-17 19:57:09,6.01,16.54,0.343,78.34,20.5,87.0,0.36,35.0,1678,23.47,93.32,34.89,Moderate
23,Champhai Border Ridge,Champhai,Mizoram,2026-07-18 19:57:09,10.04,19.04,0.501,74.85,19.6,82.3,0.03,35.0,1678,23.47,93.32,35.11,Moderate
23,Champhai Border Ridge,Champhai,Mizoram,2026-07-19 19:57:09,1.93,17.98,0.102,72.34,21.6,85.7,0.33,35.0,1678,23.47,93.32,27.21,Moderate
23,Champhai Border Ridge,Champhai,Mizoram,2026-07-20 19:57:09,12.02,23.99,0.481,70.53,17.7,87.4,0.1,35.0,1678,23.47,93.32,36.03,Moderate
23,Champhai Border Ridge,Champhai,Mizoram,2026-07-21 19:57:09,3.38,17.33,0.184,68.14,19.0,85.8,0.16,35.0,1678,23.47,93.32,27.54,Moderate
23,Champhai Border Ridge,Champhai,Mizoram,2026-07-22 19:57:09,37.85,53.25,0.698,77.6,20.1,86.9,0.02,35.0,1678,23.47,93.32,43.48,Moderate
23,Champhai Border Ridge,Champhai,Mizoram,2026-07-23 19:57:09,0.25,41.48,0.006,75.3,16.8,88.4,0.15,35.0,1678,23.47,93.32,34.86,Moderate
23,Champhai Border Ridge,Champhai,Mizoram,2026-07-24 19:57:09,0.78,38.88,0.02,72.08,20.3,83.7,0.2,35.0,1678,23.47,93.32,36.31,Moderate
23,Champhai Border Ridge,Champhai,Mizoram,2026-07-25 19:57:09,12.51,13.54,0.86,69.36,22.0,84.0,0.03,35.0,1678,23.47,93.32,34.03,Moderate
23,Champhai Border Ridge,Champhai,Mizoram,2026-07-26 19:57:09,5.72,19.01,0.286,65.56,19.3,85.4,0.39,35.0,1678,23.47,93.32,22.8,Low
23,Champhai Border Ridge,Champhai,Mizoram,2026-07-27 19:57:09,30.14,48.37,0.61,73.09,21.3,89.1,0.16,35.0,1678,23.47,93.32,40.22,Moderate
23,Champhai Border Ridge,Champhai,Mizoram,2026-07-28 19:57:09,18.34,54.2,0.332,69.44,21.3,88.7,0.2,35.0,1678,23.47,93.32,39.29,Moderate
23,Champhai Border Ridge,Champhai,Mizoram,2026-07-29 19:57:09,144.85,193.33,0.745,98.0,20.8,93.2,0.26,35.0,1678,23.47,93.32,74.39,High
23,Champhai Border Ridge,Champhai,Mizoram,2026-07-30 19:57:09,86.82,250.01,0.346,98.0,20.1,96.3,0.36,35.0,1678,23.47,93.32,64.99,High
23,Champhai Border Ridge,Champhai,Mizoram,2026-07-31 19:57:09,1.3,232.97,0.006,95.77,18.6,89.6,0.33,35.0,1678,23.47,93.32,52.15,High
23,Champhai Border Ridge,Champhai,Mizoram,2026-08-01 19:57:09,41.61,129.73,0.318,98.0,16.6,97.1,0.36,35.0,1678,23.47,93.32,55.67,High
23,Champhai Border Ridge,Champhai,Mizoram,2026-08-02 19:57:09,0.35,43.26,0.008,96.04,18.7,95.4,0.09,35.0,1678,23.47,93.32,41.26,Moderate
23,Champhai Border Ridge,Champhai,Mizoram,2026-08-03 19:57:09,5.61,47.57,0.115,92.26,17.2,88.7,0.38,35.0,1678,23.47,93.32,44.01,Moderate
23,Champhai Border Ridge,Champhai,Mizoram,2026-08-04 19:57:09,3.5,9.46,0.335,89.85,20.8,86.7,0.28,35.0,1678,23.47,93.32,41.0,Moderate
23,Champhai Border Ridge,Champhai,Mizoram,2026-08-05 19:57:09,0.85,9.96,0.078,87.16,18.3,91.1,0.03,35.0,1678,23.47,93.32,40.3,Moderate
23,Champhai Border Ridge,Champhai,Mizoram,2026-08-06 19:57:09,7.59,11.94,0.587,84.77,19.0,93.9,0.35,35.0,1678,23.47,93.32,47.4,Moderate
23,Champhai Border Ridge,Champhai,Mizoram,2026-08-07 19:57:09,20.53,28.97,0.685,81.84,20.6,88.1,0.15,35.0,1678,23.47,93.32,43.09,Moderate
23,Champhai Border Ridge,Champhai,Mizoram,2026-08-08 19:57:09,0.53,28.65,0.018,78.37,17.7,86.6,0.09,35.0,1678,23.47,93.32,33.46,Moderate
23,Champhai Border Ridge,Champhai,Mizoram,2026-08-09 19:57:09,18.66,39.72,0.458,75.11,16.7,81.9,0.05,35.0,1678,23.47,93.32,37.29,Moderate
23,Champhai Border Ridge,Champhai,Mizoram,2026-08-10 19:57:09,4.68,23.87,0.188,73.59,21.9,82.1,0.34,35.0,1678,23.47,93.32,28.85,Moderate
23,Champhai Border Ridge,Champhai,Mizoram,2026-08-11 19:57:09,1.51,24.85,0.058,70.91,19.5,80.8,0.25,35.0,1678,23.47,93.32,30.16,Moderate
23,Champhai Border Ridge,Champhai,Mizoram,2026-08-12 19:57:09,6.43,12.62,0.472,69.04,17.4,84.3,0.03,35.0,1678,23.47,93.32,31.63,Moderate
23,Champhai Border Ridge,Champhai,Mizoram,2026-08-13 19:57:09,7.9,15.84,0.469,66.12,18.1,85.7,0.14,35.0,1678,23.47,93.32,30.69,Moderate
23,Champhai Border Ridge,Champhai,Mizoram,2026-08-14 19:57:09,27.06,41.39,0.638,64.48,19.2,86.3,0.01,35.0,1678,23.47,93.32,36.64,Moderate
23,Champhai Border Ridge,Champhai,Mizoram,2026-08-15 19:57:09,7.45,42.41,0.172,62.0,20.2,85.4,0.05,35.0,1678,23.47,93.32,28.14,Moderate
23,Champhai Border Ridge,Champhai,Mizoram,2026-08-16 19:57:09,6.32,40.83,0.151,58.28,20.5,83.0,0.24,35.0,1678,23.47,93.32,31.86,Moderate
23,Champhai Border Ridge,Champhai,Mizoram,2026-08-17 19:57:09,6.18,19.95,0.295,55.69,16.8,75.2,0.36,35.0,1678,23.47,93.32,27.42,Moderate
23,Champhai Border Ridge,Champhai,Mizoram,2026-08-18 19:57:09,100.38,112.88,0.881,80.79,20.5,87.0,0.19,35.0,1678,23.47,93.32,55.81,High
23,Champhai Border Ridge,Champhai,Mizoram,2026-08-19 19:57:09,192.95,299.51,0.642,98.0,22.1,92.3,0.13,35.0,1678,23.47,93.32,75.14,Critical
23,Champhai Border Ridge,Champhai,Mizoram,2026-08-20 19:57:09,7.59,300.92,0.025,95.22,18.9,97.0,0.28,35.0,1678,23.47,93.32,57.4,High
23,Champhai Border Ridge,Champhai,Mizoram,2026-08-21 19:57:09,4.84,205.38,0.023,92.07,20.1,91.9,0.2,35.0,1678,23.47,93.32,52.38,High
23,Champhai Border Ridge,Champhai,Mizoram,2026-08-22 19:57:09,4.14,16.57,0.235,88.99,18.1,88.8,0.12,35.0,1678,23.47,93.32,37.06,Moderate
23,Champhai Border Ridge,Champhai,Mizoram,2026-08-23 19:57:09,2.5,11.48,0.201,85.23,22.1,90.5,0.12,35.0,1678,23.47,93.32,35.41,Moderate
23,Champhai Border Ridge,Champhai,Mizoram,2026-08-24 19:57:09,4.14,10.78,0.352,82.7,18.2,88.2,0.31,35.0,1678,23.47,93.32,36.02,Moderate
23,Champhai Border Ridge,Champhai,Mizoram,2026-08-25 19:57:09,1.11,7.75,0.127,79.27,18.4,89.6,0.22,35.0,1678,23.47,93.32,30.87,Moderate
23,Champhai Border Ridge,Champhai,Mizoram,2026-08-26 19:57:09,6.38,11.63,0.505,76.32,17.7,89.0,0.26,35.0,1678,23.47,93.32,33.8,Moderate
23,Champhai Border Ridge,Champhai,Mizoram,2026-08-27 19:57:09,61.35,68.84,0.878,91.65,21.6,88.9,0.2,35.0,1678,23.47,93.32,53.52,High
23,Champhai Border Ridge,Champhai,Mizoram,2026-08-28 19:57:09,41.48,109.21,0.376,98.0,18.2,95.0,0.06,35.0,1678,23.47,93.32,55.07,High
23,Champhai Border Ridge,Champhai,Mizoram,2026-08-29 19:57:09,2.02,104.85,0.019,94.08,21.5,97.8,2.25,35.0,1678,23.47,93.32,51.61,High
23,Champhai Border Ridge,Champhai,Mizoram,2026-08-30 19:57:09,7.42,50.92,0.143,91.45,22.6,92.8,0.23,35.0,1678,23.47,93.32,43.06,Moderate
23,Champhai Border Ridge,Champhai,Mizoram,2026-08-31 19:57:09,13.31,22.75,0.561,88.88,22.5,92.1,0.15,35.0,1678,23.47,93.32,45.16,Moderate
23,Champhai Border Ridge,Champhai,Mizoram,2026-09-01 19:57:09,21.77,42.5,0.5,86.47,21.4,85.8,0.11,35.0,1678,23.47,93.32,42.76,Moderate
23,Champhai Border Ridge,Champhai,Mizoram,2026-09-02 19:57:09,2.15,37.23,0.056,83.01,22.2,90.9,0.36,35.0,1678,23.47,93.32,38.56,Moderate
23,Champhai Border Ridge,Champhai,Mizoram,2026-09-03 19:57:09,0.08,24.0,0.003,80.67,20.4,86.0,0.09,35.0,1678,23.47,93.32,35.16,Moderate
23,Champhai Border Ridge,Champhai,Mizoram,2026-09-04 19:57:09,4.56,6.79,0.586,78.5,19.9,90.9,0.22,35.0,1678,23.47,93.32,37.74,Moderate
23,Champhai Border Ridge,Champhai,Mizoram,2026-09-05 19:57:09,1.76,6.4,0.238,74.99,21.6,83.3,0.38,35.0,1678,23.47,93.32,31.25,Moderate
23,Champhai Border Ridge,Champhai,Mizoram,2026-09-06 19:57:09,58.13,64.45,0.888,89.52,22.5,89.0,0.04,35.0,1678,23.47,93.32,47.01,Moderate
23,Champhai Border Ridge,Champhai,Mizoram,2026-09-07 19:57:09,198.35,258.24,0.765,98.0,17.9,93.9,0.07,35.0,1678,23.47,93.32,74.75,High
23,Champhai Border Ridge,Champhai,Mizoram,2026-09-08 19:57:09,110.85,367.33,0.301,98.0,17.3,91.7,0.23,35.0,1678,23.47,93.32,72.31,High
23,Champhai Border Ridge,Champhai,Mizoram,2026-09-09 19:57:09,3.09,312.29,0.01,95.97,17.2,89.4,0.18,35.0,1678,23.47,93.32,59.16,High
24,Wokha Mountain,Wokha,Nagaland,2026-06-12 19:57:09,4.92,12.3,0.37,42.33,21.7,72.5,0.2,32.8,1313,26.1,94.26,24.36,Low
24,Wokha Mountain,Wokha,Nagaland,2026-06-13 19:57:09,4.19,10.48,0.365,40.03,21.4,75.2,0.24,32.8,1313,26.1,94.26,24.43,Low
24,Wokha Mountain,Wokha,Nagaland,2026-06-14 19:57:09,5.63,14.74,0.358,37.03,22.6,71.7,0.08,32.8,1313,26.1,94.26,21.18,Low
24,Wokha Mountain,Wokha,Nagaland,2026-06-15 19:57:09,3.24,13.06,0.23,34.9,20.2,69.5,0.19,32.8,1313,26.1,94.26,20.3,Low
24,Wokha Mountain,Wokha,Nagaland,2026-06-16 19:57:09,70.79,79.66,0.878,52.6,19.9,80.4,0.32,32.8,1313,26.1,94.26,37.89,Moderate
24,Wokha Mountain,Wokha,Nagaland,2026-06-17 19:57:09,2.76,76.79,0.035,50.15,21.4,79.8,0.04,32.8,1313,26.1,94.26,25.05,Moderate
24,Wokha Mountain,Wokha,Nagaland,2026-06-18 19:57:09,1.83,75.38,0.024,47.73,24.4,76.5,0.34,32.8,1313,26.1,94.26,26.94,Moderate
24,Wokha Mountain,Wokha,Nagaland,2026-06-19 19:57:09,170.3,174.89,0.968,90.31,22.0,94.7,0.39,32.8,1313,26.1,94.26,70.01,High
24,Wokha Mountain,Wokha,Nagaland,2026-06-20 19:57:09,131.04,303.17,0.431,98.0,23.0,90.2,0.04,32.8,1313,26.1,94.26,69.22,High
24,Wokha Mountain,Wokha,Nagaland,2026-06-21 19:57:09,0.4,301.74,0.001,96.3,24.0,93.2,0.34,32.8,1313,26.1,94.26,53.46,High
24,Wokha Mountain,Wokha,Nagaland,2026-06-22 19:57:09,7.33,138.77,0.052,94.23,20.3,93.2,0.04,32.8,1313,26.1,94.26,45.85,Moderate
24,Wokha Mountain,Wokha,Nagaland,2026-06-23 19:57:09,52.55,60.28,0.858,98.0,23.1,98.8,0.07,32.8,1313,26.1,94.26,55.53,High
24,Wokha Mountain,Wokha,Nagaland,2026-06-24 19:57:09,7.54,67.42,0.11,94.26,19.9,96.1,0.29,32.8,1313,26.1,94.26,38.94,Moderate
24,Wokha Mountain,Wokha,Nagaland,2026-06-25 19:57:09,16.6,76.69,0.214,90.72,19.5,88.0,0.3,32.8,1313,26.1,94.26,36.41,Moderate
24,Wokha Mountain,Wokha,Nagaland,2026-06-26 19:57:09,1.22,25.36,0.046,86.89,19.9,85.5,0.31,32.8,1313,26.1,94.26,34.86,Moderate
24,Wokha Mountain,Wokha,Nagaland,2026-06-27 19:57:09,0.17,17.99,0.009,84.13,18.8,85.8,0.06,32.8,1313,26.1,94.26,31.21,Moderate
24,Wokha Mountain,Wokha,Nagaland,2026-06-28 19:57:09,66.01,67.4,0.965,98.0,23.4,95.0,0.1,32.8,1313,26.1,94.26,55.55,High
24,Wokha Mountain,Wokha,Nagaland,2026-06-29 19:57:09,17.14,83.32,0.203,95.88,22.3,96.1,0.15,32.8,1313,26.1,94.26,44.62,Moderate
24,Wokha Mountain,Wokha,Nagaland,2026-06-30 19:57:09,39.95,123.1,0.322,98.0,23.2,96.1,0.22,32.8,1313,26.1,94.26,49.54,Moderate
24,Wokha Mountain,Wokha,Nagaland,2026-07-01 19:57:09,4.2,61.29,0.067,94.09,24.1,91.5,0.29,32.8,1313,26.1,94.26,45.45,Moderate
24,Wokha Mountain,Wokha,Nagaland,2026-07-02 19:57:09,6.01,50.16,0.118,91.29,20.9,92.0,0.32,32.8,1313,26.1,94.26,40.89,Moderate
24,Wokha Mountain,Wokha,Nagaland,2026-07-03 19:57:09,48.99,59.2,0.814,98.0,20.6,92.3,0.16,32.8,1313,26.1,94.26,53.99,High
24,Wokha Mountain,Wokha,Nagaland,2026-07-04 19:57:09,2.99,57.99,0.051,95.71,19.6,88.7,0.26,32.8,1313,26.1,94.26,43.89,Moderate
24,Wokha Mountain,Wokha,Nagaland,2026-07-05 19:57:09,66.24,118.22,0.556,98.0,23.2,96.8,0.12,32.8,1313,26.1,94.26,52.46,High
24,Wokha Mountain,Wokha,Nagaland,2026-07-06 19:57:09,11.06,80.29,0.136,95.93,21.1,93.4,0.19,32.8,1313,26.1,94.26,46.89,Moderate
24,Wokha Mountain,Wokha,Nagaland,2026-07-07 19:57:09,3.71,81.01,0.045,93.39,18.7,97.2,0.37,32.8,1313,26.1,94.26,42.31,Moderate
24,Wokha Mountain,Wokha,Nagaland,2026-07-08 19:57:09,0.42,15.19,0.026,90.73,20.8,93.3,0.24,32.8,1313,26.1,94.26,39.07,Moderate
24,Wokha Mountain,Wokha,Nagaland,2026-07-09 19:57:09,129.67,133.8,0.962,98.0,21.5,94.1,0.35,32.8,1313,26.1,94.26,64.06,High
24,Wokha Mountain,Wokha,Nagaland,2026-07-10 19:57:09,147.12,277.21,0.529,98.0,20.5,91.2,0.07,32.8,1313,26.1,94.26,67.15,High
24,Wokha Mountain,Wokha,Nagaland,2026-07-11 19:57:09,1.17,277.96,0.004,94.72,20.1,88.4,0.21,32.8,1313,26.1,94.26,54.63,High
24,Wokha Mountain,Wokha,Nagaland,2026-07-12 19:57:09,36.22,184.51,0.195,98.0,23.2,93.9,0.11,32.8,1313,26.1,94.26,53.99,High
24,Wokha Mountain,Wokha,Nagaland,2026-07-13 19:57:09,43.6,80.99,0.532,98.0,19.2,93.7,0.31,32.8,1313,26.1,94.26,48.88,Moderate
24,Wokha Mountain,Wokha,Nagaland,2026-07-14 19:57:09,60.66,140.48,0.429,98.0,22.8,95.0,0.39,32.8,1313,26.1,94.26,52.72,High
24,Wokha Mountain,Wokha,Nagaland,2026-07-15 19:57:09,3.02,107.28,0.028,94.85,21.1,95.4,0.06,32.8,1313,26.1,94.26,46.99,Moderate
24,Wokha Mountain,Wokha,Nagaland,2026-07-16 19:57:09,0.75,64.43,0.011,92.39,20.8,87.8,0.38,32.8,1313,26.1,94.26,37.91,Moderate
24,Wokha Mountain,Wokha,Nagaland,2026-07-17 19:57:09,47.0,50.77,0.908,98.0,20.9,97.6,0.22,32.8,1313,26.1,94.26,57.73,High
24,Wokha Mountain,Wokha,Nagaland,2026-07-18 19:57:09,7.33,55.08,0.131,96.5,18.8,97.4,0.19,32.8,1313,26.1,94.26,40.71,Moderate
24,Wokha Mountain,Wokha,Nagaland,2026-07-19 19:57:09,40.44,94.77,0.422,98.0,24.3,98.5,0.03,32.8,1313,26.1,94.26,51.75,High
24,Wokha Mountain,Wokha,Nagaland,2026-07-20 19:57:09,7.2,54.97,0.129,94.96,24.3,96.7,0.1,32.8,1313,26.1,94.26,41.24,Moderate
24,Wokha Mountain,Wokha,Nagaland,2026-07-21 19:57:09,7.11,54.75,0.128,91.42,20.4,93.6,0.27,32.8,1313,26.1,94.26,41.93,Moderate
24,Wokha Mountain,Wokha,Nagaland,2026-07-22 19:57:09,4.72,19.03,0.236,88.22,23.3,93.7,0.33,32.8,1313,26.1,94.26,35.55,Moderate
24,Wokha Mountain,Wokha,Nagaland,2026-07-23 19:57:09,2.18,14.01,0.145,84.37,20.2,94.3,0.02,32.8,1313,26.1,94.26,33.95,Moderate
24,Wokha Mountain,Wokha,Nagaland,2026-07-24 19:57:09,6.41,13.31,0.448,82.22,23.4,89.3,0.09,32.8,1313,26.1,94.26,35.42,Moderate
24,Wokha Mountain,Wokha,Nagaland,2026-07-25 19:57:09,3.71,12.3,0.279,80.34,19.0,88.5,0.3,32.8,1313,26.1,94.26,30.41,Moderate
24,Wokha Mountain,Wokha,Nagaland,2026-07-26 19:57:09,2.65,12.77,0.192,78.64,19.4,87.3,0.03,32.8,1313,26.1,94.26,33.73,Moderate
24,Wokha Mountain,Wokha,Nagaland,2026-07-27 19:57:09,7.11,13.47,0.492,76.05,23.3,83.2,0.01,32.8,1313,26.1,94.26,31.95,Moderate
24,Wokha Mountain,Wokha,Nagaland,2026-07-28 19:57:09,0.95,10.71,0.081,73.96,23.7,85.8,0.24,32.8,1313,26.1,94.26,29.34,Moderate
24,Wokha Mountain,Wokha,Nagaland,2026-07-29 19:57:09,136.74,144.8,0.938,98.0,23.5,92.2,0.07,32.8,1313,26.1,94.26,64.98,High
24,Wokha Mountain,Wokha,Nagaland,2026-07-30 19:57:09,102.29,239.98,0.424,98.0,20.4,93.1,0.03,32.8,1313,26.1,94.26,57.22,High
24,Wokha Mountain,Wokha,Nagaland,2026-07-31 19:57:09,0.07,239.1,0.0,95.15,21.4,89.2,0.32,32.8,1313,26.1,94.26,50.4,High
24,Wokha Mountain,Wokha,Nagaland,2026-08-01 19:57:09,7.93,110.29,0.071,93.64,19.5,89.1,0.15,32.8,1313,26.1,94.26,50.3,High
24,Wokha Mountain,Wokha,Nagaland,2026-08-02 19:57:09,6.61,14.61,0.424,91.25,21.9,87.3,0.13,32.8,1313,26.1,94.26,41.34,Moderate
24,Wokha Mountain,Wokha,Nagaland,2026-08-03 19:57:09,47.89,62.43,0.755,98.0,24.4,95.4,0.08,32.8,1313,26.1,94.26,52.59,High
24,Wokha Mountain,Wokha,Nagaland,2026-08-04 19:57:09,35.41,89.91,0.389,98.0,24.4,90.4,0.25,32.8,1313,26.1,94.26,48.6,Moderate
24,Wokha Mountain,Wokha,Nagaland,2026-08-05 19:57:09,6.65,89.95,0.073,95.79,18.8,94.6,0.26,32.8,1313,26.1,94.26,44.39,Moderate
24,Wokha Mountain,Wokha,Nagaland,2026-08-06 19:57:09,0.77,42.83,0.018,92.77,22.6,87.8,0.27,32.8,1313,26.1,94.26,41.23,Moderate
24,Wokha Mountain,Wokha,Nagaland,2026-08-07 19:57:09,6.48,13.9,0.435,90.38,21.5,89.6,0.16,32.8,1313,26.1,94.26,36.08,Moderate
24,Wokha Mountain,Wokha,Nagaland,2026-08-08 19:57:09,1.88,9.13,0.186,86.41,20.3,88.5,0.06,32.8,1313,26.1,94.26,37.82,Moderate
24,Wokha Mountain,Wokha,Nagaland,2026-08-09 19:57:09,15.16,23.52,0.618,83.45,19.1,85.3,0.06,32.8,1313,26.1,94.26,40.71,Moderate
24,Wokha Mountain,Wokha,Nagaland,2026-08-10 19:57:09,60.07,77.11,0.769,98.0,22.6,95.1,0.17,32.8,1313,26.1,94.26,56.6,High
24,Wokha Mountain,Wokha,Nagaland,2026-08-11 19:57:09,51.88,127.11,0.405,98.0,24.1,94.8,0.37,32.8,1313,26.1,94.26,54.17,High
24,Wokha Mountain,Wokha,Nagaland,2026-08-12 19:57:09,40.76,152.71,0.265,98.0,18.6,90.9,0.03,32.8,1313,26.1,94.26,51.92,High
24,Wokha Mountain,Wokha,Nagaland,2026-08-13 19:57:09,65.45,158.09,0.411,98.0,19.9,91.2,0.26,32.8,1313,26.1,94.26,57.59,High
24,Wokha Mountain,Wokha,Nagaland,2026-08-14 19:57:09,5.67,111.88,0.05,95.69,19.2,91.8,0.17,32.8,1313,26.1,94.26,46.67,Moderate
24,Wokha Mountain,Wokha,Nagaland,2026-08-15 19:57:09,7.32,78.44,0.092,92.77,22.6,87.5,0.38,32.8,1313,26.1,94.26,41.55,Moderate
24,Wokha Mountain,Wokha,Nagaland,2026-08-16 19:57:09,3.9,16.89,0.218,88.8,19.3,94.9,0.24,32.8,1313,26.1,94.26,35.46,Moderate
24,Wokha Mountain,Wokha,Nagaland,2026-08-17 19:57:09,7.26,18.48,0.373,85.5,20.9,92.6,0.28,32.8,1313,26.1,94.26,36.8,Moderate
24,Wokha Mountain,Wokha,Nagaland,2026-08-18 19:57:09,192.03,203.19,0.94,98.0,20.7,89.3,0.33,32.8,1313,26.1,94.26,75.86,Critical
24,Wokha Mountain,Wokha,Nagaland,2026-08-19 19:57:09,150.15,349.44,0.428,98.0,19.7,92.6,0.29,32.8,1313,26.1,94.26,68.56,High
24,Wokha Mountain,Wokha,Nagaland,2026-08-20 19:57:09,4.25,346.43,0.012,94.28,24.4,94.1,0.17,32.8,1313,26.1,94.26,50.05,High
24,Wokha Mountain,Wokha,Nagaland,2026-08-21 19:57:09,6.4,160.8,0.04,91.64,22.7,92.5,0.3,32.8,1313,26.1,94.26,46.2,Moderate
24,Wokha Mountain,Wokha,Nagaland,2026-08-22 19:57:09,31.62,42.27,0.731,98.0,20.9,95.6,0.19,32.8,1313,26.1,94.26,49.98,Moderate
24,Wokha Mountain,Wokha,Nagaland,2026-08-23 19:57:09,7.43,45.45,0.16,94.21,22.1,90.3,0.24,32.8,1313,26.1,94.26,41.79,Moderate
24,Wokha Mountain,Wokha,Nagaland,2026-08-24 19:57:09,2.4,41.45,0.057,91.08,18.7,89.2,0.1,32.8,1313,26.1,94.26,39.56,Moderate
24,Wokha Mountain,Wokha,Nagaland,2026-08-25 19:57:09,4.25,14.08,0.282,89.48,24.1,90.8,0.17,32.8,1313,26.1,94.26,36.49,Moderate
24,Wokha Mountain,Wokha,Nagaland,2026-08-26 19:57:09,6.42,13.07,0.456,87.3,23.3,91.0,0.2,32.8,1313,26.1,94.26,41.49,Moderate
24,Wokha Mountain,Wokha,Nagaland,2026-08-27 19:57:09,6.36,17.03,0.353,84.2,20.3,90.5,0.4,32.8,1313,26.1,94.26,31.75,Moderate
24,Wokha Mountain,Wokha,Nagaland,2026-08-28 19:57:09,52.98,65.76,0.794,97.45,20.2,90.3,0.4,32.8,1313,26.1,94.26,51.69,High
24,Wokha Mountain,Wokha,Nagaland,2026-08-29 19:57:09,2.63,61.97,0.042,94.58,19.6,95.0,0.26,32.8,1313,26.1,94.26,41.65,Moderate
24,Wokha Mountain,Wokha,Nagaland,2026-08-30 19:57:09,0.17,55.78,0.003,92.76,22.9,90.0,0.27,32.8,1313,26.1,94.26,36.33,Moderate
24,Wokha Mountain,Wokha,Nagaland,2026-08-31 19:57:09,7.25,10.05,0.656,90.75,19.4,87.7,0.12,32.8,1313,26.1,94.26,40.84,Moderate
24,Wokha Mountain,Wokha,Nagaland,2026-09-01 19:57:09,4.39,11.81,0.343,89.08,24.3,94.9,0.0,32.8,1313,26.1,94.26,41.23,Moderate
24,Wokha Mountain,Wokha,Nagaland,2026-09-02 19:57:09,60.61,72.25,0.827,98.0,23.2,98.7,0.05,32.8,1313,26.1,94.26,55.16,High
24,Wokha Mountain,Wokha,Nagaland,2026-09-03 19:57:09,0.97,65.97,0.015,94.59,23.1,92.8,0.27,32.8,1313,26.1,94.26,42.54,Moderate
24,Wokha Mountain,Wokha,Nagaland,2026-09-04 19:57:09,0.67,62.25,0.011,91.11,20.6,90.8,0.38,32.8,1313,26.1,94.26,36.99,Moderate
24,Wokha Mountain,Wokha,Nagaland,2026-09-05 19:57:09,7.29,8.93,0.734,88.06,24.3,93.5,0.06,32.8,1313,26.1,94.26,39.13,Moderate
24,Wokha Mountain,Wokha,Nagaland,2026-09-06 19:57:09,4.18,12.14,0.318,84.84,19.6,94.6,0.14,32.8,1313,26.1,94.26,33.99,Moderate
24,Wokha Mountain,Wokha,Nagaland,2026-09-07 19:57:09,127.63,139.1,0.911,98.0,20.8,96.9,0.2,32.8,1313,26.1,94.26,65.31,High
24,Wokha Mountain,Wokha,Nagaland,2026-09-08 19:57:09,193.65,325.46,0.593,98.0,19.7,91.2,0.31,32.8,1313,26.1,94.26,76.54,Critical
24,Wokha Mountain,Wokha,Nagaland,2026-09-09 19:57:09,0.54,321.82,0.002,94.02,19.8,94.5,0.2,32.8,1313,26.1,94.26,54.64,High
25,Senapati Valley Slope,Senapati,Manipur,2026-06-12 19:57:09,5.14,12.85,0.371,43.42,19.0,74.7,2.65,36.4,1245,25.26,94.01,28.56,Moderate
25,Senapati Valley Slope,Senapati,Manipur,2026-06-13 19:57:09,7.47,18.68,0.38,40.3,21.3,77.5,0.34,36.4,1245,25.26,94.01,25.8,Moderate
25,Senapati Valley Slope,Senapati,Manipur,2026-06-14 19:57:09,64.8,77.41,0.826,56.5,22.3,80.4,0.05,36.4,1245,25.26,94.01,43.01,Moderate
25,Senapati Valley Slope,Senapati,Manipur,2026-06-15 19:57:09,7.97,80.24,0.098,53.18,20.8,79.9,3.8,36.4,1245,25.26,94.01,44.02,Moderate
25,Senapati Valley Slope,Senapati,Manipur,2026-06-16 19:57:09,2.5,75.27,0.033,49.63,20.5,81.0,0.12,36.4,1245,25.26,94.01,32.4,Moderate
25,Senapati Valley Slope,Senapati,Manipur,2026-06-17 19:57:09,1.1,11.57,0.087,47.48,21.1,73.1,0.16,36.4,1245,25.26,94.01,22.12,Low
25,Senapati Valley Slope,Senapati,Manipur,2026-06-18 19:57:09,44.51,48.11,0.906,58.61,19.2,78.6,0.01,36.4,1245,25.26,94.01,37.63,Moderate
25,Senapati Valley Slope,Senapati,Manipur,2026-06-19 19:57:09,217.38,262.99,0.823,98.0,20.7,96.4,0.37,36.4,1245,25.26,94.01,73.5,High
25,Senapati Valley Slope,Senapati,Manipur,2026-06-20 19:57:09,164.41,426.3,0.385,98.0,23.9,92.9,0.11,36.4,1245,25.26,94.01,73.25,High
25,Senapati Valley Slope,Senapati,Manipur,2026-06-21 19:57:09,7.11,388.9,0.018,96.04,20.0,96.6,0.11,36.4,1245,25.26,94.01,58.82,High
25,Senapati Valley Slope,Senapati,Manipur,2026-06-22 19:57:09,4.4,175.92,0.025,93.19,23.9,95.7,0.23,36.4,1245,25.26,94.01,52.29,High
25,Senapati Valley Slope,Senapati,Manipur,2026-06-23 19:57:09,2.38,13.89,0.16,90.31,20.6,95.6,0.02,36.4,1245,25.26,94.01,39.74,Moderate
25,Senapati Valley Slope,Senapati,Manipur,2026-06-24 19:57:09,3.36,10.14,0.302,87.16,20.4,86.0,0.38,36.4,1245,25.26,94.01,37.91,Moderate
25,Senapati Valley Slope,Senapati,Manipur,2026-06-25 19:57:09,0.85,6.59,0.113,84.47,21.6,88.2,0.11,36.4,1245,25.26,94.01,37.11,Moderate
25,Senapati Valley Slope,Senapati,Manipur,2026-06-26 19:57:09,4.49,8.7,0.463,80.99,19.3,85.0,0.23,36.4,1245,25.26,94.01,35.33,Moderate
25,Senapati Valley Slope,Senapati,Manipur,2026-06-27 19:57:09,5.05,10.39,0.443,79.44,20.1,89.9,0.38,36.4,1245,25.26,94.01,42.11,Moderate
25,Senapati Valley Slope,Senapati,Manipur,2026-06-28 19:57:09,4.08,13.62,0.279,75.47,18.8,86.6,0.32,36.4,1245,25.26,94.01,29.82,Moderate
25,Senapati Valley Slope,Senapati,Manipur,2026-06-29 19:57:09,1.5,10.63,0.129,72.6,19.1,82.5,0.08,36.4,1245,25.26,94.01,32.55,Moderate
25,Senapati Valley Slope,Senapati,Manipur,2026-06-30 19:57:09,2.75,8.33,0.295,70.09,22.3,88.6,0.1,36.4,1245,25.26,94.01,36.25,Moderate
25,Senapati Valley Slope,Senapati,Manipur,2026-07-01 19:57:09,1.0,5.25,0.16,67.54,22.7,83.6,0.16,36.4,1245,25.26,94.01,30.03,Moderate
25,Senapati Valley Slope,Senapati,Manipur,2026-07-02 19:57:09,26.44,30.19,0.848,65.72,19.9,84.4,0.27,36.4,1245,25.26,94.01,38.31,Moderate
25,Senapati Valley Slope,Senapati,Manipur,2026-07-03 19:57:09,12.61,40.05,0.307,61.72,23.2,83.9,0.05,36.4,1245,25.26,94.01,30.12,Moderate
25,Senapati Valley Slope,Senapati,Manipur,2026-07-04 19:57:09,72.36,111.41,0.644,79.81,22.2,89.5,0.33,36.4,1245,25.26,94.01,50.32,High
25,Senapati Valley Slope,Senapati,Manipur,2026-07-05 19:57:09,16.95,101.92,0.165,77.8,19.6,89.5,0.35,36.4,1245,25.26,94.01,43.94,Moderate
25,Senapati Valley Slope,Senapati,Manipur,2026-07-06 19:57:09,3.29,92.6,0.035,74.65,22.9,85.6,0.25,36.4,1245,25.26,94.01,31.77,Moderate
25,Senapati Valley Slope,Senapati,Manipur,2026-07-07 19:57:09,32.96,53.2,0.608,82.89,24.0,92.6,0.2,36.4,1245,25.26,94.01,48.56,Moderate
25,Senapati Valley Slope,Senapati,Manipur,2026-07-08 19:57:09,3.5,39.75,0.086,80.76,21.4,84.9,0.33,36.4,1245,25.26,94.01,33.7,Moderate
25,Senapati Valley Slope,Senapati,Manipur,2026-07-09 19:57:09,184.77,221.23,0.831,98.0,21.9,91.3,0.11,36.4,1245,25.26,94.01,73.69,High
25,Senapati Valley Slope,Senapati,Manipur,2026-07-10 19:57:09,119.68,307.95,0.387,98.0,19.8,97.0,0.31,36.4,1245,25.26,94.01,69.95,High
25,Senapati Valley Slope,Senapati,Manipur,2026-07-11 19:57:09,39.54,343.99,0.115,98.0,20.6,91.5,0.35,36.4,1245,25.26,94.01,63.67,High
25,Senapati Valley Slope,Senapati,Manipur,2026-07-12 19:57:09,7.71,166.93,0.046,95.83,21.7,92.9,0.31,36.4,1245,25.26,94.01,47.16,Moderate
25,Senapati Valley Slope,Senapati,Manipur,2026-07-13 19:57:09,3.08,50.33,0.06,91.86,22.1,93.6,0.11,36.4,1245,25.26,94.01,43.79,Moderate
25,Senapati Valley Slope,Senapati,Manipur,2026-07-14 19:57:09,2.04,12.83,0.147,90.11,23.9,91.7,0.16,36.4,1245,25.26,94.01,44.9,Moderate
25,Senapati Valley Slope,Senapati,Manipur,2026-07-15 19:57:09,72.22,77.34,0.922,98.0,19.4,98.3,0.1,36.4,1245,25.26,94.01,56.88,High
25,Senapati Valley Slope,Senapati,Manipur,2026-07-16 19:57:09,7.45,81.71,0.09,94.36,22.2,97.3,0.25,36.4,1245,25.26,94.01,46.51,Moderate
25,Senapati Valley Slope,Senapati,Manipur,2026-07-17 19:57:09,0.03,79.7,0.0,90.46,20.7,93.6,0.23,36.4,1245,25.26,94.01,41.57,Moderate
25,Senapati Valley Slope,Senapati,Manipur,2026-07-18 19:57:09,22.57,30.05,0.727,88.69,20.6,93.7,0.32,36.4,1245,25.26,94.01,47.58,Moderate
25,Senapati Valley Slope,Senapati,Manipur,2026-07-19 19:57:09,5.03,27.63,0.176,85.52,24.5,90.6,0.15,36.4,1245,25.26,94.01,38.76,Moderate
25,Senapati Valley Slope,Senapati,Manipur,2026-07-20 19:57:09,7.12,34.72,0.199,83.21,23.9,87.7,0.21,36.4,1245,25.26,94.01,36.69,Moderate
25,Senapati Valley Slope,Senapati,Manipur,2026-07-21 19:57:09,3.45,15.6,0.208,80.3,22.9,84.1,0.09,36.4,1245,25.26,94.01,36.83,Moderate
25,Senapati Valley Slope,Senapati,Manipur,2026-07-22 19:57:09,1.64,12.21,0.124,77.77,24.8,82.9,0.39,36.4,1245,25.26,94.01,39.05,Moderate
25,Senapati Valley Slope,Senapati,Manipur,2026-07-23 19:57:09,1.09,6.18,0.151,74.42,20.1,82.0,0.37,36.4,1245,25.26,94.01,32.35,Moderate
25,Senapati Valley Slope,Senapati,Manipur,2026-07-24 19:57:09,7.93,10.66,0.68,71.32,24.1,88.9,0.37,36.4,1245,25.26,94.01,38.16,Moderate
25,Senapati Valley Slope,Senapati,Manipur,2026-07-25 19:57:09,0.75,9.77,0.069,69.19,22.4,86.7,0.1,36.4,1245,25.26,94.01,27.51,Moderate
25,Senapati Valley Slope,Senapati,Manipur,2026-07-26 19:57:09,2.22,10.9,0.186,67.27,23.3,85.8,0.2,36.4,1245,25.26,94.01,27.98,Moderate
25,Senapati Valley Slope,Senapati,Manipur,2026-07-27 19:57:09,6.37,9.34,0.616,63.55,19.4,82.3,0.23,36.4,1245,25.26,94.01,33.85,Moderate
25,Senapati Valley Slope,Senapati,Manipur,2026-07-28 19:57:09,55.26,63.85,0.852,77.37,24.4,89.6,0.07,36.4,1245,25.26,94.01,51.21,High
25,Senapati Valley Slope,Senapati,Manipur,2026-07-29 19:57:09,183.45,245.08,0.745,98.0,24.7,95.0,0.08,36.4,1245,25.26,94.01,75.56,Critical
25,Senapati Valley Slope,Senapati,Manipur,2026-07-30 19:57:09,195.12,433.83,0.449,98.0,20.2,89.8,0.33,36.4,1245,25.26,94.01,73.92,High
25,Senapati Valley Slope,Senapati,Manipur,2026-07-31 19:57:09,29.17,407.74,0.071,96.35,21.5,94.9,3.54,36.4,1245,25.26,94.01,69.96,High
25,Senapati Valley Slope,Senapati,Manipur,2026-08-01 19:57:09,2.93,227.22,0.013,92.96,23.3,95.9,0.28,36.4,1245,25.26,94.01,49.06,Moderate
25,Senapati Valley Slope,Senapati,Manipur,2026-08-02 19:57:09,1.27,33.37,0.037,90.51,19.8,87.0,0.34,36.4,1245,25.26,94.01,42.7,Moderate
25,Senapati Valley Slope,Senapati,Manipur,2026-08-03 19:57:09,0.68,4.88,0.115,88.62,19.2,90.2,0.28,36.4,1245,25.26,94.01,40.92,Moderate
25,Senapati Valley Slope,Senapati,Manipur,2026-08-04 19:57:09,56.39,58.34,0.95,98.0,23.1,98.1,0.36,36.4,1245,25.26,94.01,57.18,High
25,Senapati Valley Slope,Senapati,Manipur,2026-08-05 19:57:09,7.7,64.77,0.117,95.04,20.8,92.8,0.24,36.4,1245,25.26,94.01,44.38,Moderate
25,Senapati Valley Slope,Senapati,Manipur,2026-08-06 19:57:09,1.72,65.81,0.026,92.41,19.8,95.7,0.13,36.4,1245,25.26,94.01,44.23,Moderate
25,Senapati Valley Slope,Senapati,Manipur,2026-08-07 19:57:09,7.41,16.83,0.416,88.92,23.8,88.1,0.31,36.4,1245,25.26,94.01,40.23,Moderate
25,Senapati Valley Slope,Senapati,Manipur,2026-08-08 19:57:09,0.73,9.86,0.067,85.96,23.6,86.4,0.29,36.4,1245,25.26,94.01,37.58,Moderate
25,Senapati Valley Slope,Senapati,Manipur,2026-08-09 19:57:09,6.86,15.0,0.429,83.06,21.1,90.6,0.33,36.4,1245,25.26,94.01,43.9,Moderate
25,Senapati Valley Slope,Senapati,Manipur,2026-08-10 19:57:09,21.69,29.28,0.716,79.37,23.6,85.2,0.34,36.4,1245,25.26,94.01,41.53,Moderate
25,Senapati Valley Slope,Senapati,Manipur,2026-08-11 19:57:09,0.59,29.14,0.02,76.53,19.3,87.0,0.1,36.4,1245,25.26,94.01,33.56,Moderate
25,Senapati Valley Slope,Senapati,Manipur,2026-08-12 19:57:09,6.62,28.9,0.222,74.92,21.7,89.6,0.32,36.4,1245,25.26,94.01,33.02,Moderate
25,Senapati Valley Slope,Senapati,Manipur,2026-08-13 19:57:09,0.72,7.93,0.08,73.05,21.4,84.8,0.03,36.4,1245,25.26,94.01,33.88,Moderate
25,Senapati Valley Slope,Senapati,Manipur,2026-08-14 19:57:09,3.69,11.03,0.307,69.84,24.7,82.8,1.83,36.4,1245,25.26,94.01,34.62,Moderate
25,Senapati Valley Slope,Senapati,Manipur,2026-08-15 19:57:09,53.22,57.63,0.908,83.15,18.9,92.2,2.57,36.4,1245,25.26,94.01,54.51,High
25,Senapati Valley Slope,Senapati,Manipur,2026-08-16 19:57:09,6.46,63.37,0.1,80.18,19.3,85.0,0.04,36.4,1245,25.26,94.01,41.53,Moderate
25,Senapati Valley Slope,Senapati,Manipur,2026-08-17 19:57:09,4.31,63.99,0.066,77.75,23.5,89.7,0.29,36.4,1245,25.26,94.01,40.8,Moderate
25,Senapati Valley Slope,Senapati,Manipur,2026-08-18 19:57:09,218.38,229.15,0.949,98.0,20.7,96.0,0.2,36.4,1245,25.26,94.01,74.51,High
25,Senapati Valley Slope,Senapati,Manipur,2026-08-19 19:57:09,120.58,343.27,0.35,98.0,20.5,90.9,0.06,36.4,1245,25.26,94.01,65.84,High
25,Senapati Valley Slope,Senapati,Manipur,2026-08-20 19:57:09,4.32,343.28,0.013,95.78,21.9,96.2,0.33,36.4,1245,25.26,94.01,59.99,High
25,Senapati Valley Slope,Senapati,Manipur,2026-08-21 19:57:09,4.97,129.87,0.038,94.18,21.1,88.4,0.01,36.4,1245,25.26,94.01,46.21,Moderate
25,Senapati Valley Slope,Senapati,Manipur,2026-08-22 19:57:09,0.02,9.31,0.002,92.02,20.2,90.7,0.14,36.4,1245,25.26,94.01,42.36,Moderate
25,Senapati Valley Slope,Senapati,Manipur,2026-08-23 19:57:09,4.24,9.23,0.414,89.51,22.2,88.7,0.11,36.4,1245,25.26,94.01,35.76,Moderate
25,Senapati Valley Slope,Senapati,Manipur,2026-08-24 19:57:09,30.91,35.17,0.855,97.24,22.7,92.7,0.31,36.4,1245,25.26,94.01,55.41,High
25,Senapati Valley Slope,Senapati,Manipur,2026-08-25 19:57:09,0.33,35.48,0.009,93.95,22.5,88.4,0.16,36.4,1245,25.26,94.01,39.69,Moderate
25,Senapati Valley Slope,Senapati,Manipur,2026-08-26 19:57:09,4.47,35.71,0.122,90.91,23.5,87.0,0.25,36.4,1245,25.26,94.01,43.53,Moderate
25,Senapati Valley Slope,Senapati,Manipur,2026-08-27 19:57:09,7.4,12.2,0.561,88.94,19.2,88.8,0.05,36.4,1245,25.26,94.01,42.35,Moderate
25,Senapati Valley Slope,Senapati,Manipur,2026-08-28 19:57:09,6.68,18.55,0.342,87.13,22.1,90.8,3.3,36.4,1245,25.26,94.01,46.1,Moderate
25,Senapati Valley Slope,Senapati,Manipur,2026-08-29 19:57:09,6.86,20.94,0.313,85.19,24.5,89.8,0.21,36.4,1245,25.26,94.01,37.58,Moderate
25,Senapati Valley Slope,Senapati,Manipur,2026-08-30 19:57:09,6.11,19.65,0.296,82.37,19.2,86.5,0.03,36.4,1245,25.26,94.01,38.65,Moderate
25,Senapati Valley Slope,Senapati,Manipur,2026-08-31 19:57:09,4.95,17.92,0.262,80.13,19.8,88.8,0.29,36.4,1245,25.26,94.01,36.26,Moderate
25,Senapati Valley Slope,Senapati,Manipur,2026-09-01 19:57:09,1.27,12.33,0.095,78.02,21.3,89.5,0.29,36.4,1245,25.26,94.01,35.94,Moderate
25,Senapati Valley Slope,Senapati,Manipur,2026-09-02 19:57:09,1.71,7.93,0.192,75.75,23.4,82.3,0.33,36.4,1245,25.26,94.01,38.38,Moderate
25,Senapati Valley Slope,Senapati,Manipur,2026-09-03 19:57:09,7.86,10.84,0.664,73.28,20.9,88.1,0.35,36.4,1245,25.26,94.01,33.0,Moderate
25,Senapati Valley Slope,Senapati,Manipur,2026-09-04 19:57:09,36.21,45.78,0.774,82.33,20.1,90.6,0.27,36.4,1245,25.26,94.01,50.22,High
25,Senapati Valley Slope,Senapati,Manipur,2026-09-05 19:57:09,7.67,51.74,0.145,78.55,18.9,83.3,0.16,36.4,1245,25.26,94.01,37.43,Moderate
25,Senapati Valley Slope,Senapati,Manipur,2026-09-06 19:57:09,2.32,46.2,0.049,75.61,23.7,86.5,0.31,36.4,1245,25.26,94.01,33.09,Moderate
25,Senapati Valley Slope,Senapati,Manipur,2026-09-07 19:57:09,182.31,192.3,0.943,98.0,21.0,94.9,0.07,36.4,1245,25.26,94.01,70.68,High
25,Senapati Valley Slope,Senapati,Manipur,2026-09-08 19:57:09,217.52,402.15,0.54,98.0,20.8,99.0,0.33,36.4,1245,25.26,94.01,75.14,Critical
25,Senapati Valley Slope,Senapati,Manipur,2026-09-09 19:57:09,54.74,454.57,0.12,98.0,19.0,96.2,0.34,36.4,1245,25.26,94.01,66.01,High
